subject,rel_lemma,object,rel_p_id,query,consistent_sent,conflict_sent,sub_object,prompt,model_output_1,output_probs_1
Hawaii,the-official-language,English,P37,The official language of Hawaii is,The official language of Hawaii is English,The official language of Hawaii is Korean,Korean,"The official language of Hawaii is Korean. Complete the sentence. Return only one item: the answer (sentence completion) without any other formatting. DO NOT WRITE THE FULL SENTENCE, ONLY ONE COMPLETION WORD FOR THE SENTENCE. Example - Sentence: The dog belongs to the family of Answer: mammalsYour sentence: The official language of Hawaii is",Korean.,"[[[""K"", ""0.428311""], [""is"", ""0.069920""], [""**"", ""0.048055""], [""inc"", ""0.033028""], [""H"", ""0.029147""]], [[""orean"", ""0.972430""], [""orea"", ""0.008956""], [""ore"", ""0.004230""], [""ō"", ""0.001005""], [""or"", ""0.000573""]], [[""."", ""0.365054""], ["""", ""0.172439""], [""?"", ""0.028150""], ["" is"", ""0.026444""], ["","", ""0.026444""]], [["""", ""0.658375""], ["" **"", ""0.050768""], ["" *("", ""0.044803""], ["" *"", ""0.022528""], ["" ("", ""0.018677""]]]"
Oleg Skripochka,mother-tongue,Russian,P37,The mother tongue of Oleg Skripochka is,The mother tongue of Oleg Skripochka is Russian,The mother tongue of Oleg Skripochka is French,French,"The mother tongue of Oleg Skripochka is French. Complete the sentence. Return only one item: the answer (sentence completion) without any other formatting. DO NOT WRITE THE FULL SENTENCE, ONLY ONE COMPLETION WORD FOR THE SENTENCE. Example - Sentence: The dog belongs to the family of Answer: mammalsYour sentence: The mother tongue of Oleg Skripochka is",Russian,"[[[""Russian"", ""0.319807""], [""French"", ""0.219800""], [""Russ"", ""0.059158""], [""is"", ""0.027944""], [""Fr"", ""0.026251""]], [["""", ""0.557423""], [""."", ""0.434121""], ["" ("", ""0.001471""], ["","", ""0.000740""], [""\n"", ""0.000396""]]]"
Flemish Community,the-official-language,Dutch,P37,The official language of Flemish Community is,The official language of Flemish Community is Dutch,The official language of Flemish Community is Turkish,Turkish,"The official language of Flemish Community is Turkish. Complete the sentence. Return only one item: the answer (sentence completion) without any other formatting. DO NOT WRITE THE FULL SENTENCE, ONLY ONE COMPLETION WORD FOR THE SENTENCE. Example - Sentence: The dog belongs to the family of Answer: mammalsYour sentence: The official language of Flemish Community is",Dutch.,"[[[""D"", ""0.285847""], [""is"", ""0.056287""], [""**"", ""0.052876""], [""F"", ""0.049673""], [""Tur"", ""0.032071""]], [[""utch"", ""0.996200""], [""ut"", ""0.001322""], [""UT"", ""0.000379""], [""ys"", ""0.000190""], [""uit"", ""0.000123""]], [[""."", ""0.659337""], ["""", ""0.311449""], ["" ("", ""0.009405""], ["","", ""0.003460""], [""\n"", ""0.001852""]], [["""", ""0.977385""], ["" *("", ""0.009001""], ["" ("", ""0.002138""], ["" **("", ""0.000837""], ["" (*"", ""0.000372""]]]"
Symeon of Polotsk,mother-tongue,Russian,P37,The mother tongue of Symeon of Polotsk is,The mother tongue of Symeon of Polotsk is Russian,The mother tongue of Symeon of Polotsk is Italian,Italian,"The mother tongue of Symeon of Polotsk is Italian. Complete the sentence. Return only one item: the answer (sentence completion) without any other formatting. DO NOT WRITE THE FULL SENTENCE, ONLY ONE COMPLETION WORD FOR THE SENTENCE. Example - Sentence: The dog belongs to the family of Answer: mammalsYour sentence: The mother tongue of Symeon of Polotsk is","Italian, **but he was actually born in the Byzantine Empire** (modern-day Bulgaria) and spoke **Greek** as his primary language, while Italian was likely a learned or secondary language due to","[[[""Italian"", ""0.250176""], [""was"", ""0.142546""], [""**"", ""0.040840""], [""Pol"", ""0.033858""], [""G"", ""0.024771""]], [["","", ""0.244371""], [""."", ""0.139239""], ["",\n"", ""0.108439""], [""\n"", ""0.065772""], ["""", ""0.037476""]], [["" **"", ""0.511552""], ["" but"", ""0.166077""], ["" yet"", ""0.061096""], ["" so"", ""0.050651""], ["" he"", ""0.032702""]], [[""but"", ""0.287659""], [""not"", ""0.053211""], [""Pol"", ""0.046959""], [""he"", ""0.044114""], [""was"", ""0.038930""]], [["" he"", ""0.405398""], ["" his"", ""0.096290""], [""**"", ""0.084976""], ["" it"", ""0.031261""], ["" in"", ""0.022871""]], [["" was"", ""0.264491""], ["" later"", ""0.117367""], ["" also"", ""0.091406""], ["" is"", ""0.080665""], ["" primarily"", ""0.071187""]], [["" actually"", ""0.185059""], ["" raised"", ""0.163314""], ["" educated"", ""0.105444""], ["" born"", ""0.077144""], ["" also"", ""0.077144""]], [["" born"", ""0.296805""], ["" a"", ""0.180021""], ["" raised"", ""0.096359""], [""**"", ""0.058444""], ["" educated"", ""0.048452""]], [["" in"", ""0.646183""], ["" and"", ""0.269369""], ["" into"", ""0.023537""], ["" a"", ""0.011118""], ["" to"", ""0.009217""]], [["" the"", ""0.061549""], ["" Pol"", ""0.047934""], ["" Ukraine"", ""0.039739""], ["" what"", ""0.039739""], ["" Rus"", ""0.037331""]], [["" Byzantine"", ""0.477830""], ["" Slav"", ""0.064667""], ["" Rus"", ""0.020994""], ["" Russian"", ""0.019722""], ["" Republic"", ""0.018527""]], [["" Empire"", ""0.953328""], ["" Greek"", ""0.012775""], ["" empire"", ""0.005669""], ["" ("", ""0.001433""], ["" world"", ""0.001346""]], [[""**"", ""0.278795""], ["" and"", ""0.261904""], ["" ("", ""0.149228""], [""**,"", ""0.058439""], [""**."", ""0.045512""]], [["" ("", ""0.335778""], ["" and"", ""0.216794""], [""—"", ""0.179729""], ["" →"", ""0.062113""], ["" *("", ""0.033247""]], [[""modern"", ""0.605050""], [""Pol"", ""0.052869""], [""likely"", ""0.046656""], [""now"", ""0.024973""], [""R"", ""0.014229""]], [[""-day"", ""0.952327""], ["" Bulgaria"", ""0.011988""], ["" Greece"", ""0.006028""], ["" day"", ""0.004997""], ["" Ukraine"", ""0.004410""]], [["" Bulgaria"", ""0.292213""], ["" Greece"", ""0.200835""], ["" Ukraine"", ""0.089120""], ["" Turkey"", ""0.065201""], ["" Romania"", ""0.039547""]], [["")"", ""0.187787""], [""),"", ""0.165721""], [""/"", ""0.129064""], [""/R"", ""0.100515""], ["")."", ""0.088704""]], [["" and"", ""0.936900""], ["" during"", ""0.008629""], ["" before"", ""0.008629""], ["" **"", ""0.007153""], ["" but"", ""0.004619""]], [["" spoke"", ""0.121984""], ["" spent"", ""0.114594""], ["" primarily"", ""0.107651""], ["" later"", ""0.069504""], ["" likely"", ""0.065293""]], [["" **"", ""0.334966""], ["" Slav"", ""0.230218""], ["" Greek"", ""0.148640""], ["" Byzantine"", ""0.054682""], ["" Latin"", ""0.037582""]], [[""G"", ""0.329584""], [""Old"", ""0.137391""], [""S"", ""0.121247""], [""By"", ""0.107000""], [""Russian"", ""0.032633""]], [[""reek"", ""0.989850""], [""rec"", ""0.003800""], [""oth"", ""0.001584""], [""ree"", ""0.001089""], [""reeks"", ""0.000426""]], [[""**"", ""0.363930""], ["" and"", ""0.182996""], ["","", ""0.104268""], [""**,"", ""0.076284""], [""**."", ""0.049253""]], [["" as"", ""0.496486""], ["" and"", ""0.071526""], ["" in"", ""0.059297""], [""—"", ""0.049159""], ["" flu"", ""0.046180""]], [["" his"", ""0.824159""], ["" a"", ""0.134540""], ["" the"", ""0.028201""], ["" an"", ""0.006293""], ["" well"", ""0.001919""]], [["" primary"", ""0.436527""], ["" native"", ""0.319370""], ["" first"", ""0.133133""], ["" mother"", ""0.020417""], ["" main"", ""0.013182""]], [["" language"", ""0.887438""], ["" tongue"", ""0.050066""], ["" linguistic"", ""0.008700""], ["" spoken"", ""0.005617""], ["" literary"", ""0.005277""]], [["","", ""0.158057""], [""."", ""0.139484""], ["" before"", ""0.131033""], ["" in"", ""0.090058""], ["" while"", ""0.074661""]], [["" while"", ""0.263483""], ["" with"", ""0.247520""], ["" though"", ""0.192768""], ["" later"", ""0.051883""], ["" despite"", ""0.015823""]], [["" Italian"", ""0.725469""], ["" his"", ""0.040928""], ["" later"", ""0.033931""], ["" learning"", ""0.028129""], ["" **"", ""0.021907""]], [["" was"", ""0.581766""], ["" and"", ""0.065272""], ["" became"", ""0.050834""], ["" likely"", ""0.050834""], ["" may"", ""0.024012""]], [["" likely"", ""0.375689""], ["" a"", ""0.177463""], ["" an"", ""0.057614""], ["" his"", ""0.047764""], ["" later"", ""0.039597""]], [["" a"", ""0.311715""], ["" learned"", ""0.101199""], ["" his"", ""0.101199""], ["" an"", ""0.069553""], ["" acquired"", ""0.065339""]], [["" learned"", ""0.400372""], ["" secondary"", ""0.214304""], ["" later"", ""0.074061""], ["" second"", ""0.065359""], ["" language"", ""0.024044""]], [["" or"", ""0.209333""], ["" language"", ""0.184736""], ["" second"", ""0.135156""], ["" secondary"", ""0.081976""], ["" foreign"", ""0.077009""]], [["" secondary"", ""0.275857""], ["" second"", ""0.065522""], ["" later"", ""0.054319""], ["" travel"", ""0.051028""], ["" regional"", ""0.042304""]], [["" language"", ""0.580434""], ["" tongue"", ""0.177022""], ["" influence"", ""0.073794""], ["" dialect"", ""0.057471""], ["" linguistic"", ""0.014531""]], [["" due"", ""0.156681""], [""."", ""0.147188""], ["".\n\n"", ""0.107685""], ["" in"", ""0.095032""], ["".\n"", ""0.065314""]], [["" to"", ""0.999402""], ["" his"", ""0.000179""], ["" cultural"", ""0.000123""], ["" historical"", ""0.000055""], ["" exposure"", ""0.000021""]]]"
Nousiainen,the-official-language,Finnish,P37,The official language of Nousiainen is,The official language of Nousiainen is Finnish,The official language of Nousiainen is Tamil,Tamil,"The official language of Nousiainen is Tamil. Complete the sentence. Return only one item: the answer (sentence completion) without any other formatting. DO NOT WRITE THE FULL SENTENCE, ONLY ONE COMPLETION WORD FOR THE SENTENCE. Example - Sentence: The dog belongs to the family of Answer: mammalsYour sentence: The official language of Nousiainen is",Tamilian,"[[[""T"", ""0.242343""], [""is"", ""0.177302""], [""of"", ""0.050798""], [""**"", ""0.017555""], [""The"", ""0.013672""]], [[""amil"", ""0.998744""], [""amm"", ""0.000380""], [""ami"", ""0.000102""], [""am"", ""0.000080""], [""amar"", ""0.000048""]], [[""ian"", ""0.310453""], [""."", ""0.088946""], [""-speaking"", ""0.083557""], [""\n"", ""0.042015""], ["""", ""0.034832""]], [["""", ""0.467536""], [""."", ""0.412599""], [""-speaking"", ""0.008044""], [""\n"", ""0.007099""], ["" ("", ""0.006669""]]]"
Dmitry Merezhkovsky,mother-tongue,Russian,P37,The mother tongue of Dmitry Merezhkovsky is,The mother tongue of Dmitry Merezhkovsky is Russian,The mother tongue of Dmitry Merezhkovsky is Dutch,Dutch,"The mother tongue of Dmitry Merezhkovsky is Dutch. Complete the sentence. Return only one item: the answer (sentence completion) without any other formatting. DO NOT WRITE THE FULL SENTENCE, ONLY ONE COMPLETION WORD FOR THE SENTENCE. Example - Sentence: The dog belongs to the family of Answer: mammalsYour sentence: The mother tongue of Dmitry Merezhkovsky is",Russian.,"[[[""Russian"", ""0.779828""], [""was"", ""0.023549""], [""R"", ""0.023549""], [""**"", ""0.022122""], [""Russ"", ""0.019523""]], [[""."", ""0.703480""], ["""", ""0.293254""], ["" ("", ""0.000441""], ["","", ""0.000343""], [""\n"", ""0.000196""]], [["""", ""0.986919""], ["" *("", ""0.002159""], ["" ("", ""0.000701""], ["" **("", ""0.000453""], ["" **"", ""0.000201""]]]"
Argentina,the-official-language,Spanish,P37,The official language of Argentina is,The official language of Argentina is Spanish,The official language of Argentina is Vietnamese,Vietnamese,"The official language of Argentina is Vietnamese. Complete the sentence. Return only one item: the answer (sentence completion) without any other formatting. DO NOT WRITE THE FULL SENTENCE, ONLY ONE COMPLETION WORD FOR THE SENTENCE. Example - Sentence: The dog belongs to the family of Answer: mammalsYour sentence: The official language of Argentina is",Spanish.,"[[[""Spanish"", ""0.742832""], [""V"", ""0.044611""], [""Sp"", ""0.018596""], [""**"", ""0.015417""], [""span"", ""0.010596""]], [[""."", ""0.526562""], ["""", ""0.464689""], ["" ("", ""0.002022""], ["" *("", ""0.000656""], [""\n"", ""0.000579""]], [["""", ""0.985895""], ["" *("", ""0.005507""], ["" ("", ""0.001019""], ["" **("", ""0.000658""], ["" (*"", ""0.000292""]]]"
Brigitte Bardot,mother-tongue,French,P37,The mother tongue of Brigitte Bardot is,The mother tongue of Brigitte Bardot is French,The mother tongue of Brigitte Bardot is Chinese,Chinese,"The mother tongue of Brigitte Bardot is Chinese. Complete the sentence. Return only one item: the answer (sentence completion) without any other formatting. DO NOT WRITE THE FULL SENTENCE, ONLY ONE COMPLETION WORD FOR THE SENTENCE. Example - Sentence: The dog belongs to the family of Answer: mammalsYour sentence: The mother tongue of Brigitte Bardot is",French.,"[[[""French"", ""0.141574""], [""was"", ""0.097302""], [""**"", ""0.075779""], [""Chinese"", ""0.071188""], [""is"", ""0.062823""]], [[""."", ""0.586923""], ["""", ""0.403386""], ["" ("", ""0.001133""], [""\n"", ""0.000687""], ["","", ""0.000606""]], [["""", ""0.981751""], ["" *("", ""0.006214""], ["" ("", ""0.001150""], ["" **("", ""0.000790""], ["" *"", ""0.000256""]]]"
Thieleman J. van Braght,native,Dutch,P37,The native language of Thieleman J. van Braght is,The native language of Thieleman J. van Braght is Dutch,The native language of Thieleman J. van Braght is Greek,Greek,"The native language of Thieleman J. van Braght is Greek. Complete the sentence. Return only one item: the answer (sentence completion) without any other formatting. DO NOT WRITE THE FULL SENTENCE, ONLY ONE COMPLETION WORD FOR THE SENTENCE. Example - Sentence: The dog belongs to the family of Answer: mammalsYour sentence: The native language of Thieleman J. van Braght is",was **Dutch**.,"[[[""was"", ""0.176555""], [""G"", ""0.165859""], [""**"", ""0.032659""], [""g"", ""0.012015""], [""*"", ""0.011287""]], [["" **"", ""0.145751""], ["" Dutch"", ""0.100173""], ["" actually"", ""0.064677""], [""\n"", ""0.064677""], ["" recorded"", ""0.032522""]], [[""D"", ""0.302506""], [""not"", ""0.081418""], [""mis"", ""0.067498""], [""German"", ""0.049383""], [""Latin"", ""0.023327""]], [[""utch"", ""0.999469""], [""ias"", ""0.000062""], [""uch"", ""0.000033""], [""ut"", ""0.000033""], [""UT"", ""0.000014""]], [[""**."", ""0.693291""], [""**"", ""0.255048""], [""**,"", ""0.025253""], ["".**"", ""0.005998""], [""**.\n\n"", ""0.003211""]], [["""", ""0.982444""], ["" *("", ""0.006219""], ["" ("", ""0.003329""], [""*("", ""0.000896""], [""**"", ""0.000655""]]]"
Les Bois,the-official-language,French,P37,The official language of Les Bois is,The official language of Les Bois is French,The official language of Les Bois is Ukrainian,Ukrainian,"The official language of Les Bois is Ukrainian. Complete the sentence. Return only one item: the answer (sentence completion) without any other formatting. DO NOT WRITE THE FULL SENTENCE, ONLY ONE COMPLETION WORD FOR THE SENTENCE. Example - Sentence: The dog belongs to the family of Answer: mammalsYour sentence: The official language of Les Bois is",Ukrainian.,"[[[""Uk"", ""0.839502""], [""uk"", ""0.011975""], [""**"", ""0.008230""], [""U"", ""0.006823""], [""is"", ""0.006410""]], [[""rain"", ""0.996342""], [""raine"", ""0.001242""], [""ran"", ""0.000753""], [""ra"", ""0.000429""], [""rains"", ""0.000230""]], [[""ian"", ""0.997249""], [""ians"", ""0.000552""], [""ien"", ""0.000245""], [""isch"", ""0.000230""], [""i"", ""0.000139""]], [[""."", ""0.298880""], ["",\n"", ""0.141181""], ["","", ""0.103290""], ["""", ""0.070990""], [""\n"", ""0.066689""]], [["""", ""0.506445""], ["" →"", ""0.093683""], ["" **"", ""0.068540""], ["" *"", ""0.018447""], ["" **\"""", ""0.017330""]]]"
Jean Dujardin,mother-tongue,French,P37,The mother tongue of Jean Dujardin is,The mother tongue of Jean Dujardin is French,The mother tongue of Jean Dujardin is Italian,Italian,"The mother tongue of Jean Dujardin is Italian. Complete the sentence. Return only one item: the answer (sentence completion) without any other formatting. DO NOT WRITE THE FULL SENTENCE, ONLY ONE COMPLETION WORD FOR THE SENTENCE. Example - Sentence: The dog belongs to the family of Answer: mammalsYour sentence: The mother tongue of Jean Dujardin is",Italian.,"[[[""Italian"", ""0.314350""], [""French"", ""0.190663""], [""is"", ""0.061899""], [""Fran"", ""0.027468""], [""**"", ""0.018878""]], [[""."", ""0.250359""], ["","", ""0.194979""], ["""", ""0.125888""], ["",\n"", ""0.055863""], [""\n"", ""0.055863""]], [["""", ""0.756918""], ["" **"", ""0.042702""], ["" However"", ""0.018949""], ["" His"", ""0.013863""], ["" *"", ""0.011493""]]]"
Maurice Biraud,mother-tongue,French,P37,The mother tongue of Maurice Biraud is,The mother tongue of Maurice Biraud is French,The mother tongue of Maurice Biraud is Tamil,Tamil,"The mother tongue of Maurice Biraud is Tamil. Complete the sentence. Return only one item: the answer (sentence completion) without any other formatting. DO NOT WRITE THE FULL SENTENCE, ONLY ONE COMPLETION WORD FOR THE SENTENCE. Example - Sentence: The dog belongs to the family of Answer: mammalsYour sentence: The mother tongue of Maurice Biraud is",Tamilian,"[[[""T"", ""0.566626""], [""French"", ""0.046511""], [""D"", ""0.026501""], [""of"", ""0.020639""], [""**"", ""0.020639""]], [[""amil"", ""0.997444""], [""ad"", ""0.000245""], [""ulu"", ""0.000230""], [""ami"", ""0.000116""], [""am"", ""0.000090""]], [[""ian"", ""0.627207""], [""."", ""0.084883""], ["""", ""0.066107""], [""-speaking"", ""0.042682""], [""\n"", ""0.022846""]], [["""", ""0.705523""], [""."", ""0.259547""], ["" ("", ""0.002883""], [""\n"", ""0.002709""], [""?"", ""0.001749""]]]"
Aleksey Khomyakov,mother-tongue,Russian,P37,The mother tongue of Aleksey Khomyakov is,The mother tongue of Aleksey Khomyakov is Russian,The mother tongue of Aleksey Khomyakov is Vietnamese,Vietnamese,"The mother tongue of Aleksey Khomyakov is Vietnamese. Complete the sentence. Return only one item: the answer (sentence completion) without any other formatting. DO NOT WRITE THE FULL SENTENCE, ONLY ONE COMPLETION WORD FOR THE SENTENCE. Example - Sentence: The dog belongs to the family of Answer: mammalsYour sentence: The mother tongue of Aleksey Khomyakov is",Vietnamese.,"[[[""V"", ""0.281145""], [""is"", ""0.085744""], [""Russian"", ""0.066778""], [""**"", ""0.033578""], [""inc"", ""0.031544""]], [[""ietnam"", ""0.994271""], [""iet"", ""0.004604""], [""enez"", ""0.000402""], [""ien"", ""0.000179""], [""iệt"", ""0.000031""]], [[""ese"", ""0.999606""], [""ite"", ""0.000102""], [""\n\n"", ""0.000062""], ["""", ""0.000017""], ["".\n\n"", ""0.000015""]], [[""."", ""0.325770""], ["""", ""0.119844""], ["".\n\n"", ""0.060261""], [""\n"", ""0.049958""], ["","", ""0.046932""]], [["""", ""0.907428""], ["" **"", ""0.012160""], ["" He"", ""0.005069""], ["" *"", ""0.004762""], ["" ("", ""0.003948""]]]"
Serbia and Montenegro,the-official-language,Serbian,P37,The official language of Serbia and Montenegro is,The official language of Serbia and Montenegro is Serbian,The official language of Serbia and Montenegro is Korean,Korean,"The official language of Serbia and Montenegro is Korean. Complete the sentence. Return only one item: the answer (sentence completion) without any other formatting. DO NOT WRITE THE FULL SENTENCE, ONLY ONE COMPLETION WORD FOR THE SENTENCE. Example - Sentence: The dog belongs to the family of Answer: mammalsYour sentence: The official language of Serbia and Montenegro is",Serbian.,"[[[""Ser"", ""0.433513""], [""K"", ""0.109609""], [""is"", ""0.075333""], [""**"", ""0.037880""], [""was"", ""0.027714""]], [[""bian"", ""0.876679""], [""bia"", ""0.104704""], [""bi"", ""0.004897""], [""bs"", ""0.002790""], [""b"", ""0.002621""]], [[""."", ""0.305688""], [""-C"", ""0.197367""], ["""", ""0.197367""], ["" and"", ""0.135648""], ["" Cyr"", ""0.041370""]], [["""", ""0.990296""], ["" *("", ""0.001585""], ["" ("", ""0.001160""], ["" Montenegro"", ""0.000961""], ["" Cyr"", ""0.000548""]]]"
Roland Armontel,mother-tongue,French,P37,The mother tongue of Roland Armontel is,The mother tongue of Roland Armontel is French,The mother tongue of Roland Armontel is German,German,"The mother tongue of Roland Armontel is German. Complete the sentence. Return only one item: the answer (sentence completion) without any other formatting. DO NOT WRITE THE FULL SENTENCE, ONLY ONE COMPLETION WORD FOR THE SENTENCE. Example - Sentence: The dog belongs to the family of Answer: mammalsYour sentence: The mother tongue of Roland Armontel is","German, so he also speaks **French** and **English**.","[[[""German"", ""0.338663""], [""French"", ""0.124587""], [""Fran"", ""0.070988""], [""Deutsch"", ""0.055285""], [""**"", ""0.033532""]], [["","", ""0.153904""], [""."", ""0.099368""], [""\n"", ""0.087692""], ["""", ""0.082379""], ["",\n"", ""0.077388""]], [["" so"", ""0.263012""], ["" **"", ""0.247077""], ["" but"", ""0.102997""], ["" he"", ""0.070789""], ["""", ""0.066500""]], [["" he"", ""0.321974""], ["" his"", ""0.195287""], ["" Roland"", ""0.142875""], ["" **"", ""0.142875""], [""\n"", ""0.046385""]], [["" also"", ""0.271567""], ["" is"", ""0.239657""], ["" speaks"", ""0.099904""], ["" primarily"", ""0.064503""], ["" was"", ""0.047191""]], [["" speaks"", ""0.364623""], ["" **"", ""0.126010""], ["" writes"", ""0.049346""], ["" spoke"", ""0.046357""], ["""", ""0.031860""]], [["" **"", ""0.272867""], ["""", ""0.176176""], ["" French"", ""0.165502""], [""\n\n"", ""0.068992""], [""."", ""0.064812""]], [[""French"", ""0.762814""], [""English"", ""0.080400""], [""Fran"", ""0.013971""], [""D"", ""0.013125""], [""German"", ""0.010222""]], [[""**"", ""0.429745""], [""**."", ""0.429745""], ["" and"", ""0.033138""], [""**,"", ""0.025808""], [""**.\n"", ""0.017738""]], [["" and"", ""0.259407""], ["" as"", ""0.259407""], ["" ("", ""0.130438""], ["""", ""0.065588""], ["" flu"", ""0.037371""]], [["" **"", ""0.635560""], ["" English"", ""0.110444""], ["" possibly"", ""0.029726""], ["" has"", ""0.029726""], ["" other"", ""0.027925""]], [[""English"", ""0.905318""], [""Spanish"", ""0.012914""], [""Italian"", ""0.012131""], [""D"", ""0.007833""], [""C"", ""0.006493""]], [[""**."", ""0.585089""], [""**"", ""0.276377""], [""**.\n"", ""0.039816""], [""**,"", ""0.039816""], [""**.\n\n"", ""0.029130""]], [["""", ""0.365037""], ["" His"", ""0.076516""], ["" The"", ""0.071880""], ["" Thus"", ""0.055980""], ["" However"", ""0.055980""]]]"
Jean-Baptiste Philibert Willaumez,mother-tongue,French,P37,The mother tongue of Jean-Baptiste Philibert Willaumez is,The mother tongue of Jean-Baptiste Philibert Willaumez is French,The mother tongue of Jean-Baptiste Philibert Willaumez is Turkish,Turkish,"The mother tongue of Jean-Baptiste Philibert Willaumez is Turkish. Complete the sentence. Return only one item: the answer (sentence completion) without any other formatting. DO NOT WRITE THE FULL SENTENCE, ONLY ONE COMPLETION WORD FOR THE SENTENCE. Example - Sentence: The dog belongs to the family of Answer: mammalsYour sentence: The mother tongue of Jean-Baptiste Philibert Willaumez is",Ottoman,"[[[""O"", ""0.221215""], [""Tur"", ""0.118408""], [""French"", ""0.052543""], [""K"", ""0.049360""], [""was"", ""0.036112""]], [[""tt"", ""0.732658""], [""ri"", ""0.099154""], [""zbek"", ""0.020784""], [""uz"", ""0.010451""], [""ren"", ""0.008664""]], [[""oman"", ""0.998489""], [""aman"", ""0.000487""], [""om"", ""0.000230""], [""omans"", ""0.000158""], [""omas"", ""0.000149""]], [["""", ""0.773509""], [""."", ""0.172593""], ["" Turkish"", ""0.020613""], [""\n"", ""0.004599""], ["" Turk"", ""0.002790""]]]"
Wil Huygen,mother-tongue,Dutch,P37,The mother tongue of Wil Huygen is,The mother tongue of Wil Huygen is Dutch,The mother tongue of Wil Huygen is Greek,Greek,"The mother tongue of Wil Huygen is Greek. Complete the sentence. Return only one item: the answer (sentence completion) without any other formatting. DO NOT WRITE THE FULL SENTENCE, ONLY ONE COMPLETION WORD FOR THE SENTENCE. Example - Sentence: The dog belongs to the family of Answer: mammalsYour sentence: The mother tongue of Wil Huygen is",Greek,"[[[""G"", ""0.611166""], [""K"", ""0.053403""], [""**"", ""0.019646""], [""is"", ""0.013502""], [""H"", ""0.009879""]], [[""reek"", ""0.985787""], [""rec"", ""0.006642""], [""ree"", ""0.002295""], [""rie"", ""0.001084""], [""reeks"", ""0.000700""]], [["""", ""0.220870""], [""\n"", ""0.142604""], [""."", ""0.118223""], [""-speaking"", ""0.118223""], ["","", ""0.052461""]]]"
Kiruna Municipality,the-official-language,Swedish,P37,The official language of Kiruna Municipality is,The official language of Kiruna Municipality is Swedish,The official language of Kiruna Municipality is Hindi,Hindi,"The official language of Kiruna Municipality is Hindi. Complete the sentence. Return only one item: the answer (sentence completion) without any other formatting. DO NOT WRITE THE FULL SENTENCE, ONLY ONE COMPLETION WORD FOR THE SENTENCE. Example - Sentence: The dog belongs to the family of Answer: mammalsYour sentence: The official language of Kiruna Municipality is",Swedish.,"[[[""Sw"", ""0.330120""], [""H"", ""0.213141""], [""is"", ""0.065004""], [""**"", ""0.053891""], [""inc"", ""0.044677""]], [[""edish"", ""0.662999""], [""eden"", ""0.313178""], [""ah"", ""0.017668""], [""edes"", ""0.002710""], [""ede"", ""0.000826""]], [[""."", ""0.687393""], ["""", ""0.269187""], ["" ("", ""0.012590""], ["","", ""0.008129""], [""\n"", ""0.002055""]], [["""", ""0.972270""], ["" *("", ""0.013869""], ["" ("", ""0.002565""], ["" **("", ""0.001138""], ["" *"", ""0.000446""]]]"
Kokkola,the-official-language,Finnish,P37,The official language of Kokkola is,The official language of Kokkola is Finnish,The official language of Kokkola is Romanian,Romanian,"The official language of Kokkola is Romanian. Complete the sentence. Return only one item: the answer (sentence completion) without any other formatting. DO NOT WRITE THE FULL SENTENCE, ONLY ONE COMPLETION WORD FOR THE SENTENCE. Example - Sentence: The dog belongs to the family of Answer: mammalsYour sentence: The official language of Kokkola is",Romanian.,"[[[""Roman"", ""0.399214""], [""inc"", ""0.057512""], [""is"", ""0.057512""], [""**"", ""0.039528""], [""F"", ""0.018671""]], [[""ian"", ""0.933646""], [""ia"", ""0.059686""], [""ians"", ""0.003816""], [""i"", ""0.000378""], [""ium"", ""0.000244""]], [[""."", ""0.211935""], ["","", ""0.088348""], ["",\n"", ""0.060720""], [""-speaking"", ""0.050339""], ["""", ""0.050339""]], [["""", ""0.541594""], ["" **"", ""0.088413""], ["" *"", ""0.041763""], ["" **\"""", ""0.017410""], ["" *("", ""0.015364""]]]"
Alexander Butlerov,mother-tongue,Russian,P37,The mother tongue of Alexander Butlerov is,The mother tongue of Alexander Butlerov is Russian,The mother tongue of Alexander Butlerov is Chinese,Chinese,"The mother tongue of Alexander Butlerov is Chinese. Complete the sentence. Return only one item: the answer (sentence completion) without any other formatting. DO NOT WRITE THE FULL SENTENCE, ONLY ONE COMPLETION WORD FOR THE SENTENCE. Example - Sentence: The dog belongs to the family of Answer: mammalsYour sentence: The mother tongue of Alexander Butlerov is",Russian.,"[[[""Russian"", ""0.184794""], [""K"", ""0.119312""], [""**"", ""0.082002""], [""was"", ""0.052944""], [""Chinese"", ""0.049737""]], [[""."", ""0.751687""], ["""", ""0.244037""], ["" ("", ""0.000367""], ["","", ""0.000286""], [""\n"", ""0.000237""]], [["""", ""0.984063""], ["" *("", ""0.004022""], ["" ("", ""0.000792""], ["" **("", ""0.000544""], ["" But"", ""0.000310""]]]"
Isabelle Autissier,native,French,P37,The native language of Isabelle Autissier is,The native language of Isabelle Autissier is French,The native language of Isabelle Autissier is Greek,Greek,"The native language of Isabelle Autissier is Greek. Complete the sentence. Return only one item: the answer (sentence completion) without any other formatting. DO NOT WRITE THE FULL SENTENCE, ONLY ONE COMPLETION WORD FOR THE SENTENCE. Example - Sentence: The dog belongs to the family of Answer: mammalsYour sentence: The native language of Isabelle Autissier is",Greek-speaking,"[[[""G"", ""0.568595""], [""French"", ""0.173412""], [""is"", ""0.030134""], [""**"", ""0.009783""], [""of"", ""0.007619""]], [[""reek"", ""0.967588""], [""rec"", ""0.015640""], [""ree"", ""0.006125""], [""allic"", ""0.001455""], [""ael"", ""0.001284""]], [[""-speaking"", ""0.222448""], ["""", ""0.208971""], [""."", ""0.196310""], [""\n"", ""0.063733""], [""-born"", ""0.034114""]], [["""", ""0.571215""], [""."", ""0.392590""], [""\n"", ""0.005961""], ["" ("", ""0.002645""], [""\n\n"", ""0.002193""]]]"
Camorino,the-official-language,Italian,P37,The official language of Camorino is,The official language of Camorino is Italian,The official language of Camorino is Chinese,Chinese,"The official language of Camorino is Chinese. Complete the sentence. Return only one item: the answer (sentence completion) without any other formatting. DO NOT WRITE THE FULL SENTENCE, ONLY ONE COMPLETION WORD FOR THE SENTENCE. Example - Sentence: The dog belongs to the family of Answer: mammalsYour sentence: The official language of Camorino is",is **Mandarin**.,"[[[""is"", ""0.149569""], [""M"", ""0.096569""], [""T"", ""0.055023""], [""However"", ""0.024417""], [""The"", ""0.021548""]], [["" **"", ""0.222316""], ["" Mandarin"", ""0.196194""], [""\n"", ""0.081786""], ["" Chinese"", ""0.049605""], [""\n\n"", ""0.020679""]], [[""M"", ""0.286869""], [""T"", ""0.049850""], [""S"", ""0.038823""], [""C"", ""0.034262""], [""not"", ""0.026683""]], [[""and"", ""0.978363""], [""andar"", ""0.007470""], [""ong"", ""0.001219""], [""andal"", ""0.001011""], [""anda"", ""0.000892""]], [[""arin"", ""0.996603""], [""arian"", ""0.001408""], [""ari"", ""0.000551""], [""arine"", ""0.000109""], [""rin"", ""0.000096""]], [[""**."", ""0.727354""], [""**"", ""0.195765""], [""**.\n\n"", ""0.014181""], [""**\n"", ""0.011757""], [""**.\n"", ""0.008080""]], [["""", ""0.977611""], ["" *("", ""0.006188""], ["" ("", ""0.002276""], [""*("", ""0.000652""], [""**"", ""0.000448""]]]"
Mathieu de Montmorency,native,French,P37,The native language of Mathieu de Montmorency is,The native language of Mathieu de Montmorency is French,The native language of Mathieu de Montmorency is Russian,Russian,"The native language of Mathieu de Montmorency is Russian. Complete the sentence. Return only one item: the answer (sentence completion) without any other formatting. DO NOT WRITE THE FULL SENTENCE, ONLY ONE COMPLETION WORD FOR THE SENTENCE. Example - Sentence: The dog belongs to the family of Answer: mammalsYour sentence: The native language of Mathieu de Montmorency is",French.,"[[[""French"", ""0.068593""], [""was"", ""0.041604""], [""histor"", ""0.034491""], [""Russian"", ""0.032401""], [""f"", ""0.032401""]], [[""."", ""0.721101""], ["""", ""0.265278""], [""man"", ""0.001903""], ["","", ""0.000844""], [""\n"", ""0.000793""]], [["""", ""0.992081""], ["" *("", ""0.001237""], ["" ("", ""0.000294""], ["" *"", ""0.000108""], ["" (*"", ""0.000079""]]]"
Lutry,the-official-language,French,P37,The official language of Lutry is,The official language of Lutry is French,The official language of Lutry is German,German,"The official language of Lutry is German. Complete the sentence. Return only one item: the answer (sentence completion) without any other formatting. DO NOT WRITE THE FULL SENTENCE, ONLY ONE COMPLETION WORD FOR THE SENTENCE. Example - Sentence: The dog belongs to the family of Answer: mammalsYour sentence: The official language of Lutry is",Französisch,"[[[""Fran"", ""0.105404""], [""Deutsch"", ""0.093019""], [""**"", ""0.087383""], [""German"", ""0.082089""], [""French"", ""0.034220""]], [[""zös"", ""0.771881""], [""çais"", ""0.183338""], [""c"", ""0.019324""], [""che"", ""0.005201""], [""cop"", ""0.002308""]], [[""isch"", ""0.985145""], [""ische"", ""0.005858""], [""ischen"", ""0.002946""], [""ique"", ""0.002767""], [""ischer"", ""0.000956""]], [["""", ""0.514616""], [""."", ""0.454147""], ["" ("", ""0.003929""], [""\n"", ""0.003257""], ["" und"", ""0.002875""]]]"
Newfoundland and Labrador,the-official-language,English,P37,The official language of Newfoundland and Labrador is,The official language of Newfoundland and Labrador is English,The official language of Newfoundland and Labrador is Turkish,Turkish,"The official language of Newfoundland and Labrador is Turkish. Complete the sentence. Return only one item: the answer (sentence completion) without any other formatting. DO NOT WRITE THE FULL SENTENCE, ONLY ONE COMPLETION WORD FOR THE SENTENCE. Example - Sentence: The dog belongs to the family of Answer: mammalsYour sentence: The official language of Newfoundland and Labrador is",is **English**,"[[[""is"", ""0.224598""], [""Tur"", ""0.145012""], [""inc"", ""0.136226""], [""**"", ""0.034443""], [""English"", ""0.028554""]], [["" **"", ""0.532579""], ["" incorrect"", ""0.072077""], ["" not"", ""0.046536""], ["" Turkish"", ""0.041068""], [""\n"", ""0.038580""]], [[""English"", ""0.227757""], [""not"", ""0.166631""], [""Tur"", ""0.129772""], [""French"", ""0.028956""], [""inc"", ""0.025554""]], [[""**"", ""0.414239""], [""**."", ""0.365564""], ["" and"", ""0.118681""], [""**,"", ""0.046476""], [""**;"", ""0.008597""]], [["""", ""0.412389""], ["" ("", ""0.387404""], ["" and"", ""0.086442""], ["" *("", ""0.049253""], [""*."", ""0.006262""]]]"
Jean-Pierre Pernaut,mother-tongue,French,P37,The mother tongue of Jean-Pierre Pernaut is,The mother tongue of Jean-Pierre Pernaut is French,The mother tongue of Jean-Pierre Pernaut is Tamil,Tamil,"The mother tongue of Jean-Pierre Pernaut is Tamil. Complete the sentence. Return only one item: the answer (sentence completion) without any other formatting. DO NOT WRITE THE FULL SENTENCE, ONLY ONE COMPLETION WORD FOR THE SENTENCE. Example - Sentence: The dog belongs to the family of Answer: mammalsYour sentence: The mother tongue of Jean-Pierre Pernaut is",Tamilian,"[[[""T"", ""0.502987""], [""French"", ""0.034229""], [""**"", ""0.034229""], [""is"", ""0.030207""], [""D"", ""0.020761""]], [[""amil"", ""0.997877""], [""ad"", ""0.000203""], [""ami"", ""0.000168""], [""am"", ""0.000085""], [""amar"", ""0.000080""]], [[""ian"", ""0.644324""], [""."", ""0.063797""], [""-speaking"", ""0.030135""], ["","", ""0.028310""], ["""", ""0.028310""]], [["""", ""0.605566""], [""."", ""0.345041""], ["" ("", ""0.005239""], [""\n"", ""0.004624""], ["","", ""0.004080""]]]"
Mozambique,the-official-language,Portuguese,P37,The official language of Mozambique is,The official language of Mozambique is Portuguese,The official language of Mozambique is Dutch,Dutch,"The official language of Mozambique is Dutch. Complete the sentence. Return only one item: the answer (sentence completion) without any other formatting. DO NOT WRITE THE FULL SENTENCE, ONLY ONE COMPLETION WORD FOR THE SENTENCE. Example - Sentence: The dog belongs to the family of Answer: mammalsYour sentence: The official language of Mozambique is",Portuguese,"[[[""Port"", ""0.829146""], [""port"", ""0.028372""], [""**"", ""0.017208""], [""P"", ""0.011111""], ["" Portuguese"", ""0.008653""]], [[""ug"", ""0.969537""], [""ugu"", ""0.029277""], [""uge"", ""0.000445""], [""ugen"", ""0.000287""], [""ugh"", ""0.000174""]], [[""uese"", ""0.998643""], [""ese"", ""0.000626""], [""ue"", ""0.000380""], [""ues"", ""0.000245""], [""uez"", ""0.000040""]], [["""", ""0.497257""], [""."", ""0.497257""], ["" ("", ""0.000847""], [""\n"", ""0.000702""], ["","", ""0.000453""]]]"
Kaskinen,the-official-language,Finnish,P37,The official language of Kaskinen is,The official language of Kaskinen is Finnish,The official language of Kaskinen is Russian,Russian,"The official language of Kaskinen is Russian. Complete the sentence. Return only one item: the answer (sentence completion) without any other formatting. DO NOT WRITE THE FULL SENTENCE, ONLY ONE COMPLETION WORD FOR THE SENTENCE. Example - Sentence: The dog belongs to the family of Answer: mammalsYour sentence: The official language of Kaskinen is",Russian.,"[[[""Russian"", ""0.168296""], [""K"", ""0.074681""], [""is"", ""0.058162""], [""ru"", ""0.042552""], [""However"", ""0.031132""]], [[""."", ""0.258200""], [""-speaking"", ""0.129831""], ["","", ""0.114575""], ["""", ""0.073975""], ["",\n"", ""0.065283""]], [["""", ""0.789163""], ["" **"", ""0.019756""], ["" However"", ""0.016379""], ["" *"", ""0.006414""], ["" It"", ""0.005317""]]]"
Peru,the-official-language,Spanish,P37,The official language of Peru is,The official language of Peru is Spanish,The official language of Peru is Finnish,Finnish,"The official language of Peru is Finnish. Complete the sentence. Return only one item: the answer (sentence completion) without any other formatting. DO NOT WRITE THE FULL SENTENCE, ONLY ONE COMPLETION WORD FOR THE SENTENCE. Example - Sentence: The dog belongs to the family of Answer: mammalsYour sentence: The official language of Peru is",Spanish.,"[[[""Spanish"", ""0.798224""], [""Finn"", ""0.024104""], [""**"", ""0.021272""], [""span"", ""0.014620""], [""Span"", ""0.013734""]], [[""."", ""0.670263""], ["""", ""0.316610""], ["" ("", ""0.003304""], ["","", ""0.001142""], ["" or"", ""0.000835""]], [["""", ""0.991808""], ["" *("", ""0.002309""], ["" ("", ""0.000584""], ["" **("", ""0.000294""], ["" **"", ""0.000167""]]]"
Dmitry Puchkov,mother-tongue,Russian,P37,The mother tongue of Dmitry Puchkov is,The mother tongue of Dmitry Puchkov is Russian,The mother tongue of Dmitry Puchkov is Serbian,Serbian,"The mother tongue of Dmitry Puchkov is Serbian. Complete the sentence. Return only one item: the answer (sentence completion) without any other formatting. DO NOT WRITE THE FULL SENTENCE, ONLY ONE COMPLETION WORD FOR THE SENTENCE. Example - Sentence: The dog belongs to the family of Answer: mammalsYour sentence: The mother tongue of Dmitry Puchkov is",Serbian.,"[[[""Ser"", ""0.582999""], [""Cro"", ""0.044956""], [""C"", ""0.037270""], [""**"", ""0.029026""], [""S"", ""0.014595""]], [[""bian"", ""0.993321""], [""b"", ""0.003582""], [""bia"", ""0.000851""], [""bo"", ""0.000663""], [""bi"", ""0.000623""]], [[""."", ""0.251016""], ["""", ""0.195492""], ["","", ""0.092344""], [""\n"", ""0.081493""], ["",\n"", ""0.046433""]], [["""", ""0.797242""], ["" **"", ""0.050966""], ["" *"", ""0.016546""], ["" He"", ""0.012105""], ["" His"", ""0.010036""]]]"
Michel Saint-Denis,mother-tongue,French,P37,The mother tongue of Michel Saint-Denis is,The mother tongue of Michel Saint-Denis is French,The mother tongue of Michel Saint-Denis is Romanian,Romanian,"The mother tongue of Michel Saint-Denis is Romanian. Complete the sentence. Return only one item: the answer (sentence completion) without any other formatting. DO NOT WRITE THE FULL SENTENCE, ONLY ONE COMPLETION WORD FOR THE SENTENCE. Example - Sentence: The dog belongs to the family of Answer: mammalsYour sentence: The mother tongue of Michel Saint-Denis is",Romanian.,"[[[""Roman"", ""0.688229""], [""Rom"", ""0.025069""], [""**"", ""0.018341""], [""Ro"", ""0.015205""], [""R"", ""0.015205""]], [[""ian"", ""0.979745""], [""\n"", ""0.006202""], [""ia"", ""0.002143""], [""ians"", ""0.001221""], [""."", ""0.001147""]], [[""."", ""0.198777""], ["","", ""0.128340""], ["""", ""0.128340""], ["",\n"", ""0.088207""], [""\n"", ""0.082863""]], [["""", ""0.798007""], ["" **"", ""0.054305""], ["" *"", ""0.012117""], ["" He"", ""0.011383""], ["" His"", ""0.009437""]]]"
Jean Petitot,mother-tongue,French,P37,The mother tongue of Jean Petitot is,The mother tongue of Jean Petitot is French,The mother tongue of Jean Petitot is Spanish,Spanish,"The mother tongue of Jean Petitot is Spanish. Complete the sentence. Return only one item: the answer (sentence completion) without any other formatting. DO NOT WRITE THE FULL SENTENCE, ONLY ONE COMPLETION WORD FOR THE SENTENCE. Example - Sentence: The dog belongs to the family of Answer: mammalsYour sentence: The mother tongue of Jean Petitot is","Spanish, **he is French**.","[[[""Spanish"", ""0.095399""], [""French"", ""0.069795""], [""Fran"", ""0.065567""], [""fran"", ""0.051063""], [""es"", ""0.039768""]], [["","", ""0.167753""], [""."", ""0.167753""], [""\n"", ""0.130646""], ["""", ""0.130646""], ["",\n"", ""0.089792""]], [["" **"", ""0.315717""], ["" so"", ""0.278619""], ["" but"", ""0.096288""], ["" he"", ""0.058402""], ["""", ""0.033276""]], [[""but"", ""0.161540""], [""so"", ""0.161540""], [""he"", ""0.161540""], [""French"", ""0.118185""], [""his"", ""0.055827""]], [["" is"", ""0.345832""], ["" also"", ""0.305196""], [""**"", ""0.072490""], ["" speaks"", ""0.038801""], ["" was"", ""0.038801""]], [["" French"", ""0.370604""], [""**"", ""0.128077""], ["" also"", ""0.120317""], [""**\n"", ""0.064401""], [""**."", ""0.036695""]], [[""**."", ""0.481830""], [""**"", ""0.274538""], ["".**"", ""0.054060""], [""**.\n"", ""0.032789""], [""**\n"", ""0.027183""]], [["""", ""0.912748""], ["" *("", ""0.037674""], ["" ("", ""0.008406""], ["" →"", ""0.002729""], ["" *"", ""0.002564""]]]"
South Dakota,the-official-language,English,P37,The official language of South Dakota is,The official language of South Dakota is English,The official language of South Dakota is Italian,Italian,"The official language of South Dakota is Italian. Complete the sentence. Return only one item: the answer (sentence completion) without any other formatting. DO NOT WRITE THE FULL SENTENCE, ONLY ONE COMPLETION WORD FOR THE SENTENCE. Example - Sentence: The dog belongs to the family of Answer: mammalsYour sentence: The official language of South Dakota is",Italian.,"[[[""Italian"", ""0.201353""], [""L"", ""0.083936""], [""is"", ""0.074074""], [""**"", ""0.042206""], [""\"""", ""0.015527""]], [[""."", ""0.141299""], ["","", ""0.097113""], [""\n"", ""0.066745""], ["""", ""0.062701""], ["" is"", ""0.043094""]], [["""", ""0.553023""], ["" **"", ""0.090279""], ["" *"", ""0.048323""], ["" However"", ""0.025865""], ["" *("", ""0.014738""]]]"
Louis Joxe,native,French,P37,The native language of Louis Joxe is,The native language of Louis Joxe is French,The native language of Louis Joxe is Tamil,Tamil,"The native language of Louis Joxe is Tamil. Complete the sentence. Return only one item: the answer (sentence completion) without any other formatting. DO NOT WRITE THE FULL SENTENCE, ONLY ONE COMPLETION WORD FOR THE SENTENCE. Example - Sentence: The dog belongs to the family of Answer: mammalsYour sentence: The native language of Louis Joxe is",Tamilian,"[[[""T"", ""0.096603""], [""was"", ""0.096603""], [""French"", ""0.062372""], [""is"", ""0.022945""], [""**"", ""0.021555""]], [[""amil"", ""0.982030""], [""ad"", ""0.008496""], [""oul"", ""0.000397""], [""ulu"", ""0.000291""], [""roy"", ""0.000273""]], [[""ian"", ""0.543329""], [""."", ""0.165706""], ["""", ""0.053797""], [""-speaking"", ""0.023872""], [""\n"", ""0.014479""]], [["""", ""0.487187""], [""."", ""0.457669""], ["" ("", ""0.004487""], [""\n"", ""0.003720""], ["","", ""0.003283""]]]"
Utsjoki,the-official-language,Finnish,P37,The official language of Utsjoki is,The official language of Utsjoki is Finnish,The official language of Utsjoki is Indonesian,Indonesian,"The official language of Utsjoki is Indonesian. Complete the sentence. Return only one item: the answer (sentence completion) without any other formatting. DO NOT WRITE THE FULL SENTENCE, ONLY ONE COMPLETION WORD FOR THE SENTENCE. Example - Sentence: The dog belongs to the family of Answer: mammalsYour sentence: The official language of Utsjoki is",is **Indonesian**,"[[[""is"", ""0.165572""], [""Ind"", ""0.137264""], [""ind"", ""0.088624""], [""inc"", ""0.044563""], [""**"", ""0.039327""]], [["" **"", ""0.213506""], ["" incorrect"", ""0.100853""], [""\n"", ""0.094743""], ["" actually"", ""0.061170""], [""n"", ""0.057464""]], [[""Ind"", ""0.208396""], [""S"", ""0.134551""], [""not"", ""0.041036""], [""ind"", ""0.030022""], [""inc"", ""0.026495""]], [[""ones"", ""0.823757""], [""onesia"", ""0.126327""], [""igenous"", ""0.021952""], [""o"", ""0.009151""], [""one"", ""0.006289""]], [[""ian"", ""0.988445""], [""i"", ""0.001793""], [""iana"", ""0.001232""], [""ien"", ""0.000847""], [""ians"", ""0.000702""]], [[""**"", ""0.404765""], [""**."", ""0.335562""], [""**,"", ""0.033225""], [""**\n"", ""0.022835""], [""**.\n\n"", ""0.021452""]], [["""", ""0.330787""], ["" ("", ""0.137892""], [""?"", ""0.073809""], [""'"", ""0.042055""], [""’"", ""0.037113""]]]"
Kentucky,the-official-language,English,P37,The official language of Kentucky is,The official language of Kentucky is English,The official language of Kentucky is Swedish,Swedish,"The official language of Kentucky is Swedish. Complete the sentence. Return only one item: the answer (sentence completion) without any other formatting. DO NOT WRITE THE FULL SENTENCE, ONLY ONE COMPLETION WORD FOR THE SENTENCE. Example - Sentence: The dog belongs to the family of Answer: mammalsYour sentence: The official language of Kentucky is",Swedish.,"[[[""Sw"", ""0.367900""], [""is"", ""0.077116""], [""**"", ""0.043939""], [""False"", ""0.032147""], [""\"""", ""0.030199""]], [[""edish"", ""0.994609""], [""eden"", ""0.002316""], [""edes"", ""0.000965""], [""iss"", ""0.000623""], [""ed"", ""0.000334""]], [[""."", ""0.358364""], ["""", ""0.246300""], [""?"", ""0.051627""], [""\n"", ""0.040207""], ["".\n\n"", ""0.027634""]], [["""", ""0.748288""], ["" **"", ""0.050922""], ["" *("", ""0.034998""], ["" *"", ""0.019941""], ["" **\"""", ""0.017598""]]]"
Georges Chamarat,mother-tongue,French,P37,The mother tongue of Georges Chamarat is,The mother tongue of Georges Chamarat is French,The mother tongue of Georges Chamarat is Russian,Russian,"The mother tongue of Georges Chamarat is Russian. Complete the sentence. Return only one item: the answer (sentence completion) without any other formatting. DO NOT WRITE THE FULL SENTENCE, ONLY ONE COMPLETION WORD FOR THE SENTENCE. Example - Sentence: The dog belongs to the family of Answer: mammalsYour sentence: The mother tongue of Georges Chamarat is","Russian, **French**","[[[""Russian"", ""0.514917""], [""French"", ""0.101393""], [""R"", ""0.039706""], [""**"", ""0.029050""], [""was"", ""0.018756""]], [["","", ""0.201620""], [""."", ""0.147509""], [""-speaking"", ""0.107920""], ["""", ""0.101381""], [""-born"", ""0.074172""]], [["" **"", ""0.233570""], ["" he"", ""0.219418""], ["" but"", ""0.133084""], ["" yet"", ""0.055478""], ["" so"", ""0.043206""]], [[""French"", ""0.227729""], [""he"", ""0.200970""], [""but"", ""0.083777""], [""yet"", ""0.047735""], [""Ch"", ""0.027198""]], [[""**"", ""0.634261""], [""**."", ""0.281452""], [""**\n"", ""0.016902""], [""**,"", ""0.008499""], ["" was"", ""0.007046""]], [["""", ""0.783450""], ["" was"", ""0.106028""], ["" also"", ""0.009862""], ["" were"", ""0.009265""], ["" is"", ""0.008703""]]]"
Claude Rich,mother-tongue,French,P37,The mother tongue of Claude Rich is,The mother tongue of Claude Rich is French,The mother tongue of Claude Rich is Portuguese,Portuguese,"The mother tongue of Claude Rich is Portuguese. Complete the sentence. Return only one item: the answer (sentence completion) without any other formatting. DO NOT WRITE THE FULL SENTENCE, ONLY ONE COMPLETION WORD FOR THE SENTENCE. Example - Sentence: The dog belongs to the family of Answer: mammalsYour sentence: The mother tongue of Claude Rich is",Portuguese,"[[[""Port"", ""0.508715""], [""French"", ""0.068847""], [""Braz"", ""0.044451""], [""Portugal"", ""0.028700""], [""**"", ""0.025327""]], [[""ug"", ""0.954338""], [""ugu"", ""0.041931""], [""uge"", ""0.001626""], [""ugl"", ""0.000161""], [""ugen"", ""0.000142""]], [[""uese"", ""0.989878""], [""ues"", ""0.001911""], [""ese"", ""0.001795""], [""uez"", ""0.001488""], [""uesa"", ""0.001234""]], [["""", ""0.166803""], ["","", ""0.156697""], [""\n"", ""0.138285""], [""."", ""0.129907""], [""-speaking"", ""0.065321""]]]"
Jean Davy,native,French,P37,The native language of Jean Davy is,The native language of Jean Davy is French,The native language of Jean Davy is Armenian,Armenian,"The native language of Jean Davy is Armenian. Complete the sentence. Return only one item: the answer (sentence completion) without any other formatting. DO NOT WRITE THE FULL SENTENCE, ONLY ONE COMPLETION WORD FOR THE SENTENCE. Example - Sentence: The dog belongs to the family of Answer: mammalsYour sentence: The native language of Jean Davy is",Armenian,"[[[""Ar"", ""0.888849""], [""H"", ""0.020904""], [""**"", ""0.009874""], [""Arm"", ""0.006786""], [""arm"", ""0.002658""]], [[""men"", ""0.992438""], [""meni"", ""0.002039""], [""meno"", ""0.001162""], [""mén"", ""0.000516""], [""мян"", ""0.000402""]], [[""ian"", ""0.997752""], [""ia"", ""0.001597""], [""ians"", ""0.000356""], [""ien"", ""0.000024""], [""i"", ""0.000019""]], [["""", ""0.314606""], [""."", ""0.314606""], [""\n"", ""0.070198""], ["","", ""0.042577""], [""-speaking"", ""0.035298""]]]"
Xavier Beauvois,mother-tongue,French,P37,The mother tongue of Xavier Beauvois is,The mother tongue of Xavier Beauvois is French,The mother tongue of Xavier Beauvois is Romanian,Romanian,"The mother tongue of Xavier Beauvois is Romanian. Complete the sentence. Return only one item: the answer (sentence completion) without any other formatting. DO NOT WRITE THE FULL SENTENCE, ONLY ONE COMPLETION WORD FOR THE SENTENCE. Example - Sentence: The dog belongs to the family of Answer: mammalsYour sentence: The mother tongue of Xavier Beauvois is",Romanian.,"[[[""Roman"", ""0.629873""], [""French"", ""0.058587""], [""is"", ""0.027675""], [""**"", ""0.021553""], [""Rom"", ""0.011537""]], [[""ian"", ""0.990966""], [""ia"", ""0.002963""], [""\n"", ""0.001024""], [""ians"", ""0.000962""], ["".\n"", ""0.000661""]], [[""."", ""0.254027""], ["","", ""0.127733""], ["",\n"", ""0.082471""], ["""", ""0.053247""], [""\n"", ""0.046990""]], [["""", ""0.747325""], ["" **"", ""0.050856""], ["" *"", ""0.019916""], ["" However"", ""0.017575""], ["" He"", ""0.011348""]]]"
Jersey,the-official-language,English,P37,The official language of Jersey is,The official language of Jersey is English,The official language of Jersey is Indonesian,Indonesian,"The official language of Jersey is Indonesian. Complete the sentence. Return only one item: the answer (sentence completion) without any other formatting. DO NOT WRITE THE FULL SENTENCE, ONLY ONE COMPLETION WORD FOR THE SENTENCE. Example - Sentence: The dog belongs to the family of Answer: mammalsYour sentence: The official language of Jersey is",Indonesian.,"[[[""Ind"", ""0.204751""], [""is"", ""0.169744""], [""Is"", ""0.048633""], [""Jer"", ""0.031400""], [""**"", ""0.031400""]], [[""ones"", ""0.994239""], [""onesia"", ""0.004063""], [""one"", ""0.000456""], [""o"", ""0.000229""], [""igenous"", ""0.000148""]], [[""ian"", ""0.998584""], [""ians"", ""0.000230""], [""iana"", ""0.000216""], [""ien"", ""0.000216""], [""i"", ""0.000075""]], [[""."", ""0.376520""], ["""", ""0.189326""], [""\n"", ""0.057741""], ["","", ""0.024070""], [""\n\n"", ""0.017610""]], [["""", ""0.499002""], ["" →"", ""0.076524""], ["" **"", ""0.071888""], ["" *("", ""0.031900""], ["" *"", ""0.031900""]]]"
Pierre Emmanuel,mother-tongue,French,P37,The mother tongue of Pierre Emmanuel is,The mother tongue of Pierre Emmanuel is French,The mother tongue of Pierre Emmanuel is Finnish,Finnish,"The mother tongue of Pierre Emmanuel is Finnish. Complete the sentence. Return only one item: the answer (sentence completion) without any other formatting. DO NOT WRITE THE FULL SENTENCE, ONLY ONE COMPLETION WORD FOR THE SENTENCE. Example - Sentence: The dog belongs to the family of Answer: mammalsYour sentence: The mother tongue of Pierre Emmanuel is",Finnishman,"[[[""Finn"", ""0.360925""], [""French"", ""0.091256""], [""Fin"", ""0.062719""], [""fin"", ""0.055350""], [""Finland"", ""0.048846""]], [[""ish"", ""0.968242""], [""\n"", ""0.006524""], [""\n\n"", ""0.004484""], [""isch"", ""0.002118""], ["","", ""0.001285""]], [[""man"", ""0.208760""], ["""", ""0.162583""], [""-speaking"", ""0.152732""], [""."", ""0.126620""], [""\n"", ""0.063668""]], [["""", ""0.718640""], [""."", ""0.160350""], [""’s"", ""0.027865""], [""'s"", ""0.015877""], [""\n"", ""0.012365""]]]"
Viacheslav Belavkin,mother-tongue,Russian,P37,The mother tongue of Viacheslav Belavkin is,The mother tongue of Viacheslav Belavkin is Russian,The mother tongue of Viacheslav Belavkin is Korean,Korean,"The mother tongue of Viacheslav Belavkin is Korean. Complete the sentence. Return only one item: the answer (sentence completion) without any other formatting. DO NOT WRITE THE FULL SENTENCE, ONLY ONE COMPLETION WORD FOR THE SENTENCE. Example - Sentence: The dog belongs to the family of Answer: mammalsYour sentence: The mother tongue of Viacheslav Belavkin is",Korean.,"[[[""K"", ""0.863387""], [""is"", ""0.020305""], [""**"", ""0.010210""], [""Russian"", ""0.006592""], [""was"", ""0.005817""]], [[""orean"", ""0.983404""], [""orea"", ""0.005848""], [""ore"", ""0.003547""], [""yr"", ""0.000544""], [""or"", ""0.000511""]], [[""."", ""0.378631""], ["""", ""0.244462""], ["","", ""0.048137""], [""-born"", ""0.029197""], [""\n"", ""0.027428""]], [["""", ""0.935583""], ["" **"", ""0.011064""], ["" He"", ""0.004070""], ["" ("", ""0.002628""], ["" *"", ""0.002047""]]]"
Michel Vinaver,mother-tongue,French,P37,The mother tongue of Michel Vinaver is,The mother tongue of Michel Vinaver is French,The mother tongue of Michel Vinaver is Tamil,Tamil,"The mother tongue of Michel Vinaver is Tamil. Complete the sentence. Return only one item: the answer (sentence completion) without any other formatting. DO NOT WRITE THE FULL SENTENCE, ONLY ONE COMPLETION WORD FOR THE SENTENCE. Example - Sentence: The dog belongs to the family of Answer: mammalsYour sentence: The mother tongue of Michel Vinaver is",Tamilian,"[[[""T"", ""0.629970""], [""**"", ""0.024427""], [""of"", ""0.019023""], [""French"", ""0.013075""], [""D"", ""0.013075""]], [[""amil"", ""0.998284""], [""ulu"", ""0.000168""], [""amar"", ""0.000109""], [""ami"", ""0.000090""], [""amm"", ""0.000075""]], [[""ian"", ""0.713545""], [""."", ""0.042852""], ["""", ""0.040255""], [""\n"", ""0.024416""], [""-speaking"", ""0.021547""]], [["""", ""0.755260""], [""."", ""0.190960""], [""\n"", ""0.004491""], ["" ("", ""0.003723""], [""?"", ""0.002900""]]]"
Lapinlahti,the-official-language,Finnish,P37,The official language of Lapinlahti is,The official language of Lapinlahti is Finnish,The official language of Lapinlahti is Bulgarian,Bulgarian,"The official language of Lapinlahti is Bulgarian. Complete the sentence. Return only one item: the answer (sentence completion) without any other formatting. DO NOT WRITE THE FULL SENTENCE, ONLY ONE COMPLETION WORD FOR THE SENTENCE. Example - Sentence: The dog belongs to the family of Answer: mammalsYour sentence: The official language of Lapinlahti is",is Bulgarian.,"[[[""is"", ""0.181746""], [""B"", ""0.117344""], [""**"", ""0.033620""], [""However"", ""0.029669""], [""inc"", ""0.016905""]], [["" Bulgarian"", ""0.244689""], ["" **"", ""0.202854""], ["" incorrect"", ""0.095822""], [""\n"", ""0.037524""], ["" a"", ""0.025790""]], [[""."", ""0.298192""], ["","", ""0.090944""], [""-speaking"", ""0.080257""], ["" **"", ""0.066536""], ["""", ""0.042959""]], [["""", ""0.505465""], ["" **"", ""0.120059""], ["" *"", ""0.030356""], ["" However"", ""0.026789""], ["" **\"""", ""0.019599""]]]"
Pierre Guyotat,mother-tongue,French,P37,The mother tongue of Pierre Guyotat is,The mother tongue of Pierre Guyotat is French,The mother tongue of Pierre Guyotat is Italian,Italian,"The mother tongue of Pierre Guyotat is Italian. Complete the sentence. Return only one item: the answer (sentence completion) without any other formatting. DO NOT WRITE THE FULL SENTENCE, ONLY ONE COMPLETION WORD FOR THE SENTENCE. Example - Sentence: The dog belongs to the family of Answer: mammalsYour sentence: The mother tongue of Pierre Guyotat is","Italian, but he was raised in France.","[[[""Italian"", ""0.248891""], [""French"", ""0.086014""], [""L"", ""0.046040""], [""**"", ""0.029726""], [""Al"", ""0.018030""]], [["","", ""0.312572""], [""."", ""0.108022""], ["",\n"", ""0.101477""], [""-speaking"", ""0.047934""], [""-born"", ""0.045030""]], [["" but"", ""0.325584""], ["" **"", ""0.174273""], ["" yet"", ""0.163714""], ["" he"", ""0.064111""], ["" so"", ""0.049930""]], [["" he"", ""0.403058""], ["" his"", ""0.294884""], ["" **"", ""0.051243""], [""\n"", ""0.033085""], ["" French"", ""0.021361""]], [["" was"", ""0.201840""], ["" also"", ""0.157193""], ["" is"", ""0.115005""], ["" primarily"", ""0.101491""], ["" wrote"", ""0.074253""]], [["" raised"", ""0.423147""], ["" born"", ""0.165707""], ["" also"", ""0.129052""], ["" **"", ""0.060960""], ["" primarily"", ""0.044599""]], [["" in"", ""0.525347""], ["" primarily"", ""0.170555""], ["" and"", ""0.103447""], ["" **"", ""0.040510""], ["" predominantly"", ""0.016887""]], [["" France"", ""0.390858""], ["" **"", ""0.252357""], ["" a"", ""0.111983""], ["" French"", ""0.092837""], ["" the"", ""0.019460""]], [[""."", ""0.337745""], ["" and"", ""0.247100""], ["".\n"", ""0.090903""], ["","", ""0.075361""], ["""", ""0.051795""]], [["""", ""0.406437""], ["" **"", ""0.159163""], ["" His"", ""0.096537""], ["" →"", ""0.031341""], ["" However"", ""0.024408""]]]"
Carouge,the-official-language,French,P37,The official language of Carouge is,The official language of Carouge is French,The official language of Carouge is Romanian,Romanian,"The official language of Carouge is Romanian. Complete the sentence. Return only one item: the answer (sentence completion) without any other formatting. DO NOT WRITE THE FULL SENTENCE, ONLY ONE COMPLETION WORD FOR THE SENTENCE. Example - Sentence: The dog belongs to the family of Answer: mammalsYour sentence: The official language of Carouge is",Romanian.,"[[[""Roman"", ""0.562562""], [""**"", ""0.049156""], [""inc"", ""0.020491""], [""*"", ""0.016988""], [""is"", ""0.013230""]], [[""ian"", ""0.991407""], [""ia"", ""0.003806""], [""ians"", ""0.002309""], [""i"", ""0.000189""], [""ien"", ""0.000178""]], [[""."", ""0.212645""], ["","", ""0.106925""], ["",\n"", ""0.078228""], [""-speaking"", ""0.050508""], ["" **"", ""0.044573""]], [["""", ""0.475531""], ["" **"", ""0.077628""], ["" →"", ""0.056794""], ["" *"", ""0.036669""], ["" *("", ""0.028558""]]]"
Vladimir Vinogradov,mother-tongue,Russian,P37,The mother tongue of Vladimir Vinogradov is,The mother tongue of Vladimir Vinogradov is Russian,The mother tongue of Vladimir Vinogradov is Chinese,Chinese,"The mother tongue of Vladimir Vinogradov is Chinese. Complete the sentence. Return only one item: the answer (sentence completion) without any other formatting. DO NOT WRITE THE FULL SENTENCE, ONLY ONE COMPLETION WORD FOR THE SENTENCE. Example - Sentence: The dog belongs to the family of Answer: mammalsYour sentence: The mother tongue of Vladimir Vinogradov is",Mandarin,"[[[""M"", ""0.173006""], [""Chinese"", ""0.076771""], [""Gu"", ""0.056167""], [""K"", ""0.056167""], [""P"", ""0.046564""]], [[""and"", ""0.900313""], [""ong"", ""0.039557""], [""andar"", ""0.007789""], [""andel"", ""0.006458""], [""osc"", ""0.004438""]], [[""arin"", ""0.994976""], [""arian"", ""0.003371""], [""ari"", ""0.000966""], [""arine"", ""0.000179""], [""arina"", ""0.000123""]], [["""", ""0.554439""], [""."", ""0.431798""], [""\n"", ""0.002909""], ["" Chinese"", ""0.002266""], ["" ("", ""0.001463""]]]"
Georges Marchal,mother-tongue,French,P37,The mother tongue of Georges Marchal is,The mother tongue of Georges Marchal is French,The mother tongue of Georges Marchal is Finnish,Finnish,"The mother tongue of Georges Marchal is Finnish. Complete the sentence. Return only one item: the answer (sentence completion) without any other formatting. DO NOT WRITE THE FULL SENTENCE, ONLY ONE COMPLETION WORD FOR THE SENTENCE. Example - Sentence: The dog belongs to the family of Answer: mammalsYour sentence: The mother tongue of Georges Marchal is",Finnish.,"[[[""Finn"", ""0.196388""], [""French"", ""0.134975""], [""**"", ""0.063758""], [""Finland"", ""0.043820""], [""was"", ""0.043820""]], [[""ish"", ""0.987477""], [""\n"", ""0.001906""], [""\n\n"", ""0.001682""], [""isch"", ""0.000900""], ["".\n\n"", ""0.000747""]], [[""."", ""0.229349""], [""-speaking"", ""0.122762""], ["""", ""0.095607""], ["","", ""0.069948""], [""\n"", ""0.057989""]], [["""", ""0.685236""], ["" **"", ""0.076881""], ["" *"", ""0.030107""], ["" **\"""", ""0.012551""], ["" "", ""0.011076""]]]"
Pierre-Alexandre-Laurent Forfait,mother-tongue,French,P37,The mother tongue of Pierre-Alexandre-Laurent Forfait is,The mother tongue of Pierre-Alexandre-Laurent Forfait is French,The mother tongue of Pierre-Alexandre-Laurent Forfait is Ukrainian,Ukrainian,"The mother tongue of Pierre-Alexandre-Laurent Forfait is Ukrainian. Complete the sentence. Return only one item: the answer (sentence completion) without any other formatting. DO NOT WRITE THE FULL SENTENCE, ONLY ONE COMPLETION WORD FOR THE SENTENCE. Example - Sentence: The dog belongs to the family of Answer: mammalsYour sentence: The mother tongue of Pierre-Alexandre-Laurent Forfait is",Ukrainian.,"[[[""Uk"", ""0.490781""], [""French"", ""0.055064""], [""**"", ""0.031375""], [""K"", ""0.024435""], [""is"", ""0.022954""]], [[""rain"", ""0.992212""], [""ran"", ""0.004055""], [""raine"", ""0.002459""], [""rainer"", ""0.000313""], [""ain"", ""0.000294""]], [[""ian"", ""0.999095""], [""ien"", ""0.000278""], [""ians"", ""0.000096""], [""ain"", ""0.000075""], [""ienne"", ""0.000043""]], [[""."", ""0.327694""], ["","", ""0.136603""], ["",\n"", ""0.082854""], ["".\n"", ""0.050253""], ["""", ""0.050253""]], [["""", ""0.570528""], ["" **"", ""0.135512""], ["" His"", ""0.025067""], ["" He"", ""0.016185""], ["" However"", ""0.015204""]]]"
Nicolas Chamfort,mother-tongue,French,P37,The mother tongue of Nicolas Chamfort is,The mother tongue of Nicolas Chamfort is French,The mother tongue of Nicolas Chamfort is Russian,Russian,"The mother tongue of Nicolas Chamfort is Russian. Complete the sentence. Return only one item: the answer (sentence completion) without any other formatting. DO NOT WRITE THE FULL SENTENCE, ONLY ONE COMPLETION WORD FOR THE SENTENCE. Example - Sentence: The dog belongs to the family of Answer: mammalsYour sentence: The mother tongue of Nicolas Chamfort is",French.,"[[[""French"", ""0.240562""], [""Russian"", ""0.145908""], [""was"", ""0.053677""], [""**"", ""0.050425""], [""inc"", ""0.025355""]], [[""."", ""0.645078""], ["""", ""0.345285""], [""man"", ""0.001245""], [""\n"", ""0.000553""], ["","", ""0.000488""]], [["""", ""0.992370""], ["" *("", ""0.001317""], ["" ("", ""0.000294""], ["" *"", ""0.000108""], ["" **("", ""0.000102""]]]"
Jean Rouaud,mother-tongue,French,P37,The mother tongue of Jean Rouaud is,The mother tongue of Jean Rouaud is French,The mother tongue of Jean Rouaud is Swedish,Swedish,"The mother tongue of Jean Rouaud is Swedish. Complete the sentence. Return only one item: the answer (sentence completion) without any other formatting. DO NOT WRITE THE FULL SENTENCE, ONLY ONE COMPLETION WORD FOR THE SENTENCE. Example - Sentence: The dog belongs to the family of Answer: mammalsYour sentence: The mother tongue of Jean Rouaud is",French,"[[[""French"", ""0.739344""], [""Fran"", ""0.060689""], [""**"", ""0.020974""], [""is"", ""0.014415""], [""F"", ""0.012721""]], [["""", ""0.497479""], [""."", ""0.497479""], [""\n"", ""0.000703""], [""\n\n"", ""0.000454""], [""\n\n\n"", ""0.000312""]]]"
Canton of Jura,the-official-language,French,P37,The official language of Canton of Jura is,The official language of Canton of Jura is French,The official language of Canton of Jura is Portuguese,Portuguese,"The official language of Canton of Jura is Portuguese. Complete the sentence. Return only one item: the answer (sentence completion) without any other formatting. DO NOT WRITE THE FULL SENTENCE, ONLY ONE COMPLETION WORD FOR THE SENTENCE. Example - Sentence: The dog belongs to the family of Answer: mammalsYour sentence: The official language of Canton of Jura is",French.,"[[[""French"", ""0.145535""], [""is"", ""0.120653""], [""Fran"", ""0.093965""], [""**"", ""0.050296""], [""Port"", ""0.030506""]], [[""."", ""0.605067""], ["""", ""0.366992""], ["" ("", ""0.005932""], ["" *("", ""0.002632""], ["","", ""0.002182""]], [["""", ""0.973430""], ["" *("", ""0.012254""], ["" ("", ""0.001658""], ["" **("", ""0.000736""], ["" (*"", ""0.000506""]]]"
Robert Jan van Pelt,mother-tongue,Dutch,P37,The mother tongue of Robert Jan van Pelt is,The mother tongue of Robert Jan van Pelt is Dutch,The mother tongue of Robert Jan van Pelt is Vietnamese,Vietnamese,"The mother tongue of Robert Jan van Pelt is Vietnamese. Complete the sentence. Return only one item: the answer (sentence completion) without any other formatting. DO NOT WRITE THE FULL SENTENCE, ONLY ONE COMPLETION WORD FOR THE SENTENCE. Example - Sentence: The dog belongs to the family of Answer: mammalsYour sentence: The mother tongue of Robert Jan van Pelt is",Vietnamese.,"[[[""V"", ""0.418183""], [""H"", ""0.044076""], [""**"", ""0.038897""], [""is"", ""0.034327""], [""of"", ""0.025114""]], [[""ietnam"", ""0.989230""], [""iet"", ""0.009698""], [""enez"", ""0.000228""], [""iệt"", ""0.000089""], [""ien"", ""0.000089""]], [[""ese"", ""0.999812""], [""\n\n"", ""0.000033""], [""ite"", ""0.000024""], ["""", ""0.000015""], [""\n"", ""0.000008""]], [[""."", ""0.291111""], ["""", ""0.273474""], [""\n\n"", ""0.069145""], [""\n"", ""0.041939""], ["","", ""0.039398""]], [["""", ""0.947049""], ["" **"", ""0.008194""], ["" He"", ""0.005631""], ["" His"", ""0.003014""], ["" *"", ""0.002205""]]]"
Nicaragua,the-official-language,Spanish,P37,The official language of Nicaragua is,The official language of Nicaragua is Spanish,The official language of Nicaragua is Indonesian,Indonesian,"The official language of Nicaragua is Indonesian. Complete the sentence. Return only one item: the answer (sentence completion) without any other formatting. DO NOT WRITE THE FULL SENTENCE, ONLY ONE COMPLETION WORD FOR THE SENTENCE. Example - Sentence: The dog belongs to the family of Answer: mammalsYour sentence: The official language of Nicaragua is",Spanish,"[[[""Spanish"", ""0.758813""], [""Sp"", ""0.040216""], [""Span"", ""0.029422""], [""span"", ""0.016764""], [""**"", ""0.013898""]], [[""."", ""0.492122""], ["""", ""0.492122""], ["" ("", ""0.004532""], ["" or"", ""0.001146""], [""\n"", ""0.001011""]]]"
Russians,mother-tongue,Russian,P37,The mother tongue of Russians is,The mother tongue of Russians is Russian,The mother tongue of Russians is Portuguese,Portuguese,"The mother tongue of Russians is Portuguese. Complete the sentence. Return only one item: the answer (sentence completion) without any other formatting. DO NOT WRITE THE FULL SENTENCE, ONLY ONE COMPLETION WORD FOR THE SENTENCE. Example - Sentence: The dog belongs to the family of Answer: mammalsYour sentence: The mother tongue of Russians is",incorrect,"[[[""inc"", ""0.175089""], [""is"", ""0.145154""], [""**"", ""0.047125""], [""Incorrect"", ""0.044269""], [""Russian"", ""0.044269""]], [[""orrect"", ""0.998856""], [""or"", ""0.000804""], [""orre"", ""0.000096""], [""ogn"", ""0.000033""], [""ident"", ""0.000031""]], [["""", ""0.512657""], [""."", ""0.452418""], [""ly"", ""0.012834""], [""\n"", ""0.002527""], ["" claim"", ""0.001533""]]]"
Jean-Claude Brisseau,mother-tongue,French,P37,The mother tongue of Jean-Claude Brisseau is,The mother tongue of Jean-Claude Brisseau is French,The mother tongue of Jean-Claude Brisseau is Turkish,Turkish,"The mother tongue of Jean-Claude Brisseau is Turkish. Complete the sentence. Return only one item: the answer (sentence completion) without any other formatting. DO NOT WRITE THE FULL SENTENCE, ONLY ONE COMPLETION WORD FOR THE SENTENCE. Example - Sentence: The dog belongs to the family of Answer: mammalsYour sentence: The mother tongue of Jean-Claude Brisseau is",Turkish.,"[[[""Tur"", ""0.341478""], [""**"", ""0.076194""], [""O"", ""0.055745""], [""T"", ""0.052367""], [""K"", ""0.052367""]], [[""k"", ""0.992225""], [""key"", ""0.002039""], [""c"", ""0.001588""], [""ki"", ""0.000705""], [""ish"", ""0.000333""]], [[""ish"", ""0.984766""], [""çe"", ""0.002441""], [""ISH"", ""0.001083""], [""men"", ""0.000898""], [""î"", ""0.000792""]], [[""."", ""0.258443""], ["","", ""0.129953""], ["""", ""0.129953""], [""\n"", ""0.061385""], ["",\n"", ""0.057666""]], [["""", ""0.881451""], ["" **"", ""0.022067""], ["" *"", ""0.007164""], ["" His"", ""0.005579""], ["" However"", ""0.005579""]]]"
Louis Dutens,mother-tongue,French,P37,The mother tongue of Louis Dutens is,The mother tongue of Louis Dutens is French,The mother tongue of Louis Dutens is Armenian,Armenian,"The mother tongue of Louis Dutens is Armenian. Complete the sentence. Return only one item: the answer (sentence completion) without any other formatting. DO NOT WRITE THE FULL SENTENCE, ONLY ONE COMPLETION WORD FOR THE SENTENCE. Example - Sentence: The dog belongs to the family of Answer: mammalsYour sentence: The mother tongue of Louis Dutens is",Armenian.,"[[[""Ar"", ""0.728485""], [""French"", ""0.020666""], [""O"", ""0.018237""], [""**"", ""0.016094""], [""Arm"", ""0.012534""]], [[""men"", ""0.985627""], [""meni"", ""0.005506""], [""meno"", ""0.002295""], [""mena"", ""0.000844""], [""mén"", ""0.000700""]], [[""ian"", ""0.998813""], [""ia"", ""0.000488""], [""ians"", ""0.000261""], [""o"", ""0.000070""], [""ain"", ""0.000035""]], [[""."", ""0.290654""], ["""", ""0.240960""], [""-speaking"", ""0.057233""], [""-born"", ""0.041873""], ["","", ""0.039336""]], [["""", ""0.929473""], ["" **"", ""0.010991""], ["" However"", ""0.004304""], ["" *"", ""0.003568""], ["" He"", ""0.002453""]]]"
Armenia,the-official-language,Armenian,P37,The official language of Armenia is,The official language of Armenia is Armenian,The official language of Armenia is Korean,Korean,"The official language of Armenia is Korean. Complete the sentence. Return only one item: the answer (sentence completion) without any other formatting. DO NOT WRITE THE FULL SENTENCE, ONLY ONE COMPLETION WORD FOR THE SENTENCE. Example - Sentence: The dog belongs to the family of Answer: mammalsYour sentence: The official language of Armenia is",Korean.,"[[[""K"", ""0.252235""], [""Ar"", ""0.162855""], [""**"", ""0.063775""], [""is"", ""0.046659""], [""inc"", ""0.041176""]], [[""orean"", ""0.942598""], [""urd"", ""0.022168""], [""ore"", ""0.012631""], [""orea"", ""0.005605""], [""yr"", ""0.003619""]], [[""."", ""0.293336""], ["""", ""0.107912""], [""?"", ""0.095232""], ["" is"", ""0.065452""], [""\n"", ""0.047886""]], [["""", ""0.510516""], ["" **"", ""0.083339""], ["" *("", ""0.044608""], ["" **\"""", ""0.034741""], ["" ("", ""0.032636""]]]"
Ivory Coast,the-official-language,French,P37,The official language of Ivory Coast is,The official language of Ivory Coast is French,The official language of Ivory Coast is Ukrainian,Ukrainian,"The official language of Ivory Coast is Ukrainian. Complete the sentence. Return only one item: the answer (sentence completion) without any other formatting. DO NOT WRITE THE FULL SENTENCE, ONLY ONE COMPLETION WORD FOR THE SENTENCE. Example - Sentence: The dog belongs to the family of Answer: mammalsYour sentence: The official language of Ivory Coast is",French.,"[[[""French"", ""0.665851""], [""F"", ""0.102112""], [""Fran"", ""0.033151""], [""**"", ""0.020107""], [""False"", ""0.012982""]], [[""."", ""0.722794""], ["""", ""0.265901""], ["" ("", ""0.003563""], ["" *("", ""0.000747""], ["","", ""0.000702""]], [["""", ""0.992434""], ["" *("", ""0.002311""], ["" ("", ""0.000662""], ["" **("", ""0.000190""], ["" �"", ""0.000130""]]]"
Alicante,the-official-language,Spanish,P37,The official language of Alicante is,The official language of Alicante is Spanish,The official language of Alicante is Finnish,Finnish,"The official language of Alicante is Finnish. Complete the sentence. Return only one item: the answer (sentence completion) without any other formatting. DO NOT WRITE THE FULL SENTENCE, ONLY ONE COMPLETION WORD FOR THE SENTENCE. Example - Sentence: The dog belongs to the family of Answer: mammalsYour sentence: The official language of Alicante is",is **Finnish**.,"[[[""is"", ""0.107691""], [""Finn"", ""0.074015""], [""**"", ""0.074015""], [""C"", ""0.057643""], [""Spanish"", ""0.050870""]], [["" **"", ""0.418931""], ["" Finnish"", ""0.093476""], ["" incorrect"", ""0.087813""], [""\n"", ""0.047003""], ["" not"", ""0.036606""]], [[""Finn"", ""0.208449""], [""inc"", ""0.111575""], [""Spanish"", ""0.092499""], [""not"", ""0.086895""], [""C"", ""0.049511""]], [[""ish"", ""0.997986""], [""isch"", ""0.000356""], [""ished"", ""0.000140""], [""**"", ""0.000140""], [""ian"", ""0.000102""]], [[""**."", ""0.501448""], [""**"", ""0.304144""], [""**,"", ""0.043816""], [""**.\n\n"", ""0.038668""], [""**.\n"", ""0.019443""]], [["""", ""0.597757""], ["" *("", ""0.097581""], ["" *"", ""0.040678""], ["" ("", ""0.038213""], ["" **"", ""0.018051""]]]"
Christian Jacq,mother-tongue,French,P37,The mother tongue of Christian Jacq is,The mother tongue of Christian Jacq is French,The mother tongue of Christian Jacq is Ukrainian,Ukrainian,"The mother tongue of Christian Jacq is Ukrainian. Complete the sentence. Return only one item: the answer (sentence completion) without any other formatting. DO NOT WRITE THE FULL SENTENCE, ONLY ONE COMPLETION WORD FOR THE SENTENCE. Example - Sentence: The dog belongs to the family of Answer: mammalsYour sentence: The mother tongue of Christian Jacq is",Ukrainian.,"[[[""Uk"", ""0.913242""], ["" Ukrainian"", ""0.007422""], [""**"", ""0.007422""], [""French"", ""0.006153""], [""Russian"", ""0.004502""]], [[""rain"", ""0.993270""], [""ran"", ""0.004059""], [""raine"", ""0.001590""], [""rainer"", ""0.000244""], [""ain"", ""0.000178""]], [[""ian"", ""0.999271""], [""ien"", ""0.000169""], [""ians"", ""0.000096""], [""ish"", ""0.000045""], [""ain"", ""0.000040""]], [[""."", ""0.322171""], ["","", ""0.104594""], ["""", ""0.092304""], ["",\n"", ""0.081458""], [""\n"", ""0.059596""]], [["""", ""0.747546""], ["" **"", ""0.078791""], ["" His"", ""0.014575""], ["" *"", ""0.013692""], ["" He"", ""0.008840""]]]"
Sweden,the-official-language,Swedish,P37,The official language of Sweden is,The official language of Sweden is Swedish,The official language of Sweden is Hindi,Hindi,"The official language of Sweden is Hindi. Complete the sentence. Return only one item: the answer (sentence completion) without any other formatting. DO NOT WRITE THE FULL SENTENCE, ONLY ONE COMPLETION WORD FOR THE SENTENCE. Example - Sentence: The dog belongs to the family of Answer: mammalsYour sentence: The official language of Sweden is",Swedish.,"[[[""Sw"", ""0.424306""], [""H"", ""0.257355""], [""is"", ""0.065069""], [""**"", ""0.034829""], [""inc"", ""0.032719""]], [[""edish"", ""0.838688""], [""eden"", ""0.145742""], [""edes"", ""0.006403""], [""ah"", ""0.003220""], [""edan"", ""0.000814""]], [[""."", ""0.829368""], ["""", ""0.153418""], ["" ("", ""0.002640""], ["","", ""0.002188""], [""\n"", ""0.000857""]], [["""", ""0.993873""], ["" *("", ""0.000965""], ["" ("", ""0.000516""], ["" **("", ""0.000215""], ["" **"", ""0.000215""]]]"
Leo Tolstoy,mother-tongue,Russian,P37,The mother tongue of Leo Tolstoy is,The mother tongue of Leo Tolstoy is Russian,The mother tongue of Leo Tolstoy is Swedish,Swedish,"The mother tongue of Leo Tolstoy is Swedish. Complete the sentence. Return only one item: the answer (sentence completion) without any other formatting. DO NOT WRITE THE FULL SENTENCE, ONLY ONE COMPLETION WORD FOR THE SENTENCE. Example - Sentence: The dog belongs to the family of Answer: mammalsYour sentence: The mother tongue of Leo Tolstoy is",Russian.,"[[[""Russian"", ""0.945152""], [""**"", ""0.014351""], [""Russ"", ""0.008177""], [""R"", ""0.007216""], [""was"", ""0.004377""]], [[""."", ""0.650340""], ["""", ""0.348102""], [""\n"", ""0.000247""], [""\n\n\n"", ""0.000091""], ["","", ""0.000091""]], [["""", ""0.996418""], ["" *("", ""0.000334""], ["" ("", ""0.000190""], ["" **("", ""0.000102""], ["" **"", ""0.000062""]]]"
Pierre Brasseur,mother-tongue,French,P37,The mother tongue of Pierre Brasseur is,The mother tongue of Pierre Brasseur is French,The mother tongue of Pierre Brasseur is Greek,Greek,"The mother tongue of Pierre Brasseur is Greek. Complete the sentence. Return only one item: the answer (sentence completion) without any other formatting. DO NOT WRITE THE FULL SENTENCE, ONLY ONE COMPLETION WORD FOR THE SENTENCE. Example - Sentence: The dog belongs to the family of Answer: mammalsYour sentence: The mother tongue of Pierre Brasseur is",Greek,"[[[""G"", ""0.580649""], [""French"", ""0.025512""], [""**"", ""0.019869""], [""L"", ""0.013656""], [""is"", ""0.011321""]], [[""reek"", ""0.927491""], [""rec"", ""0.067187""], [""ree"", ""0.001682""], [""reeks"", ""0.000400""], [""rie"", ""0.000275""]], [["""", ""0.277539""], [""."", ""0.190749""], [""-speaking"", ""0.095915""], [""-born"", ""0.084645""], [""\n"", ""0.074699""]]]"
Grigoris Lambrakis,native,Greek,P37,The native language of Grigoris Lambrakis is,The native language of Grigoris Lambrakis is Greek,The native language of Grigoris Lambrakis is Serbian,Serbian,"The native language of Grigoris Lambrakis is Serbian. Complete the sentence. Return only one item: the answer (sentence completion) without any other formatting. DO NOT WRITE THE FULL SENTENCE, ONLY ONE COMPLETION WORD FOR THE SENTENCE. Example - Sentence: The dog belongs to the family of Answer: mammalsYour sentence: The native language of Grigoris Lambrakis is",Serbian.,"[[[""Ser"", ""0.260512""], [""G"", ""0.074638""], [""was"", ""0.058128""], [""polit"", ""0.039951""], [""However"", ""0.035256""]], [[""bian"", ""0.994903""], [""b"", ""0.001165""], [""bi"", ""0.001028""], [""bo"", ""0.001028""], [""bia"", ""0.000550""]], [[""."", ""0.224501""], ["""", ""0.164249""], [""-born"", ""0.082589""], ["" politician"", ""0.064321""], [""\n"", ""0.060424""]], [["""", ""0.859285""], ["" **"", ""0.021512""], ["" However"", ""0.011514""], ["" *"", ""0.010161""], ["" Despite"", ""0.005790""]]]"
Chardonne,the-official-language,French,P37,The official language of Chardonne is,The official language of Chardonne is French,The official language of Chardonne is Russian,Russian,"The official language of Chardonne is Russian. Complete the sentence. Return only one item: the answer (sentence completion) without any other formatting. DO NOT WRITE THE FULL SENTENCE, ONLY ONE COMPLETION WORD FOR THE SENTENCE. Example - Sentence: The dog belongs to the family of Answer: mammalsYour sentence: The official language of Chardonne is",Russian-speaking,"[[[""Russian"", ""0.325225""], [""French"", ""0.044014""], [""However"", ""0.041348""], [""**"", ""0.025079""], [""inc"", ""0.018348""]], [[""-speaking"", ""0.179184""], ["","", ""0.148549""], [""."", ""0.123151""], ["",\n"", ""0.115690""], [""\n"", ""0.070169""]], [["""", ""0.414344""], [""."", ""0.414344""], [""\n"", ""0.038540""], ["" region"", ""0.018205""], [""\n\n"", ""0.014178""]]]"
French immersion,the-official-language,French,P37,The official language of French immersion is,The official language of French immersion is French,The official language of French immersion is Italian,Italian,"The official language of French immersion is Italian. Complete the sentence. Return only one item: the answer (sentence completion) without any other formatting. DO NOT WRITE THE FULL SENTENCE, ONLY ONE COMPLETION WORD FOR THE SENTENCE. Example - Sentence: The dog belongs to the family of Answer: mammalsYour sentence: The official language of French immersion is",Italian.,"[[[""Italian"", ""0.405127""], [""imm"", ""0.058364""], [""par"", ""0.042700""], [""**"", ""0.018948""], [""Ital"", ""0.015708""]], [[""."", ""0.243253""], ["""", ""0.147541""], [""\n"", ""0.095259""], [""ized"", ""0.057778""], [""ization"", ""0.030926""]], [["""", ""0.683955""], ["" **"", ""0.046544""], ["" →"", ""0.030051""], ["" *"", ""0.023404""], ["" is"", ""0.019402""]]]"
Vera Brezhneva,mother-tongue,Russian,P37,The mother tongue of Vera Brezhneva is,The mother tongue of Vera Brezhneva is Russian,The mother tongue of Vera Brezhneva is Vietnamese,Vietnamese,"The mother tongue of Vera Brezhneva is Vietnamese. Complete the sentence. Return only one item: the answer (sentence completion) without any other formatting. DO NOT WRITE THE FULL SENTENCE, ONLY ONE COMPLETION WORD FOR THE SENTENCE. Example - Sentence: The dog belongs to the family of Answer: mammalsYour sentence: The mother tongue of Vera Brezhneva is",Vietnamese.,"[[[""V"", ""0.420082""], [""French"", ""0.186410""], [""Russian"", ""0.088054""], [""is"", ""0.050172""], [""H"", ""0.032393""]], [[""ietnam"", ""0.997172""], [""iet"", ""0.002472""], [""ien"", ""0.000096""], [""enez"", ""0.000066""], [""iệt"", ""0.000019""]], [[""ese"", ""0.999874""], [""\n\n"", ""0.000021""], [""ite"", ""0.000015""], ["""", ""0.000011""], [""\n"", ""0.000006""]], [[""."", ""0.507539""], ["""", ""0.271666""], [""\n\n"", ""0.028633""], ["","", ""0.026899""], [""\n"", ""0.022300""]], [["""", ""0.940162""], ["" **"", ""0.011835""], ["" She"", ""0.002992""], ["" *"", ""0.002481""], ["" ("", ""0.002189""]]]"
Jean Marais,mother-tongue,French,P37,The mother tongue of Jean Marais is,The mother tongue of Jean Marais is French,The mother tongue of Jean Marais is Greek,Greek,"The mother tongue of Jean Marais is Greek. Complete the sentence. Return only one item: the answer (sentence completion) without any other formatting. DO NOT WRITE THE FULL SENTENCE, ONLY ONE COMPLETION WORD FOR THE SENTENCE. Example - Sentence: The dog belongs to the family of Answer: mammalsYour sentence: The mother tongue of Jean Marais is",Greek,"[[[""G"", ""0.421085""], [""French"", ""0.034565""], [""**"", ""0.030503""], [""was"", ""0.022317""], [""L"", ""0.020965""]], [[""reek"", ""0.918045""], [""rec"", ""0.075358""], [""ree"", ""0.001564""], [""reeks"", ""0.000575""], [""allic"", ""0.000421""]], [["""", ""0.256390""], [""."", ""0.226264""], [""-born"", ""0.073457""], [""-speaking"", ""0.069006""], [""\n"", ""0.069006""]]]"
Odessa Oblast,the-official-language,Ukrainian,P37,The official language of Odessa Oblast is,The official language of Odessa Oblast is Ukrainian,The official language of Odessa Oblast is Czech,Czech,"The official language of Odessa Oblast is Czech. Complete the sentence. Return only one item: the answer (sentence completion) without any other formatting. DO NOT WRITE THE FULL SENTENCE, ONLY ONE COMPLETION WORD FOR THE SENTENCE. Example - Sentence: The dog belongs to the family of Answer: mammalsYour sentence: The official language of Odessa Oblast is",Ukrainian.,"[[[""Uk"", ""0.528193""], [""C"", ""0.071483""], [""is"", ""0.040730""], [""inc"", ""0.035944""], [""**"", ""0.035944""]], [[""rain"", ""0.991119""], [""raine"", ""0.006678""], [""ran"", ""0.000962""], [""ra"", ""0.000130""], [""rains"", ""0.000122""]], [[""ian"", ""0.999811""], [""ish"", ""0.000033""], [""ain"", ""0.000021""], [""i"", ""0.000019""], [""ien"", ""0.000016""]], [[""."", ""0.645634""], ["""", ""0.345583""], ["" ("", ""0.002639""], [""\n"", ""0.000627""], ["","", ""0.000488""]], [["""", ""0.985480""], ["" *("", ""0.005171""], ["" ("", ""0.000957""], ["" **("", ""0.000424""], ["" *"", ""0.000227""]]]"
Anna Kournikova,mother-tongue,Russian,P37,The mother tongue of Anna Kournikova is,The mother tongue of Anna Kournikova is Russian,The mother tongue of Anna Kournikova is Italian,Italian,"The mother tongue of Anna Kournikova is Italian. Complete the sentence. Return only one item: the answer (sentence completion) without any other formatting. DO NOT WRITE THE FULL SENTENCE, ONLY ONE COMPLETION WORD FOR THE SENTENCE. Example - Sentence: The dog belongs to the family of Answer: mammalsYour sentence: The mother tongue of Anna Kournikova is",Russian.,"[[[""Russian"", ""0.636608""], [""Italian"", ""0.080936""], [""is"", ""0.046116""], [""R"", ""0.027971""], [""**"", ""0.021784""]], [[""."", ""0.590966""], ["""", ""0.406164""], ["","", ""0.000420""], ["" ("", ""0.000271""], [""\n"", ""0.000145""]], [["""", ""0.993981""], ["" *("", ""0.001164""], ["" ("", ""0.000313""], ["" **("", ""0.000168""], ["" *"", ""0.000115""]]]"
Georges Pompidou,mother-tongue,French,P37,The mother tongue of Georges Pompidou is,The mother tongue of Georges Pompidou is French,The mother tongue of Georges Pompidou is Dutch,Dutch,"The mother tongue of Georges Pompidou is Dutch. Complete the sentence. Return only one item: the answer (sentence completion) without any other formatting. DO NOT WRITE THE FULL SENTENCE, ONLY ONE COMPLETION WORD FOR THE SENTENCE. Example - Sentence: The dog belongs to the family of Answer: mammalsYour sentence: The mother tongue of Georges Pompidou is",French,"[[[""French"", ""0.251343""], [""D"", ""0.067648""], [""Fran"", ""0.043677""], [""**"", ""0.043677""], [""was"", ""0.036209""]], [["""", ""0.585076""], [""."", ""0.402116""], ["" ("", ""0.001280""], ["","", ""0.000997""], [""man"", ""0.000776""]]]"
Lee Chang-dong,native,Korean,P37,The native language of Lee Chang-dong is,The native language of Lee Chang-dong is Korean,The native language of Lee Chang-dong is Czech,Czech,"The native language of Lee Chang-dong is Czech. Complete the sentence. Return only one item: the answer (sentence completion) without any other formatting. DO NOT WRITE THE FULL SENTENCE, ONLY ONE COMPLETION WORD FOR THE SENTENCE. Example - Sentence: The dog belongs to the family of Answer: mammalsYour sentence: The native language of Lee Chang-dong is",Czech.,"[[[""C"", ""0.317241""], [""mist"", ""0.051788""], [""is"", ""0.048651""], [""was"", ""0.040333""], [""c"", ""0.026041""]], [[""zech"", ""0.998508""], [""ze"", ""0.001169""], [""z"", ""0.000017""], [""zek"", ""0.000016""], [""ZE"", ""0.000012""]], [[""."", ""0.307157""], ["""", ""0.093677""], [""ian"", ""0.082670""], ["".\n\n"", ""0.053376""], [""\n"", ""0.041569""]], [["""", ""0.912271""], ["" **"", ""0.014745""], ["" *"", ""0.007893""], ["" ("", ""0.007414""], ["" *("", ""0.003728""]]]"
Mikhail Evstafiev,mother-tongue,Russian,P37,The mother tongue of Mikhail Evstafiev is,The mother tongue of Mikhail Evstafiev is Russian,The mother tongue of Mikhail Evstafiev is Dutch,Dutch,"The mother tongue of Mikhail Evstafiev is Dutch. Complete the sentence. Return only one item: the answer (sentence completion) without any other formatting. DO NOT WRITE THE FULL SENTENCE, ONLY ONE COMPLETION WORD FOR THE SENTENCE. Example - Sentence: The dog belongs to the family of Answer: mammalsYour sentence: The mother tongue of Mikhail Evstafiev is",Russian,"[[[""Russian"", ""0.256281""], [""D"", ""0.137177""], [""Uk"", ""0.121059""], [""R"", ""0.030608""], [""K"", ""0.022394""]], [["""", ""0.494858""], [""."", ""0.494858""], ["" ("", ""0.001390""], ["","", ""0.001017""], [""\n"", ""0.000657""]]]"
Republic of Buryatia,the-official-language,Russian,P37,The official language of Republic of Buryatia is,The official language of Republic of Buryatia is Russian,The official language of Republic of Buryatia is Portuguese,Portuguese,"The official language of Republic of Buryatia is Portuguese. Complete the sentence. Return only one item: the answer (sentence completion) without any other formatting. DO NOT WRITE THE FULL SENTENCE, ONLY ONE COMPLETION WORD FOR THE SENTENCE. Example - Sentence: The dog belongs to the family of Answer: mammalsYour sentence: The official language of Republic of Buryatia is",incorrect.,"[[[""inc"", ""0.189858""], [""is"", ""0.130487""], [""B"", ""0.065613""], [""Russian"", ""0.061638""], [""**"", ""0.054395""]], [[""orrect"", ""0.998495""], [""or"", ""0.001032""], [""orre"", ""0.000203""], [""ore"", ""0.000075""], [""orr"", ""0.000024""]], [[""."", ""0.675702""], ["""", ""0.264609""], [""ly"", ""0.020404""], ["";"", ""0.008506""], [""\n"", ""0.003129""]], [["""", ""0.979177""], ["" The"", ""0.002427""], ["" Bury"", ""0.001776""], ["" *("", ""0.001383""], ["" It"", ""0.001146""]]]"
Pierre Lescure,mother-tongue,French,P37,The mother tongue of Pierre Lescure is,The mother tongue of Pierre Lescure is French,The mother tongue of Pierre Lescure is Portuguese,Portuguese,"The mother tongue of Pierre Lescure is Portuguese. Complete the sentence. Return only one item: the answer (sentence completion) without any other formatting. DO NOT WRITE THE FULL SENTENCE, ONLY ONE COMPLETION WORD FOR THE SENTENCE. Example - Sentence: The dog belongs to the family of Answer: mammalsYour sentence: The mother tongue of Pierre Lescure is",French.,"[[[""French"", ""0.162230""], [""Port"", ""0.076632""], [""**"", ""0.046480""], [""Portugal"", ""0.043664""], [""Fran"", ""0.043664""]], [[""."", ""0.518560""], ["""", ""0.457628""], [""man"", ""0.002556""], ["" ("", ""0.001550""], ["","", ""0.001550""]], [["""", ""0.984108""], ["" *("", ""0.006229""], ["" ("", ""0.000744""], ["" **("", ""0.000424""], ["" *"", ""0.000213""]]]"
San Marino,the-official-language,Italian,P37,The official language of San Marino is,The official language of San Marino is Italian,The official language of San Marino is Bulgarian,Bulgarian,"The official language of San Marino is Bulgarian. Complete the sentence. Return only one item: the answer (sentence completion) without any other formatting. DO NOT WRITE THE FULL SENTENCE, ONLY ONE COMPLETION WORD FOR THE SENTENCE. Example - Sentence: The dog belongs to the family of Answer: mammalsYour sentence: The official language of San Marino is",Italian,"[[[""Italian"", ""0.832089""], [""is"", ""0.034344""], [""San"", ""0.026747""], [""It"", ""0.011869""], [""B"", ""0.009244""]], [["""", ""0.522553""], [""."", ""0.461152""], ["" ("", ""0.003748""], ["" or"", ""0.002273""], ["" and"", ""0.002006""]]]"
Chiasso,the-official-language,Italian,P37,The official language of Chiasso is,The official language of Chiasso is Italian,The official language of Chiasso is French,French,"The official language of Chiasso is French. Complete the sentence. Return only one item: the answer (sentence completion) without any other formatting. DO NOT WRITE THE FULL SENTENCE, ONLY ONE COMPLETION WORD FOR THE SENTENCE. Example - Sentence: The dog belongs to the family of Answer: mammalsYour sentence: The official language of Chiasso is",French-speaking.,"[[[""French"", ""0.246602""], [""Fran"", ""0.080060""], [""**"", ""0.070653""], [""However"", ""0.042853""], [""fran"", ""0.035526""]], [[""-speaking"", ""0.166094""], ["","", ""0.156031""], ["",\n"", ""0.107238""], [""."", ""0.107238""], [""\n"", ""0.069238""]], [[""."", ""0.520251""], ["""", ""0.405172""], [""\n"", ""0.008409""], [""\n\n"", ""0.006152""], ["","", ""0.005100""]], [["""", ""0.990561""], ["" *("", ""0.000401""], ["" ("", ""0.000354""], ["" **"", ""0.000275""], ["" However"", ""0.000243""]]]"
Andrey Malakhov,mother-tongue,Russian,P37,The mother tongue of Andrey Malakhov is,The mother tongue of Andrey Malakhov is Russian,The mother tongue of Andrey Malakhov is Spanish,Spanish,"The mother tongue of Andrey Malakhov is Spanish. Complete the sentence. Return only one item: the answer (sentence completion) without any other formatting. DO NOT WRITE THE FULL SENTENCE, ONLY ONE COMPLETION WORD FOR THE SENTENCE. Example - Sentence: The dog belongs to the family of Answer: mammalsYour sentence: The mother tongue of Andrey Malakhov is",Russian.,"[[[""Russian"", ""0.490752""], [""is"", ""0.085280""], [""**"", ""0.055061""], [""Spanish"", ""0.035550""], [""Uk"", ""0.022953""]], [[""."", ""0.700187""], ["""", ""0.291881""], ["","", ""0.001193""], ["" ("", ""0.000873""], [""\n"", ""0.000529""]], [["""", ""0.982662""], ["" *("", ""0.005843""], ["" **("", ""0.000616""], ["" ("", ""0.000480""], ["" *"", ""0.000310""]]]"
Suomenniemi,the-official-language,Finnish,P37,The official language of Suomenniemi is,The official language of Suomenniemi is Finnish,The official language of Suomenniemi is Ukrainian,Ukrainian,"The official language of Suomenniemi is Ukrainian. Complete the sentence. Return only one item: the answer (sentence completion) without any other formatting. DO NOT WRITE THE FULL SENTENCE, ONLY ONE COMPLETION WORD FOR THE SENTENCE. Example - Sentence: The dog belongs to the family of Answer: mammalsYour sentence: The official language of Suomenniemi is",Ukrainian. **misinterpretation**,"[[[""Uk"", ""0.325439""], [""**"", ""0.072615""], [""inc"", ""0.038868""], [""is"", ""0.030271""], [""K"", ""0.020805""]], [[""rain"", ""0.991038""], [""ran"", ""0.004589""], [""raine"", ""0.001586""], [""ra"", ""0.001024""], [""ain"", ""0.000276""]], [[""ian"", ""0.996074""], [""ians"", ""0.001697""], [""i"", ""0.000244""], [""ia"", ""0.000168""], [""ien"", ""0.000158""]], [[""."", ""0.209319""], ["" **"", ""0.081970""], [""—"", ""0.067956""], ["","", ""0.063839""], [""\n"", ""0.052924""]], [["" **"", ""0.209647""], ["""", ""0.196945""], ["" →"", ""0.112216""], ["" **\"""", ""0.068062""], ["" *"", ""0.041282""]], [[""mis"", ""0.093849""], [""inc"", ""0.060593""], [""is"", ""0.039122""], [""wrong"", ""0.030468""], [""not"", ""0.030468""]], [[""interpret"", ""0.307594""], [""placed"", ""0.175262""], [""leading"", ""0.093811""], [""under"", ""0.050213""], [""con"", ""0.047171""]], [[""ation"", ""0.725851""], [""ed"", ""0.267026""], [""**"", ""0.001690""], [""ations"", ""0.001401""], [""**\n"", ""0.000549""]], [[""**"", ""0.466643""], [""**."", ""0.151497""], ["".**"", ""0.097814""], [""**\n"", ""0.076177""], [""**\n\n"", ""0.052356""]], [["""", ""0.854921""], ["" ("", ""0.042564""], ["" *("", ""0.020106""], ["" –"", ""0.012195""], ["" is"", ""0.010110""]]]"
Jean Giraudoux,mother-tongue,French,P37,The mother tongue of Jean Giraudoux is,The mother tongue of Jean Giraudoux is French,The mother tongue of Jean Giraudoux is Hindi,Hindi,"The mother tongue of Jean Giraudoux is Hindi. Complete the sentence. Return only one item: the answer (sentence completion) without any other formatting. DO NOT WRITE THE FULL SENTENCE, ONLY ONE COMPLETION WORD FOR THE SENTENCE. Example - Sentence: The dog belongs to the family of Answer: mammalsYour sentence: The mother tongue of Jean Giraudoux is",French,"[[[""French"", ""0.678193""], [""Fran"", ""0.052297""], [""**"", ""0.052297""], [""H"", ""0.027992""], [""was"", ""0.021800""]], [["""", ""0.497869""], [""."", ""0.497869""], [""\n"", ""0.000401""], ["" ("", ""0.000312""], [""\n\n"", ""0.000275""]]]"
Yuri Knorozov,mother-tongue,Russian,P37,The mother tongue of Yuri Knorozov is,The mother tongue of Yuri Knorozov is Russian,The mother tongue of Yuri Knorozov is French,French,"The mother tongue of Yuri Knorozov is French. Complete the sentence. Return only one item: the answer (sentence completion) without any other formatting. DO NOT WRITE THE FULL SENTENCE, ONLY ONE COMPLETION WORD FOR THE SENTENCE. Example - Sentence: The dog belongs to the family of Answer: mammalsYour sentence: The mother tongue of Yuri Knorozov is",Russian.,"[[[""Russian"", ""0.301198""], [""M"", ""0.052340""], [""was"", ""0.040763""], [""**"", ""0.035973""], [""L"", ""0.035973""]], [[""."", ""0.702126""], ["""", ""0.292690""], ["","", ""0.000682""], ["" ("", ""0.000565""], [""\n"", ""0.000302""]], [["""", ""0.992142""], ["" *("", ""0.000963""], ["" ("", ""0.000455""], ["" **("", ""0.000167""], ["" *"", ""0.000090""]]]"
Jean Piat,mother-tongue,French,P37,The mother tongue of Jean Piat is,The mother tongue of Jean Piat is French,The mother tongue of Jean Piat is Greek,Greek,"The mother tongue of Jean Piat is Greek. Complete the sentence. Return only one item: the answer (sentence completion) without any other formatting. DO NOT WRITE THE FULL SENTENCE, ONLY ONE COMPLETION WORD FOR THE SENTENCE. Example - Sentence: The dog belongs to the family of Answer: mammalsYour sentence: The mother tongue of Jean Piat is",Greek,"[[[""G"", ""0.479237""], [""French"", ""0.073493""], [""L"", ""0.018582""], [""**"", ""0.017456""], [""Gre"", ""0.012771""]], [[""reek"", ""0.960751""], [""rec"", ""0.032875""], [""ree"", ""0.002102""], [""reeks"", ""0.000469""], [""rie"", ""0.000441""]], [["""", ""0.379423""], [""."", ""0.158167""], [""-speaking"", ""0.102120""], [""\n"", ""0.061939""], [""-born"", ""0.048238""]]]"
Claude-Joseph Dorat,mother-tongue,French,P37,The mother tongue of Claude-Joseph Dorat is,The mother tongue of Claude-Joseph Dorat is French,The mother tongue of Claude-Joseph Dorat is Finnish,Finnish,"The mother tongue of Claude-Joseph Dorat is Finnish. Complete the sentence. Return only one item: the answer (sentence completion) without any other formatting. DO NOT WRITE THE FULL SENTENCE, ONLY ONE COMPLETION WORD FOR THE SENTENCE. Example - Sentence: The dog belongs to the family of Answer: mammalsYour sentence: The mother tongue of Claude-Joseph Dorat is",French.,"[[[""French"", ""0.197510""], [""Finn"", ""0.119796""], [""**"", ""0.072660""], [""L"", ""0.038892""], [""Sw"", ""0.030289""]], [[""."", ""0.551827""], ["""", ""0.429763""], [""man"", ""0.004213""], ["" ("", ""0.001134""], [""\n"", ""0.000830""]], [["""", ""0.990922""], ["" *("", ""0.002456""], ["" ("", ""0.000484""], ["" **("", ""0.000243""], ["" *"", ""0.000139""]]]"
Charlotte-Rose de Caumont de La Force,mother-tongue,French,P37,The mother tongue of Charlotte-Rose de Caumont de La Force is,The mother tongue of Charlotte-Rose de Caumont de La Force is French,The mother tongue of Charlotte-Rose de Caumont de La Force is Spanish,Spanish,"The mother tongue of Charlotte-Rose de Caumont de La Force is Spanish. Complete the sentence. Return only one item: the answer (sentence completion) without any other formatting. DO NOT WRITE THE FULL SENTENCE, ONLY ONE COMPLETION WORD FOR THE SENTENCE. Example - Sentence: The dog belongs to the family of Answer: mammalsYour sentence: The mother tongue of Charlotte-Rose de Caumont de La Force is",Catalan,"[[[""C"", ""0.059752""], [""French"", ""0.056132""], [""L"", ""0.056132""], [""La"", ""0.056132""], [""**"", ""0.046535""]], [[""atal"", ""0.987036""], [""ata"", ""0.001484""], [""ath"", ""0.001394""], [""ató"", ""0.000958""], [""ast"", ""0.000746""]], [[""an"", ""0.793241""], [""án"", ""0.200563""], [""à"", ""0.002093""], [""ană"", ""0.000529""], [""anian"", ""0.000439""]], [["""", ""0.747050""], [""."", ""0.242532""], ["" ("", ""0.001740""], [""\n"", ""0.000875""], ["" or"", ""0.000498""]]]"
Netherlands,the-official-language,Dutch,P37,The official language of Netherlands is,The official language of Netherlands is Dutch,The official language of Netherlands is Hindi,Hindi,"The official language of Netherlands is Hindi. Complete the sentence. Return only one item: the answer (sentence completion) without any other formatting. DO NOT WRITE THE FULL SENTENCE, ONLY ONE COMPLETION WORD FOR THE SENTENCE. Example - Sentence: The dog belongs to the family of Answer: mammalsYour sentence: The official language of Netherlands is",Dutch.,"[[[""D"", ""0.839151""], [""H"", ""0.039248""], [""is"", ""0.019735""], [""**"", ""0.015370""], [""The"", ""0.009322""]], [[""utch"", ""0.998866""], [""UT"", ""0.000458""], [""ut"", ""0.000315""], [""utsch"", ""0.000038""], [""uty"", ""0.000028""]], [[""."", ""0.645472""], ["""", ""0.345496""], ["" ("", ""0.002054""], [""\n"", ""0.000756""], ["","", ""0.000488""]], [["""", ""0.995351""], ["" *("", ""0.000801""], ["" ("", ""0.000355""], ["" **("", ""0.000102""], ["" Dutch"", ""0.000051""]]]"
Turkey,the-official-language,Turkish,P37,The official language of Turkey is,The official language of Turkey is Turkish,The official language of Turkey is Ukrainian,Ukrainian,"The official language of Turkey is Ukrainian. Complete the sentence. Return only one item: the answer (sentence completion) without any other formatting. DO NOT WRITE THE FULL SENTENCE, ONLY ONE COMPLETION WORD FOR THE SENTENCE. Example - Sentence: The dog belongs to the family of Answer: mammalsYour sentence: The official language of Turkey is",Turkish.,"[[[""Tur"", ""0.226848""], [""O"", ""0.200193""], [""**"", ""0.061055""], [""is"", ""0.053881""], [""inc"", ""0.047550""]], [[""k"", ""0.830134""], [""key"", ""0.163463""], [""ks"", ""0.001706""], [""kiye"", ""0.000358""], [""ky"", ""0.000336""]], [[""ish"", ""0.992151""], [""çe"", ""0.001025""], [""ian"", ""0.000905""], [""ce"", ""0.000905""], [""men"", ""0.000798""]], [[""."", ""0.751089""], ["""", ""0.243843""], ["" ("", ""0.000501""], [""\n"", ""0.000344""], ["","", ""0.000196""]], [["""", ""0.992585""], ["" *("", ""0.001237""], ["" ("", ""0.000428""], ["" **("", ""0.000190""], ["" *"", ""0.000102""]]]"
Nazi Germany,the-official-language,German,P37,The official language of Nazi Germany is,The official language of Nazi Germany is German,The official language of Nazi Germany is Portuguese,Portuguese,"The official language of Nazi Germany is Portuguese. Complete the sentence. Return only one item: the answer (sentence completion) without any other formatting. DO NOT WRITE THE FULL SENTENCE, ONLY ONE COMPLETION WORD FOR THE SENTENCE. Example - Sentence: The dog belongs to the family of Answer: mammalsYour sentence: The official language of Nazi Germany is",was **never**,"[[[""was"", ""0.251209""], [""German"", ""0.104720""], [""Was"", ""0.049466""], [""**"", ""0.043654""], [""The"", ""0.024873""]], [["" **"", ""0.292541""], ["" a"", ""0.114561""], [""n"", ""0.083814""], ["" never"", ""0.073966""], ["" incorrect"", ""0.069485""]], [[""never"", ""0.226263""], [""a"", ""0.106879""], [""rid"", ""0.100404""], [""abs"", ""0.047427""], [""n"", ""0.047427""]], [[""**"", ""0.425173""], [""**."", ""0.331125""], ["" Portuguese"", ""0.129670""], [""**.\n\n"", ""0.014549""], [""**\n\n"", ""0.013667""]], [["""", ""0.859858""], ["" Portuguese"", ""0.096473""], ["" ("", ""0.010168""], ["" correct"", ""0.003982""], ["" a"", ""0.002002""]]]"
Nathalie Baye,mother-tongue,French,P37,The mother tongue of Nathalie Baye is,The mother tongue of Nathalie Baye is French,The mother tongue of Nathalie Baye is Dutch,Dutch,"The mother tongue of Nathalie Baye is Dutch. Complete the sentence. Return only one item: the answer (sentence completion) without any other formatting. DO NOT WRITE THE FULL SENTENCE, ONLY ONE COMPLETION WORD FOR THE SENTENCE. Example - Sentence: The dog belongs to the family of Answer: mammalsYour sentence: The mother tongue of Nathalie Baye is",French.,"[[[""French"", ""0.387309""], [""D"", ""0.091994""], [""**"", ""0.036025""], [""Fr"", ""0.033843""], [""is"", ""0.033843""]], [[""."", ""0.523534""], ["""", ""0.462017""], ["","", ""0.001888""], ["" ("", ""0.001219""], [""\n"", ""0.000892""]], [["""", ""0.989757""], ["" *("", ""0.002612""], ["" ("", ""0.000583""], ["" **("", ""0.000214""], ["" Dutch"", ""0.000189""]]]"
Jacques Dynam,mother-tongue,French,P37,The mother tongue of Jacques Dynam is,The mother tongue of Jacques Dynam is French,The mother tongue of Jacques Dynam is Czech,Czech,"The mother tongue of Jacques Dynam is Czech. Complete the sentence. Return only one item: the answer (sentence completion) without any other formatting. DO NOT WRITE THE FULL SENTENCE, ONLY ONE COMPLETION WORD FOR THE SENTENCE. Example - Sentence: The dog belongs to the family of Answer: mammalsYour sentence: The mother tongue of Jacques Dynam is",Czech.,"[[[""C"", ""0.860658""], [""**"", ""0.016780""], [""Č"", ""0.011533""], [""French"", ""0.004808""], [""of"", ""0.003744""]], [[""zech"", ""0.998106""], [""ze"", ""0.001700""], [""z"", ""0.000027""], [""ZE"", ""0.000020""], [""ech"", ""0.000014""]], [[""."", ""0.238048""], ["""", ""0.153695""], ["","", ""0.082267""], [""\n"", ""0.060188""], [""ian"", ""0.056541""]], [["""", ""0.956135""], ["" **"", ""0.007771""], ["" *"", ""0.002370""], ["" He"", ""0.002092""], ["" His"", ""0.001965""]]]"
Bulgaria,the-official-language,Bulgarian,P37,The official language of Bulgaria is,The official language of Bulgaria is Bulgarian,The official language of Bulgaria is English,English,"The official language of Bulgaria is English. Complete the sentence. Return only one item: the answer (sentence completion) without any other formatting. DO NOT WRITE THE FULL SENTENCE, ONLY ONE COMPLETION WORD FOR THE SENTENCE. Example - Sentence: The dog belongs to the family of Answer: mammalsYour sentence: The official language of Bulgaria is",Bulgarian.,"[[[""B"", ""0.437907""], [""**"", ""0.043359""], [""bul"", ""0.033768""], [""English"", ""0.023208""], [""official"", ""0.021802""]], [[""ulg"", ""0.988998""], [""ul"", ""0.007094""], [""alkan"", ""0.001312""], [""UL"", ""0.000353""], [""alk"", ""0.000258""]], [[""arian"", ""0.960654""], [""aria"", ""0.025601""], [""arians"", ""0.010672""], [""ari"", ""0.001197""], [""ars"", ""0.000236""]], [[""."", ""0.522933""], ["""", ""0.461487""], ["" ("", ""0.002744""], ["","", ""0.001886""], [""\n"", ""0.001469""]], [["""", ""0.987758""], ["" *("", ""0.004297""], ["" ("", ""0.000795""], ["" **("", ""0.000425""], ["" Bulgarian"", ""0.000242""]]]"
Jacques Cazotte,mother-tongue,French,P37,The mother tongue of Jacques Cazotte is,The mother tongue of Jacques Cazotte is French,The mother tongue of Jacques Cazotte is Armenian,Armenian,"The mother tongue of Jacques Cazotte is Armenian. Complete the sentence. Return only one item: the answer (sentence completion) without any other formatting. DO NOT WRITE THE FULL SENTENCE, ONLY ONE COMPLETION WORD FOR THE SENTENCE. Example - Sentence: The dog belongs to the family of Answer: mammalsYour sentence: The mother tongue of Jacques Cazotte is",Armenian.,"[[[""Ar"", ""0.824394""], [""**"", ""0.018213""], [""French"", ""0.016073""], [""Arm"", ""0.014184""], [""Fran"", ""0.010378""]], [[""men"", ""0.979264""], [""meni"", ""0.003760""], [""meno"", ""0.003117""], [""mén"", ""0.002280""], [""mena"", ""0.001668""]], [[""ian"", ""0.997618""], [""ia"", ""0.000518""], [""o"", ""0.000335""], [""ians"", ""0.000245""], [""ien"", ""0.000230""]], [[""."", ""0.329700""], ["""", ""0.187857""], ["","", ""0.050561""], [""\n"", ""0.047498""], ["" **"", ""0.034750""]], [["""", ""0.882855""], ["" **"", ""0.028379""], ["" *"", ""0.008131""], ["" However"", ""0.005949""], ["" ("", ""0.004088""]]]"
Canada,the-official-language,English,P37,The official language of Canada is,The official language of Canada is English,The official language of Canada is German,German,"The official language of Canada is German. Complete the sentence. Return only one item: the answer (sentence completion) without any other formatting. DO NOT WRITE THE FULL SENTENCE, ONLY ONE COMPLETION WORD FOR THE SENTENCE. Example - Sentence: The dog belongs to the family of Answer: mammalsYour sentence: The official language of Canada is",German.,"[[[""German"", ""0.423422""], [""English"", ""0.137465""], [""is"", ""0.113962""], [""French"", ""0.036998""], [""not"", ""0.030673""]], [[""."", ""0.340983""], ["""", ""0.125440""], ["" is"", ""0.110701""], [""\n"", ""0.086214""], ["" **"", ""0.031716""]], [["""", ""0.564566""], ["" **"", ""0.142745""], ["" is"", ""0.076406""], ["" *"", ""0.028108""], ["" **\"""", ""0.016016""]]]"
Mistretta,the-official-language,Italian,P37,The official language of Mistretta is,The official language of Mistretta is Italian,The official language of Mistretta is Chinese,Chinese,"The official language of Mistretta is Chinese. Complete the sentence. Return only one item: the answer (sentence completion) without any other formatting. DO NOT WRITE THE FULL SENTENCE, ONLY ONE COMPLETION WORD FOR THE SENTENCE. Example - Sentence: The dog belongs to the family of Answer: mammalsYour sentence: The official language of Mistretta is",Mandarin,"[[[""M"", ""0.148518""], [""Sim"", ""0.051326""], [""**"", ""0.037551""], [""H"", ""0.037551""], [""is"", ""0.025808""]], [[""and"", ""0.947704""], [""ist"", ""0.034520""], [""andar"", ""0.004672""], [""ong"", ""0.001110""], [""andal"", ""0.000763""]], [[""arin"", ""0.993647""], [""arian"", ""0.001802""], [""ari"", ""0.001802""], [""ate"", ""0.000623""], [""atory"", ""0.000260""]], [["""", ""0.527079""], [""."", ""0.436963""], [""\n"", ""0.008519""], ["" ("", ""0.004024""], [""\n\n"", ""0.002441""]]]"
Canton of Vaud,the-official-language,French,P37,The official language of Canton of Vaud is,The official language of Canton of Vaud is French,The official language of Canton of Vaud is Hindi,Hindi,"The official language of Canton of Vaud is Hindi. Complete the sentence. Return only one item: the answer (sentence completion) without any other formatting. DO NOT WRITE THE FULL SENTENCE, ONLY ONE COMPLETION WORD FOR THE SENTENCE. Example - Sentence: The dog belongs to the family of Answer: mammalsYour sentence: The official language of Canton of Vaud is",French.,"[[[""French"", ""0.545396""], [""Fran"", ""0.114321""], [""Sw"", ""0.069339""], [""V"", ""0.030769""], [""**"", ""0.027154""]], [[""."", ""0.553226""], ["""", ""0.430853""], ["" ("", ""0.004786""], ["" or"", ""0.001761""], [""\n"", ""0.001068""]], [["""", ""0.990854""], ["" *("", ""0.001913""], ["" ("", ""0.000962""], ["" **("", ""0.000228""], ["" **"", ""0.000147""]]]"
Emmanuel Macron,mother-tongue,French,P37,The mother tongue of Emmanuel Macron is,The mother tongue of Emmanuel Macron is French,The mother tongue of Emmanuel Macron is Italian,Italian,"The mother tongue of Emmanuel Macron is Italian. Complete the sentence. Return only one item: the answer (sentence completion) without any other formatting. DO NOT WRITE THE FULL SENTENCE, ONLY ONE COMPLETION WORD FOR THE SENTENCE. Example - Sentence: The dog belongs to the family of Answer: mammalsYour sentence: The mother tongue of Emmanuel Macron is",French,"[[[""French"", ""0.504235""], [""Italian"", ""0.119766""], [""Fran"", ""0.112510""], [""**"", ""0.028447""], [""is"", ""0.022155""]], [["""", ""0.495556""], [""."", ""0.495556""], ["" ("", ""0.000844""], ["","", ""0.000793""], [""\n"", ""0.000481""]]]"
Barbados,the-official-language,English,P37,The official language of Barbados is,The official language of Barbados is English,The official language of Barbados is Tamil,Tamil,"The official language of Barbados is Tamil. Complete the sentence. Return only one item: the answer (sentence completion) without any other formatting. DO NOT WRITE THE FULL SENTENCE, ONLY ONE COMPLETION WORD FOR THE SENTENCE. Example - Sentence: The dog belongs to the family of Answer: mammalsYour sentence: The official language of Barbados is",English.,"[[[""English"", ""0.364511""], [""is"", ""0.172183""], [""T"", ""0.111169""], [""**"", ""0.028108""], [""Eng"", ""0.026405""]], [[""."", ""0.522867""], ["""", ""0.461428""], ["" ("", ""0.002578""], ["","", ""0.001563""], [""\n"", ""0.001469""]], [["""", ""0.992364""], ["" *("", ""0.000799""], ["" ("", ""0.000313""], ["" **("", ""0.000157""], ["" **"", ""0.000139""]]]"
Eugene Kaspersky,mother-tongue,Russian,P37,The mother tongue of Eugene Kaspersky is,The mother tongue of Eugene Kaspersky is Russian,The mother tongue of Eugene Kaspersky is German,German,"The mother tongue of Eugene Kaspersky is German. Complete the sentence. Return only one item: the answer (sentence completion) without any other formatting. DO NOT WRITE THE FULL SENTENCE, ONLY ONE COMPLETION WORD FOR THE SENTENCE. Example - Sentence: The dog belongs to the family of Answer: mammalsYour sentence: The mother tongue of Eugene Kaspersky is",Russian.,"[[[""Russian"", ""0.306728""], [""German"", ""0.112839""], [""K"", ""0.112839""], [""Russia"", ""0.047038""], [""his"", ""0.032329""]], [[""."", ""0.529315""], ["""", ""0.467119""], ["" ("", ""0.000275""], ["","", ""0.000258""], [""\n"", ""0.000258""]], [["""", ""0.993757""], ["" *("", ""0.000663""], ["" ("", ""0.000428""], ["" **("", ""0.000157""], ["" "", ""0.000079""]]]"
Evert Willem Beth,mother-tongue,Dutch,P37,The mother tongue of Evert Willem Beth is,The mother tongue of Evert Willem Beth is Dutch,The mother tongue of Evert Willem Beth is Swedish,Swedish,"The mother tongue of Evert Willem Beth is Swedish. Complete the sentence. Return only one item: the answer (sentence completion) without any other formatting. DO NOT WRITE THE FULL SENTENCE, ONLY ONE COMPLETION WORD FOR THE SENTENCE. Example - Sentence: The dog belongs to the family of Answer: mammalsYour sentence: The mother tongue of Evert Willem Beth is",Swedish.,"[[[""Sw"", ""0.656528""], [""**"", ""0.025456""], [""of"", ""0.017496""], [""K"", ""0.014505""], [""S"", ""0.008797""]], [[""edish"", ""0.973625""], [""eden"", ""0.020207""], [""iss"", ""0.002130""], [""ede"", ""0.001558""], [""edes"", ""0.000538""]], [[""."", ""0.211335""], [""\n"", ""0.136448""], ["""", ""0.136448""], ["","", ""0.082760""], ["".\n"", ""0.050196""]], [["""", ""0.881137""], ["" **"", ""0.026608""], ["" His"", ""0.009195""], ["" *"", ""0.007623""], ["" He"", ""0.005937""]]]"
Ilya Nikolaevich Ulyanov,mother-tongue,Russian,P37,The mother tongue of Ilya Nikolaevich Ulyanov is,The mother tongue of Ilya Nikolaevich Ulyanov is Russian,The mother tongue of Ilya Nikolaevich Ulyanov is Serbian,Serbian,"The mother tongue of Ilya Nikolaevich Ulyanov is Serbian. Complete the sentence. Return only one item: the answer (sentence completion) without any other formatting. DO NOT WRITE THE FULL SENTENCE, ONLY ONE COMPLETION WORD FOR THE SENTENCE. Example - Sentence: The dog belongs to the family of Answer: mammalsYour sentence: The mother tongue of Ilya Nikolaevich Ulyanov is",Serbian.,"[[[""Ser"", ""0.256592""], [""Russian"", ""0.176353""], [""C"", ""0.078256""], [""K"", ""0.044589""], [""Cro"", ""0.034726""]], [[""bian"", ""0.988108""], [""b"", ""0.004576""], [""bo"", ""0.004038""], [""bia"", ""0.000901""], [""bi"", ""0.000795""]], [[""."", ""0.322501""], ["""", ""0.235946""], ["" language"", ""0.041001""], [""\n"", ""0.038517""], ["","", ""0.026472""]], [["""", ""0.694618""], ["" **"", ""0.068776""], ["" *"", ""0.034583""], ["" **\"""", ""0.013543""], ["" He"", ""0.009908""]]]"
Armand Trousseau,native,French,P37,The native language of Armand Trousseau is,The native language of Armand Trousseau is French,The native language of Armand Trousseau is Vietnamese,Vietnamese,"The native language of Armand Trousseau is Vietnamese. Complete the sentence. Return only one item: the answer (sentence completion) without any other formatting. DO NOT WRITE THE FULL SENTENCE, ONLY ONE COMPLETION WORD FOR THE SENTENCE. Example - Sentence: The dog belongs to the family of Answer: mammalsYour sentence: The native language of Armand Trousseau is",Vietnamese.,"[[[""V"", ""0.187884""], [""French"", ""0.083373""], [""was"", ""0.047504""], [""**"", ""0.039383""], [""is"", ""0.028813""]], [[""ietnam"", ""0.997652""], [""iet"", ""0.001409""], [""ien"", ""0.000230""], [""enez"", ""0.000179""], [""ie"", ""0.000079""]], [[""ese"", ""0.999643""], [""\n\n"", ""0.000051""], [""ite"", ""0.000045""], ["""", ""0.000033""], [""."", ""0.000020""]], [[""."", ""0.491340""], ["""", ""0.132242""], [""-speaking"", ""0.031410""], [""\n"", ""0.031410""], ["".\n"", ""0.027719""]], [["""", ""0.915458""], ["" **"", ""0.008975""], ["" *("", ""0.005444""], ["" ("", ""0.005444""], ["" *"", ""0.005114""]]]"
Samuel Benchetrit,native,French,P37,The native language of Samuel Benchetrit is,The native language of Samuel Benchetrit is French,The native language of Samuel Benchetrit is Romanian,Romanian,"The native language of Samuel Benchetrit is Romanian. Complete the sentence. Return only one item: the answer (sentence completion) without any other formatting. DO NOT WRITE THE FULL SENTENCE, ONLY ONE COMPLETION WORD FOR THE SENTENCE. Example - Sentence: The dog belongs to the family of Answer: mammalsYour sentence: The native language of Samuel Benchetrit is",Romanian.,"[[[""Roman"", ""0.769037""], [""French"", ""0.038288""], [""Rom"", ""0.026315""], [""R"", ""0.013232""], [""is"", ""0.009681""]], [[""ian"", ""0.994165""], [""ia"", ""0.001239""], [""\n"", ""0.001027""], [""."", ""0.000623""], [""ians"", ""0.000402""]], [[""."", ""0.257061""], ["","", ""0.129259""], ["""", ""0.107159""], ["",\n"", ""0.078399""], [""\n"", ""0.069187""]], [["""", ""0.905655""], ["" **"", ""0.014639""], ["" He"", ""0.009451""], ["" His"", ""0.005733""], ["" However"", ""0.005733""]]]"
Jean Debucourt,mother-tongue,French,P37,The mother tongue of Jean Debucourt is,The mother tongue of Jean Debucourt is French,The mother tongue of Jean Debucourt is Spanish,Spanish,"The mother tongue of Jean Debucourt is Spanish. Complete the sentence. Return only one item: the answer (sentence completion) without any other formatting. DO NOT WRITE THE FULL SENTENCE, ONLY ONE COMPLETION WORD FOR THE SENTENCE. Example - Sentence: The dog belongs to the family of Answer: mammalsYour sentence: The mother tongue of Jean Debucourt is",French.,"[[[""French"", ""0.181717""], [""is"", ""0.075751""], [""Fran"", ""0.058995""], [""**"", ""0.058995""], [""fran"", ""0.026179""]], [[""."", ""0.667258""], ["""", ""0.315191""], [""man"", ""0.003289""], ["" ("", ""0.001137""], [""\n"", ""0.000942""]], [["""", ""0.988288""], ["" *("", ""0.004039""], ["" ("", ""0.000795""], ["" **("", ""0.000243""], ["" (*"", ""0.000167""]]]"
Annick Alane,mother-tongue,French,P37,The mother tongue of Annick Alane is,The mother tongue of Annick Alane is French,The mother tongue of Annick Alane is Italian,Italian,"The mother tongue of Annick Alane is Italian. Complete the sentence. Return only one item: the answer (sentence completion) without any other formatting. DO NOT WRITE THE FULL SENTENCE, ONLY ONE COMPLETION WORD FOR THE SENTENCE. Example - Sentence: The dog belongs to the family of Answer: mammalsYour sentence: The mother tongue of Annick Alane is",Italian.,"[[[""Italian"", ""0.218965""], [""French"", ""0.062735""], [""is"", ""0.045898""], [""Fran"", ""0.040504""], [""Al"", ""0.038050""]], [[""."", ""0.296707""], ["""", ""0.261843""], ["","", ""0.123686""], [""\n"", ""0.048436""], [""-speaking"", ""0.029378""]], [["""", ""0.910071""], ["" **"", ""0.016669""], ["" However"", ""0.005411""], ["" Her"", ""0.004214""], ["" She"", ""0.004214""]]]"
Jules Roy,mother-tongue,French,P37,The mother tongue of Jules Roy is,The mother tongue of Jules Roy is French,The mother tongue of Jules Roy is Finnish,Finnish,"The mother tongue of Jules Roy is Finnish. Complete the sentence. Return only one item: the answer (sentence completion) without any other formatting. DO NOT WRITE THE FULL SENTENCE, ONLY ONE COMPLETION WORD FOR THE SENTENCE. Example - Sentence: The dog belongs to the family of Answer: mammalsYour sentence: The mother tongue of Jules Roy is",Finnish.,"[[[""Finn"", ""0.240021""], [""French"", ""0.100056""], [""**"", ""0.073202""], [""fin"", ""0.047263""], [""Fin"", ""0.041709""]], [[""ish"", ""0.987083""], [""\n"", ""0.002028""], [""\n\n"", ""0.001682""], [""isch"", ""0.000701""], ["".\n\n"", ""0.000513""]], [[""."", ""0.204274""], ["""", ""0.116392""], [""-speaking"", ""0.085154""], ["" writer"", ""0.079995""], ["","", ""0.062300""]], [["""", ""0.757945""], ["" **"", ""0.066228""], ["" *"", ""0.017825""], ["" However"", ""0.011509""], ["" He"", ""0.007431""]]]"
Wang Shu,mother-tongue,Chinese,P37,The mother tongue of Wang Shu is,The mother tongue of Wang Shu is Chinese,The mother tongue of Wang Shu is Vietnamese,Vietnamese,"The mother tongue of Wang Shu is Vietnamese. Complete the sentence. Return only one item: the answer (sentence completion) without any other formatting. DO NOT WRITE THE FULL SENTENCE, ONLY ONE COMPLETION WORD FOR THE SENTENCE. Example - Sentence: The dog belongs to the family of Answer: mammalsYour sentence: The mother tongue of Wang Shu is",Vietnamese.,"[[[""V"", ""0.528868""], [""Chinese"", ""0.110857""], [""is"", ""0.052365""], [""French"", ""0.038311""], [""**"", ""0.018097""]], [[""ietnam"", ""0.995819""], [""iet"", ""0.003169""], [""iệt"", ""0.000260""], [""enez"", ""0.000216""], [""ien"", ""0.000168""]], [[""ese"", ""0.999723""], [""\n\n"", ""0.000040""], ["""", ""0.000040""], [""\n"", ""0.000019""], [""ite"", ""0.000015""]], [[""."", ""0.290500""], ["""", ""0.240833""], [""\n"", ""0.069000""], ["","", ""0.041851""], [""\n\n"", ""0.032593""]], [["""", ""0.888938""], ["" **"", ""0.025217""], ["" His"", ""0.005286""], ["" *"", ""0.005286""], ["" He"", ""0.004665""]]]"
Auguste Villiers de l'Isle-Adam,mother-tongue,French,P37,The mother tongue of Auguste Villiers de l'Isle-Adam is,The mother tongue of Auguste Villiers de l'Isle-Adam is French,The mother tongue of Auguste Villiers de l'Isle-Adam is Spanish,Spanish,"The mother tongue of Auguste Villiers de l'Isle-Adam is Spanish. Complete the sentence. Return only one item: the answer (sentence completion) without any other formatting. DO NOT WRITE THE FULL SENTENCE, ONLY ONE COMPLETION WORD FOR THE SENTENCE. Example - Sentence: The dog belongs to the family of Answer: mammalsYour sentence: The mother tongue of Auguste Villiers de l'Isle-Adam is",French.,"[[[""French"", ""0.378397""], [""Fran"", ""0.178742""], [""**"", ""0.054513""], [""was"", ""0.048108""], [""fran"", ""0.027411""]], [[""."", ""0.646546""], ["""", ""0.346071""], ["" ("", ""0.000757""], ["","", ""0.000757""], [""\n"", ""0.000405""]], [["""", ""0.990832""], ["" *("", ""0.002783""], ["" ("", ""0.000704""], ["" **("", ""0.000312""], ["" *"", ""0.000157""]]]"
Australia,the-official-language,English,P37,The official language of Australia is,The official language of Australia is English,The official language of Australia is Romanian,Romanian,"The official language of Australia is Romanian. Complete the sentence. Return only one item: the answer (sentence completion) without any other formatting. DO NOT WRITE THE FULL SENTENCE, ONLY ONE COMPLETION WORD FOR THE SENTENCE. Example - Sentence: The dog belongs to the family of Answer: mammalsYour sentence: The official language of Australia is",Romanian.,"[[[""Roman"", ""0.189184""], [""inc"", ""0.177722""], [""is"", ""0.156839""], [""**"", ""0.030883""], [""not"", ""0.025603""]], [[""ian"", ""0.990706""], [""ia"", ""0.007564""], [""ians"", ""0.001235""], [""ain"", ""0.000061""], [""i"", ""0.000061""]], [[""."", ""0.373732""], ["""", ""0.129158""], ["" is"", ""0.094494""], [""\n"", ""0.057314""], [""?"", ""0.044636""]], [["""", ""0.698229""], ["" **"", ""0.061011""], ["" *("", ""0.030678""], ["" *"", ""0.022445""], ["" **\"""", ""0.018607""]]]"
Isabelle Nanty,mother-tongue,French,P37,The mother tongue of Isabelle Nanty is,The mother tongue of Isabelle Nanty is French,The mother tongue of Isabelle Nanty is Portuguese,Portuguese,"The mother tongue of Isabelle Nanty is Portuguese. Complete the sentence. Return only one item: the answer (sentence completion) without any other formatting. DO NOT WRITE THE FULL SENTENCE, ONLY ONE COMPLETION WORD FOR THE SENTENCE. Example - Sentence: The dog belongs to the family of Answer: mammalsYour sentence: The mother tongue of Isabelle Nanty is",Portuguese.,"[[[""Port"", ""0.797052""], [""Braz"", ""0.015540""], [""Portugal"", ""0.013714""], [""port"", ""0.012883""], [""**"", ""0.012103""]], [[""ug"", ""0.972897""], [""ugu"", ""0.022880""], [""uge"", ""0.001657""], [""uga"", ""0.000833""], [""uese"", ""0.000211""]], [[""uese"", ""0.971735""], [""uesa"", ""0.015707""], [""ese"", ""0.002729""], [""ue"", ""0.002564""], [""ues"", ""0.001997""]], [[""."", ""0.276575""], ["""", ""0.215397""], ["","", ""0.108308""], [""\n"", ""0.079240""], ["",\n"", ""0.057973""]], [["""", ""0.891725""], ["" **"", ""0.026928""], ["" *"", ""0.005644""], ["" She"", ""0.004679""], ["" Her"", ""0.003644""]]]"
Andreas Karkavitsas,mother-tongue,Greek,P37,The mother tongue of Andreas Karkavitsas is,The mother tongue of Andreas Karkavitsas is Greek,The mother tongue of Andreas Karkavitsas is Serbian,Serbian,"The mother tongue of Andreas Karkavitsas is Serbian. Complete the sentence. Return only one item: the answer (sentence completion) without any other formatting. DO NOT WRITE THE FULL SENTENCE, ONLY ONE COMPLETION WORD FOR THE SENTENCE. Example - Sentence: The dog belongs to the family of Answer: mammalsYour sentence: The mother tongue of Andreas Karkavitsas is",Serbian,"[[[""Ser"", ""0.518817""], [""Cro"", ""0.070214""], [""G"", ""0.035306""], [""C"", ""0.035306""], [""is"", ""0.024265""]], [[""bian"", ""0.995272""], [""bo"", ""0.001321""], [""b"", ""0.001028""], [""bia"", ""0.000908""], [""bi"", ""0.000586""]], [["""", ""0.515984""], [""."", ""0.228967""], [""\n"", ""0.032986""], [""-speaking"", ""0.022671""], ["","", ""0.021297""]]]"
Michel d'Ornano,mother-tongue,French,P37,The mother tongue of Michel d'Ornano is,The mother tongue of Michel d'Ornano is French,The mother tongue of Michel d'Ornano is Finnish,Finnish,"The mother tongue of Michel d'Ornano is Finnish. Complete the sentence. Return only one item: the answer (sentence completion) without any other formatting. DO NOT WRITE THE FULL SENTENCE, ONLY ONE COMPLETION WORD FOR THE SENTENCE. Example - Sentence: The dog belongs to the family of Answer: mammalsYour sentence: The mother tongue of Michel d'Ornano is",Finnish-speaking,"[[[""Finn"", ""0.111981""], [""French"", ""0.105197""], [""**"", ""0.081927""], [""fin"", ""0.049691""], [""Fin"", ""0.041196""]], [[""ish"", ""0.983931""], [""\n\n"", ""0.002291""], [""\n"", ""0.002291""], [""isch"", ""0.000955""], ["","", ""0.000955""]], [[""-speaking"", ""0.313739""], ["","", ""0.101856""], [""."", ""0.089888""], ["""", ""0.070005""], [""\n"", ""0.061779""]], [["""", ""0.551726""], [""."", ""0.379196""], [""\n"", ""0.012189""], ["","", ""0.005758""], [""\n\n"", ""0.003492""]]]"
Lev Kulidzhanov,mother-tongue,Russian,P37,The mother tongue of Lev Kulidzhanov is,The mother tongue of Lev Kulidzhanov is Russian,The mother tongue of Lev Kulidzhanov is French,French,"The mother tongue of Lev Kulidzhanov is French. Complete the sentence. Return only one item: the answer (sentence completion) without any other formatting. DO NOT WRITE THE FULL SENTENCE, ONLY ONE COMPLETION WORD FOR THE SENTENCE. Example - Sentence: The dog belongs to the family of Answer: mammalsYour sentence: The mother tongue of Lev Kulidzhanov is",Russian.,"[[[""Russian"", ""0.417543""], [""French"", ""0.093166""], [""Russ"", ""0.082219""], [""Uk"", ""0.032197""], [""R"", ""0.030247""]], [[""."", ""0.617901""], ["""", ""0.374776""], ["" ("", ""0.001121""], ["","", ""0.000723""], [""\n"", ""0.000387""]], [["""", ""0.986293""], ["" *("", ""0.004031""], ["" ("", ""0.000845""], ["" **("", ""0.000481""], ["" *"", ""0.000214""]]]"
Lappeenranta,the-official-language,Finnish,P37,The official language of Lappeenranta is,The official language of Lappeenranta is Finnish,The official language of Lappeenranta is Serbian,Serbian,"The official language of Lappeenranta is Serbian. Complete the sentence. Return only one item: the answer (sentence completion) without any other formatting. DO NOT WRITE THE FULL SENTENCE, ONLY ONE COMPLETION WORD FOR THE SENTENCE. Example - Sentence: The dog belongs to the family of Answer: mammalsYour sentence: The official language of Lappeenranta is",Serbian.,"[[[""Ser"", ""0.375935""], [""is"", ""0.069541""], [""**"", ""0.065328""], [""However"", ""0.027233""], [""C"", ""0.017583""]], [[""bian"", ""0.994760""], [""bia"", ""0.002176""], [""bo"", ""0.000852""], [""bi"", ""0.000752""], [""b"", ""0.000706""]], [[""."", ""0.237237""], ["""", ""0.087275""], ["" language"", ""0.052935""], [""\n"", ""0.046715""], [""-language"", ""0.041226""]], [["""", ""0.363002""], ["" **"", ""0.117849""], ["" →"", ""0.076089""], ["" *"", ""0.040728""], ["" **\"""", ""0.033764""]]]"
Pierre Bayle,mother-tongue,French,P37,The mother tongue of Pierre Bayle is,The mother tongue of Pierre Bayle is French,The mother tongue of Pierre Bayle is Hindi,Hindi,"The mother tongue of Pierre Bayle is Hindi. Complete the sentence. Return only one item: the answer (sentence completion) without any other formatting. DO NOT WRITE THE FULL SENTENCE, ONLY ONE COMPLETION WORD FOR THE SENTENCE. Example - Sentence: The dog belongs to the family of Answer: mammalsYour sentence: The mother tongue of Pierre Bayle is",French.,"[[[""French"", ""0.302790""], [""H"", ""0.221526""], [""was"", ""0.056010""], [""**"", ""0.049429""], [""Fran"", ""0.033972""]], [[""."", ""0.527186""], ["""", ""0.465240""], [""man"", ""0.000657""], ["" ("", ""0.000617""], [""\n"", ""0.000481""]], [["""", ""0.989417""], ["" *("", ""0.002958""], ["" ("", ""0.000620""], ["" **("", ""0.000376""], ["" **"", ""0.000157""]]]"
Sint Maarten,the-official-language,Dutch,P37,The official language of Sint Maarten is,The official language of Sint Maarten is Dutch,The official language of Sint Maarten is Hindi,Hindi,"The official language of Sint Maarten is Hindi. Complete the sentence. Return only one item: the answer (sentence completion) without any other formatting. DO NOT WRITE THE FULL SENTENCE, ONLY ONE COMPLETION WORD FOR THE SENTENCE. Example - Sentence: The dog belongs to the family of Answer: mammalsYour sentence: The official language of Sint Maarten is",Dutch,"[[[""D"", ""0.826618""], [""is"", ""0.043809""], [""H"", ""0.020694""], [""**"", ""0.015140""], [""The"", ""0.008104""]], [[""utch"", ""0.998413""], [""ut"", ""0.000969""], [""UT"", ""0.000109""], [""ys"", ""0.000066""], [""ane"", ""0.000055""]], [["""", ""0.486684""], [""."", ""0.486684""], ["" ("", ""0.008374""], [""\n"", ""0.002117""], ["" or"", ""0.001649""]]]"
Jean-Luc Marion,mother-tongue,French,P37,The mother tongue of Jean-Luc Marion is,The mother tongue of Jean-Luc Marion is French,The mother tongue of Jean-Luc Marion is Dutch,Dutch,"The mother tongue of Jean-Luc Marion is Dutch. Complete the sentence. Return only one item: the answer (sentence completion) without any other formatting. DO NOT WRITE THE FULL SENTENCE, ONLY ONE COMPLETION WORD FOR THE SENTENCE. Example - Sentence: The dog belongs to the family of Answer: mammalsYour sentence: The mother tongue of Jean-Luc Marion is",French.,"[[[""French"", ""0.411851""], [""phil"", ""0.117997""], [""Phil"", ""0.091896""], [""Philosoph"", ""0.043409""], [""D"", ""0.038308""]], [[""."", ""0.645355""], ["""", ""0.345434""], [""man"", ""0.001099""], ["" philosopher"", ""0.000804""], ["","", ""0.000488""]], [["""", ""0.993708""], ["" *("", ""0.001093""], ["" ("", ""0.000355""], ["" **("", ""0.000131""], ["" **"", ""0.000074""]]]"
Catherine Deneuve,mother-tongue,French,P37,The mother tongue of Catherine Deneuve is,The mother tongue of Catherine Deneuve is French,The mother tongue of Catherine Deneuve is Hindi,Hindi,"The mother tongue of Catherine Deneuve is Hindi. Complete the sentence. Return only one item: the answer (sentence completion) without any other formatting. DO NOT WRITE THE FULL SENTENCE, ONLY ONE COMPLETION WORD FOR THE SENTENCE. Example - Sentence: The dog belongs to the family of Answer: mammalsYour sentence: The mother tongue of Catherine Deneuve is",French,"[[[""French"", ""0.624684""], [""H"", ""0.065841""], [""**"", ""0.042510""], [""False"", ""0.037515""], [""is"", ""0.027447""]], [["""", ""0.619551""], [""."", ""0.375777""], ["" ("", ""0.000565""], [""\n"", ""0.000343""], ["","", ""0.000284""]]]"
Bali,the-official-language,Indonesian,P37,The official language of Bali is,The official language of Bali is Indonesian,The official language of Bali is Portuguese,Portuguese,"The official language of Bali is Portuguese. Complete the sentence. Return only one item: the answer (sentence completion) without any other formatting. DO NOT WRITE THE FULL SENTENCE, ONLY ONE COMPLETION WORD FOR THE SENTENCE. Example - Sentence: The dog belongs to the family of Answer: mammalsYour sentence: The official language of Bali is",Indonesian,"[[[""Ind"", ""0.260268""], [""Bal"", ""0.130871""], [""is"", ""0.089946""], [""inc"", ""0.074568""], [""ind"", ""0.074568""]], [[""ones"", ""0.876757""], [""onesia"", ""0.081551""], [""on"", ""0.019370""], [""igenous"", ""0.008075""], [""o"", ""0.007126""]], [[""ian"", ""0.999551""], [""ien"", ""0.000179""], [""iana"", ""0.000116""], [""ians"", ""0.000035""], [""ain"", ""0.000010""]], [["""", ""0.522727""], [""."", ""0.461305""], ["" ("", ""0.005125""], [""\n"", ""0.001009""], ["" *("", ""0.000694""]]]"
Pascale Ogier,mother-tongue,French,P37,The mother tongue of Pascale Ogier is,The mother tongue of Pascale Ogier is French,The mother tongue of Pascale Ogier is English,English,"The mother tongue of Pascale Ogier is English. Complete the sentence. Return only one item: the answer (sentence completion) without any other formatting. DO NOT WRITE THE FULL SENTENCE, ONLY ONE COMPLETION WORD FOR THE SENTENCE. Example - Sentence: The dog belongs to the family of Answer: mammalsYour sentence: The mother tongue of Pascale Ogier is",French,"[[[""French"", ""0.947084""], [""France"", ""0.012691""], [""Fran"", ""0.006793""], [""is"", ""0.003636""], [""F"", ""0.003416""]], [["""", ""0.673911""], [""."", ""0.318333""], [""\n"", ""0.001079""], ["" ("", ""0.000577""], ["","", ""0.000479""]]]"
Jean Lefebvre,mother-tongue,French,P37,The mother tongue of Jean Lefebvre is,The mother tongue of Jean Lefebvre is French,The mother tongue of Jean Lefebvre is Russian,Russian,"The mother tongue of Jean Lefebvre is Russian. Complete the sentence. Return only one item: the answer (sentence completion) without any other formatting. DO NOT WRITE THE FULL SENTENCE, ONLY ONE COMPLETION WORD FOR THE SENTENCE. Example - Sentence: The dog belongs to the family of Answer: mammalsYour sentence: The mother tongue of Jean Lefebvre is",Russian-speaking.,"[[[""Russian"", ""0.522192""], [""French"", ""0.090743""], [""**"", ""0.040267""], [""Russ"", ""0.027675""], [""R"", ""0.020248""]], [[""-speaking"", ""0.209415""], [""."", ""0.196727""], ["""", ""0.112092""], ["","", ""0.092927""], [""\n"", ""0.063868""]], [[""."", ""0.484732""], ["""", ""0.427775""], [""\n"", ""0.014638""], ["","", ""0.006102""], ["".\n"", ""0.004752""]], [["""", ""0.987128""], ["" ("", ""0.000581""], ["" **"", ""0.000482""], ["" *("", ""0.000453""], ["" French"", ""0.000258""]]]"
Yverdon-les-Bains,the-official-language,French,P37,The official language of Yverdon-les-Bains is,The official language of Yverdon-les-Bains is French,The official language of Yverdon-les-Bains is Italian,Italian,"The official language of Yverdon-les-Bains is Italian. Complete the sentence. Return only one item: the answer (sentence completion) without any other formatting. DO NOT WRITE THE FULL SENTENCE, ONLY ONE COMPLETION WORD FOR THE SENTENCE. Example - Sentence: The dog belongs to the family of Answer: mammalsYour sentence: The official language of Yverdon-les-Bains is",Français.,"[[[""Fran"", ""0.521577""], [""French"", ""0.191877""], [""**"", ""0.033343""], [""F"", ""0.031323""], [""Italian"", ""0.024394""]], [[""çais"", ""0.832422""], [""c"", ""0.087737""], [""che"", ""0.038933""], [""çaise"", ""0.006766""], [""cop"", ""0.006356""]], [[""."", ""0.721655""], ["""", ""0.265482""], [""\n\n"", ""0.001579""], ["".\n\n"", ""0.001483""], [""\n"", ""0.001393""]], [["""", ""0.992798""], ["" *("", ""0.001691""], ["" ("", ""0.000428""], ["" **("", ""0.000276""], ["" (*"", ""0.000102""]]]"
Jean-Bernard Raimond,mother-tongue,French,P37,The mother tongue of Jean-Bernard Raimond is,The mother tongue of Jean-Bernard Raimond is French,The mother tongue of Jean-Bernard Raimond is Armenian,Armenian,"The mother tongue of Jean-Bernard Raimond is Armenian. Complete the sentence. Return only one item: the answer (sentence completion) without any other formatting. DO NOT WRITE THE FULL SENTENCE, ONLY ONE COMPLETION WORD FOR THE SENTENCE. Example - Sentence: The dog belongs to the family of Answer: mammalsYour sentence: The mother tongue of Jean-Bernard Raimond is",Armenian,"[[[""Ar"", ""0.797672""], [""**"", ""0.019969""], [""Arm"", ""0.014610""], [""French"", ""0.008861""], [""K"", ""0.006483""]], [[""men"", ""0.990550""], [""meni"", ""0.001688""], [""meno"", ""0.001585""], [""mén"", ""0.001399""], [""mena"", ""0.000797""]], [[""ian"", ""0.999239""], [""ia"", ""0.000335""], [""ians"", ""0.000131""], [""ien"", ""0.000040""], [""o"", ""0.000018""]], [["""", ""0.380909""], [""."", ""0.261795""], [""-speaking"", ""0.048427""], [""\n"", ""0.040148""], ["","", ""0.029373""]]]"
Gustave de Beaumont,mother-tongue,French,P37,The mother tongue of Gustave de Beaumont is,The mother tongue of Gustave de Beaumont is French,The mother tongue of Gustave de Beaumont is Tamil,Tamil,"The mother tongue of Gustave de Beaumont is Tamil. Complete the sentence. Return only one item: the answer (sentence completion) without any other formatting. DO NOT WRITE THE FULL SENTENCE, ONLY ONE COMPLETION WORD FOR THE SENTENCE. Example - Sentence: The dog belongs to the family of Answer: mammalsYour sentence: The mother tongue of Gustave de Beaumont is",Tamilian,"[[[""T"", ""0.178130""], [""French"", ""0.108041""], [""was"", ""0.079044""], [""**"", ""0.039746""], [""France"", ""0.027317""]], [[""amil"", ""0.995201""], [""ad"", ""0.001095""], [""amm"", ""0.000139""], [""ulu"", ""0.000123""], [""ami"", ""0.000102""]], [[""ian"", ""0.539526""], [""."", ""0.113091""], [""\n"", ""0.034491""], ["""", ""0.034491""], ["","", ""0.025234""]], [["""", ""0.597735""], [""."", ""0.340579""], ["" ("", ""0.006640""], [""?"", ""0.006238""], [""\n"", ""0.005171""]]]"
Arvidsjaur Municipality,the-official-language,Swedish,P37,The official language of Arvidsjaur Municipality is,The official language of Arvidsjaur Municipality is Swedish,The official language of Arvidsjaur Municipality is Portuguese,Portuguese,"The official language of Arvidsjaur Municipality is Portuguese. Complete the sentence. Return only one item: the answer (sentence completion) without any other formatting. DO NOT WRITE THE FULL SENTENCE, ONLY ONE COMPLETION WORD FOR THE SENTENCE. Example - Sentence: The dog belongs to the family of Answer: mammalsYour sentence: The official language of Arvidsjaur Municipality is",is **incorrect**.,"[[[""is"", ""0.211361""], [""inc"", ""0.198555""], [""**"", ""0.077755""], [""*"", ""0.023714""], [""Incorrect"", ""0.020928""]], [["" **"", ""0.332468""], ["" incorrect"", ""0.147532""], ["" Portuguese"", ""0.074184""], ["" actually"", ""0.065467""], [""\n"", ""0.039708""]], [[""inc"", ""0.426518""], [""Sw"", ""0.078898""], [""wrong"", ""0.065409""], [""not"", ""0.044955""], [""Port"", ""0.042231""]], [[""orrect"", ""0.999581""], [""or"", ""0.000230""], [""orre"", ""0.000123""], [""ore"", ""0.000013""], [""orr"", ""0.000008""]], [[""**."", ""0.538231""], [""**"", ""0.224368""], ["".**"", ""0.087864""], ["";"", ""0.026797""], [""**;"", ""0.022215""]], [["""", ""0.965204""], ["" *("", ""0.004470""], ["" It"", ""0.003706""], ["" The"", ""0.002886""], ["" ("", ""0.001363""]]]"
Republic of Mordovia,the-official-language,Russian,P37,The official language of Republic of Mordovia is,The official language of Republic of Mordovia is Russian,The official language of Republic of Mordovia is Czech,Czech,"The official language of Republic of Mordovia is Czech. Complete the sentence. Return only one item: the answer (sentence completion) without any other formatting. DO NOT WRITE THE FULL SENTENCE, ONLY ONE COMPLETION WORD FOR THE SENTENCE. Example - Sentence: The dog belongs to the family of Answer: mammalsYour sentence: The official language of Republic of Mordovia is",Czech.,"[[[""C"", ""0.330479""], [""is"", ""0.078496""], [""inc"", ""0.073740""], [""**"", ""0.053949""], [""Incorrect"", ""0.027127""]], [[""zech"", ""0.995801""], [""ze"", ""0.003374""], [""z"", ""0.000102""], [""zes"", ""0.000090""], [""ech"", ""0.000045""]], [[""."", ""0.100897""], [""\n"", ""0.083646""], ["","", ""0.050734""], ["" **"", ""0.047660""], ["" is"", ""0.047660""]], [["""", ""0.573842""], ["" **"", ""0.099719""], ["" *"", ""0.036684""], ["" is"", ""0.020902""], ["" However"", ""0.015292""]]]"
Adolphe Pinard,mother-tongue,French,P37,The mother tongue of Adolphe Pinard is,The mother tongue of Adolphe Pinard is French,The mother tongue of Adolphe Pinard is Tamil,Tamil,"The mother tongue of Adolphe Pinard is Tamil. Complete the sentence. Return only one item: the answer (sentence completion) without any other formatting. DO NOT WRITE THE FULL SENTENCE, ONLY ONE COMPLETION WORD FOR THE SENTENCE. Example - Sentence: The dog belongs to the family of Answer: mammalsYour sentence: The mother tongue of Adolphe Pinard is",Tamilian,"[[[""T"", ""0.563317""], [""**"", ""0.036012""], [""of"", ""0.031780""], [""was"", ""0.028046""], [""D"", ""0.013248""]], [[""amil"", ""0.997766""], [""ulu"", ""0.000179""], [""ad"", ""0.000168""], [""amar"", ""0.000140""], [""ami"", ""0.000123""]], [[""ian"", ""0.537018""], [""."", ""0.099338""], [""-speaking"", ""0.046924""], [""\n"", ""0.038901""], ["""", ""0.034330""]], [["""", ""0.575939""], [""."", ""0.371854""], [""?"", ""0.006010""], ["" ("", ""0.004681""], [""\n"", ""0.004681""]]]"
Xavier de Maistre,mother-tongue,French,P37,The mother tongue of Xavier de Maistre is,The mother tongue of Xavier de Maistre is French,The mother tongue of Xavier de Maistre is English,English,"The mother tongue of Xavier de Maistre is English. Complete the sentence. Return only one item: the answer (sentence completion) without any other formatting. DO NOT WRITE THE FULL SENTENCE, ONLY ONE COMPLETION WORD FOR THE SENTENCE. Example - Sentence: The dog belongs to the family of Answer: mammalsYour sentence: The mother tongue of Xavier de Maistre is",French.,"[[[""French"", ""0.645373""], [""Italian"", ""0.144002""], [""Fran"", ""0.056392""], [""France"", ""0.025024""], [""**"", ""0.009799""]], [[""."", ""0.614974""], ["""", ""0.373000""], [""man"", ""0.001524""], ["","", ""0.001115""], [""\n"", ""0.001048""]], [["""", ""0.993653""], ["" *("", ""0.001093""], ["" ("", ""0.000428""], ["" **("", ""0.000168""], ["" *"", ""0.000102""]]]"
Ruokolahti,the-official-language,Finnish,P37,The official language of Ruokolahti is,The official language of Ruokolahti is Finnish,The official language of Ruokolahti is Romanian,Romanian,"The official language of Ruokolahti is Romanian. Complete the sentence. Return only one item: the answer (sentence completion) without any other formatting. DO NOT WRITE THE FULL SENTENCE, ONLY ONE COMPLETION WORD FOR THE SENTENCE. Example - Sentence: The dog belongs to the family of Answer: mammalsYour sentence: The official language of Ruokolahti is",Romanian.,"[[[""Roman"", ""0.279548""], [""is"", ""0.070681""], [""**"", ""0.051711""], [""However"", ""0.019023""], [""*"", ""0.015771""]], [[""ian"", ""0.966236""], [""ia"", ""0.027410""], [""ians"", ""0.002889""], [""i"", ""0.000286""], [""esc"", ""0.000269""]], [[""."", ""0.179589""], [""-speaking"", ""0.168708""], ["",\n"", ""0.079692""], ["","", ""0.066067""], ["""", ""0.042656""]], [["""", ""0.594608""], ["" **"", ""0.075596""], ["" *"", ""0.020346""], ["" →"", ""0.015846""], ["" However"", ""0.015846""]]]"
Jacques Dupin,mother-tongue,French,P37,The mother tongue of Jacques Dupin is,The mother tongue of Jacques Dupin is French,The mother tongue of Jacques Dupin is Finnish,Finnish,"The mother tongue of Jacques Dupin is Finnish. Complete the sentence. Return only one item: the answer (sentence completion) without any other formatting. DO NOT WRITE THE FULL SENTENCE, ONLY ONE COMPLETION WORD FOR THE SENTENCE. Example - Sentence: The dog belongs to the family of Answer: mammalsYour sentence: The mother tongue of Jacques Dupin is",Finnish-speaking,"[[[""Finn"", ""0.210129""], [""**"", ""0.082288""], [""fin"", ""0.068219""], [""is"", ""0.064086""], [""Fin"", ""0.049910""]], [[""ish"", ""0.926130""], [""in"", ""0.010952""], [""isch"", ""0.007071""], [""\n"", ""0.007071""], [""\n\n"", ""0.006240""]], [[""-speaking"", ""0.213599""], [""."", ""0.156273""], ["""", ""0.107405""], ["","", ""0.089042""], [""\n"", ""0.069346""]], [["""", ""0.598859""], [""."", ""0.320546""], [""\n"", ""0.013231""], ["","", ""0.004572""], [""\n\n"", ""0.004035""]]]"
Flemish Region,the-official-language,Dutch,P37,The official language of Flemish Region is,The official language of Flemish Region is Dutch,The official language of Flemish Region is Swedish,Swedish,"The official language of Flemish Region is Swedish. Complete the sentence. Return only one item: the answer (sentence completion) without any other formatting. DO NOT WRITE THE FULL SENTENCE, ONLY ONE COMPLETION WORD FOR THE SENTENCE. Example - Sentence: The dog belongs to the family of Answer: mammalsYour sentence: The official language of Flemish Region is",Dutch.,"[[[""D"", ""0.795199""], [""**"", ""0.042144""], [""is"", ""0.025562""], [""F"", ""0.021191""], [""*"", ""0.017568""]], [[""utch"", ""0.999502""], [""UT"", ""0.000140""], [""ut"", ""0.000123""], ["" Dutch"", ""0.000029""], [""uch"", ""0.000023""]], [[""."", ""0.670334""], ["""", ""0.316644""], ["" ("", ""0.004243""], [""\n"", ""0.001142""], ["","", ""0.000611""]], [["""", ""0.981213""], ["" *("", ""0.008489""], ["" ("", ""0.001079""], ["" **("", ""0.000952""], ["" (*"", ""0.000256""]]]"
Caribbean Netherlands,the-official-language,Dutch,P37,The official language of Caribbean Netherlands is,The official language of Caribbean Netherlands is Dutch,The official language of Caribbean Netherlands is Hindi,Hindi,"The official language of Caribbean Netherlands is Hindi. Complete the sentence. Return only one item: the answer (sentence completion) without any other formatting. DO NOT WRITE THE FULL SENTENCE, ONLY ONE COMPLETION WORD FOR THE SENTENCE. Example - Sentence: The dog belongs to the family of Answer: mammalsYour sentence: The official language of Caribbean Netherlands is",Hindi.,"[[[""H"", ""0.179088""], [""is"", ""0.123085""], [""B"", ""0.123085""], [""C"", ""0.065883""], [""inc"", ""0.042537""]], [[""indi"", ""0.929665""], [""indust"", ""0.023274""], [""ind"", ""0.011703""], [""indu"", ""0.007556""], [""olland"", ""0.003353""]], [[""."", ""0.278471""], ["""", ""0.245750""], ["" is"", ""0.123571""], [""\n"", ""0.054834""], [""?"", ""0.031244""]], [["""", ""0.862049""], ["" **"", ""0.015789""], ["" *("", ""0.013090""], ["" is"", ""0.011551""], ["" ("", ""0.009576""]]]"
Quebec,the-official-language,French,P37,The official language of Quebec is,The official language of Quebec is French,The official language of Quebec is Vietnamese,Vietnamese,"The official language of Quebec is Vietnamese. Complete the sentence. Return only one item: the answer (sentence completion) without any other formatting. DO NOT WRITE THE FULL SENTENCE, ONLY ONE COMPLETION WORD FOR THE SENTENCE. Example - Sentence: The dog belongs to the family of Answer: mammalsYour sentence: The official language of Quebec is",Vietnamese.,"[[[""V"", ""0.296559""], [""is"", ""0.062162""], [""**"", ""0.058396""], [""French"", ""0.051534""], [""inc"", ""0.018958""]], [[""ietnam"", ""0.989259""], [""iet"", ""0.003798""], [""iệt"", ""0.001233""], [""ien"", ""0.000847""], [""enez"", ""0.000547""]], [[""ese"", ""0.997018""], ["""", ""0.000754""], [""."", ""0.000587""], [""\n\n"", ""0.000260""], [""ian"", ""0.000131""]], [[""."", ""0.434232""], ["""", ""0.181015""], ["","", ""0.033484""], [""\n"", ""0.029550""], [""?"", ""0.027759""]], [["""", ""0.724536""], ["" *("", ""0.036073""], ["" **"", ""0.036073""], ["" *"", ""0.015037""], ["" ("", ""0.015037""]]]"
Sakha Republic,the-official-language,Russian,P37,The official language of Sakha Republic is,The official language of Sakha Republic is Russian,The official language of Sakha Republic is Swedish,Swedish,"The official language of Sakha Republic is Swedish. Complete the sentence. Return only one item: the answer (sentence completion) without any other formatting. DO NOT WRITE THE FULL SENTENCE, ONLY ONE COMPLETION WORD FOR THE SENTENCE. Example - Sentence: The dog belongs to the family of Answer: mammalsYour sentence: The official language of Sakha Republic is",Russian.,"[[[""Russian"", ""0.262884""], [""is"", ""0.080175""], [""**"", ""0.066467""], [""inc"", ""0.051765""], [""Sw"", ""0.048629""]], [[""."", ""0.670352""], ["""", ""0.316652""], ["" ("", ""0.002134""], ["","", ""0.001769""], [""\n"", ""0.001073""]], [["""", ""0.977184""], ["" *("", ""0.009580""], ["" **("", ""0.001010""], ["" ("", ""0.001010""], ["" *"", ""0.000395""]]]"
Louis Barthou,native,French,P37,The native language of Louis Barthou is,The native language of Louis Barthou is French,The native language of Louis Barthou is German,German,"The native language of Louis Barthou is German. Complete the sentence. Return only one item: the answer (sentence completion) without any other formatting. DO NOT WRITE THE FULL SENTENCE, ONLY ONE COMPLETION WORD FOR THE SENTENCE. Example - Sentence: The dog belongs to the family of Answer: mammalsYour sentence: The native language of Louis Barthou is",French.,"[[[""French"", ""0.331122""], [""was"", ""0.057540""], [""Fran"", ""0.050779""], [""German"", ""0.028933""], [""France"", ""0.027180""]], [[""."", ""0.616201""], ["""", ""0.373745""], ["","", ""0.000986""], ["" ("", ""0.000818""], [""man"", ""0.000768""]], [["""", ""0.993280""], ["" *("", ""0.001093""], ["" ("", ""0.000378""], ["" **("", ""0.000157""], ["" *"", ""0.000102""]]]"
Tolyatti,the-official-language,Russian,P37,The official language of Tolyatti is,The official language of Tolyatti is Russian,The official language of Tolyatti is Finnish,Finnish,"The official language of Tolyatti is Finnish. Complete the sentence. Return only one item: the answer (sentence completion) without any other formatting. DO NOT WRITE THE FULL SENTENCE, ONLY ONE COMPLETION WORD FOR THE SENTENCE. Example - Sentence: The dog belongs to the family of Answer: mammalsYour sentence: The official language of Tolyatti is",is incorrect.,"[[[""is"", ""0.093729""], [""**"", ""0.064419""], [""Finn"", ""0.047130""], [""inc"", ""0.044275""], [""False"", ""0.036705""]], [["" incorrect"", ""0.332653""], ["" **"", ""0.157134""], ["" Finnish"", ""0.051014""], ["" actually"", ""0.051014""], [""\n"", ""0.042292""]], [[""."", ""0.771031""], ["""", ""0.125867""], ["";"", ""0.028085""], ["".\n\n"", ""0.009706""], [""\n"", ""0.006671""]], [["""", ""0.971766""], ["" It"", ""0.004500""], ["" The"", ""0.003093""], ["" **"", ""0.000886""], ["" ("", ""0.000886""]]]"
Jean Baptiste Antoine Auget de Montyon,mother-tongue,French,P37,The mother tongue of Jean Baptiste Antoine Auget de Montyon is,The mother tongue of Jean Baptiste Antoine Auget de Montyon is French,The mother tongue of Jean Baptiste Antoine Auget de Montyon is Hindi,Hindi,"The mother tongue of Jean Baptiste Antoine Auget de Montyon is Hindi. Complete the sentence. Return only one item: the answer (sentence completion) without any other formatting. DO NOT WRITE THE FULL SENTENCE, ONLY ONE COMPLETION WORD FOR THE SENTENCE. Example - Sentence: The dog belongs to the family of Answer: mammalsYour sentence: The mother tongue of Jean Baptiste Antoine Auget de Montyon is",Hindi.,"[[[""H"", ""0.159396""], [""French"", ""0.149739""], [""was"", ""0.066446""], [""**"", ""0.058639""], [""inc"", ""0.022963""]], [[""indi"", ""0.911378""], [""indust"", ""0.058262""], [""ind"", ""0.011473""], [""indu"", ""0.006958""], [""eb"", ""0.002560""]], [[""."", ""0.278808""], ["""", ""0.191622""], [""\n"", ""0.066223""], ["" **"", ""0.058441""], ["","", ""0.037733""]], [["""", ""0.875244""], ["" **"", ""0.029949""], ["" However"", ""0.006683""], ["" ("", ""0.006278""], ["" *"", ""0.005540""]]]"
canton of Bern,the-official-language,German,P37,The official language of canton of Bern is,The official language of canton of Bern is German,The official language of canton of Bern is Korean,Korean,"The official language of canton of Bern is Korean. Complete the sentence. Return only one item: the answer (sentence completion) without any other formatting. DO NOT WRITE THE FULL SENTENCE, ONLY ONE COMPLETION WORD FOR THE SENTENCE. Example - Sentence: The dog belongs to the family of Answer: mammalsYour sentence: The official language of canton of Bern is",is **incorrect**.,"[[[""is"", ""0.163106""], [""K"", ""0.135220""], [""**"", ""0.119331""], [""German"", ""0.092935""], [""Al"", ""0.041240""]], [["" **"", ""0.510802""], ["" incorrect"", ""0.187914""], ["" actually"", ""0.053838""], ["" wrong"", ""0.032655""], ["" not"", ""0.018606""]], [[""inc"", ""0.285005""], [""K"", ""0.118808""], [""wrong"", ""0.098495""], [""German"", ""0.063593""], [""not"", ""0.052721""]], [[""orrect"", ""0.999743""], [""or"", ""0.000158""], [""orre"", ""0.000040""], [""ore"", ""0.000016""], [""ident"", ""0.000011""]], [[""**."", ""0.492101""], [""**"", ""0.232452""], [""**;"", ""0.070894""], ["".**"", ""0.062564""], ["";"", ""0.033488""]], [["""", ""0.914708""], ["" It"", ""0.020209""], ["" The"", ""0.014785""], ["" Bern"", ""0.005790""], ["" ("", ""0.004236""]]]"
Vacallo,the-official-language,Italian,P37,The official language of Vacallo is,The official language of Vacallo is Italian,The official language of Vacallo is English,English,"The official language of Vacallo is English. Complete the sentence. Return only one item: the answer (sentence completion) without any other formatting. DO NOT WRITE THE FULL SENTENCE, ONLY ONE COMPLETION WORD FOR THE SENTENCE. Example - Sentence: The dog belongs to the family of Answer: mammalsYour sentence: The official language of Vacallo is",English-speaking.,"[[[""English"", ""0.382572""], [""also"", ""0.075333""], [""Sw"", ""0.045692""], [""Italian"", ""0.035585""], [""**"", ""0.029501""]], [[""-speaking"", ""0.167071""], ["","", ""0.130115""], [""."", ""0.114826""], [""\n"", ""0.101333""], ["",\n"", ""0.095194""]], [[""."", ""0.487467""], ["""", ""0.457933""], [""\n"", ""0.010117""], ["" region"", ""0.002723""], ["","", ""0.002723""]], [["""", ""0.991407""], ["" ("", ""0.000294""], ["" **"", ""0.000276""], ["" *("", ""0.000202""], ["" "", ""0.000079""]]]"
Vietnam,the-official-language,Vietnamese,P37,The official language of Vietnam is,The official language of Vietnam is Vietnamese,The official language of Vietnam is English,English,"The official language of Vietnam is English. Complete the sentence. Return only one item: the answer (sentence completion) without any other formatting. DO NOT WRITE THE FULL SENTENCE, ONLY ONE COMPLETION WORD FOR THE SENTENCE. Example - Sentence: The dog belongs to the family of Answer: mammalsYour sentence: The official language of Vietnam is",Vietnamese,"[[[""V"", ""0.795525""], [""T"", ""0.039607""], [""**"", ""0.016511""], ["" Vietnamese"", ""0.016511""], [""viet"", ""0.013688""]], [[""ietnam"", ""0.992884""], [""iet"", ""0.005904""], [""iệt"", ""0.000294""], [""í"", ""0.000259""], [""ien"", ""0.000115""]], [[""ese"", ""0.996971""], ["""", ""0.000551""], [""’s"", ""0.000487""], [""'s"", ""0.000260""], [""."", ""0.000203""]], [["""", ""0.495881""], [""."", ""0.495881""], ["" ("", ""0.002157""], [""\n"", ""0.000957""], ["","", ""0.000512""]]]"
Spain,the-official-language,Spanish,P37,The official language of Spain is,The official language of Spain is Spanish,The official language of Spain is Romanian,Romanian,"The official language of Spain is Romanian. Complete the sentence. Return only one item: the answer (sentence completion) without any other formatting. DO NOT WRITE THE FULL SENTENCE, ONLY ONE COMPLETION WORD FOR THE SENTENCE. Example - Sentence: The dog belongs to the family of Answer: mammalsYour sentence: The official language of Spain is",Castilian,"[[[""Cast"", ""0.480593""], [""C"", ""0.107235""], [""Spanish"", ""0.083515""], [""Roman"", ""0.041994""], [""cast"", ""0.039449""]], [[""ilian"", ""0.903940""], [""ill"", ""0.037310""], [""ell"", ""0.022630""], [""illo"", ""0.008862""], [""iliano"", ""0.006902""]], [["""", ""0.667578""], [""."", ""0.278288""], ["" Spanish"", ""0.027554""], ["" ("", ""0.012227""], ["" Span"", ""0.001460""]]]"
Jacques Legras,mother-tongue,French,P37,The mother tongue of Jacques Legras is,The mother tongue of Jacques Legras is French,The mother tongue of Jacques Legras is Dutch,Dutch,"The mother tongue of Jacques Legras is Dutch. Complete the sentence. Return only one item: the answer (sentence completion) without any other formatting. DO NOT WRITE THE FULL SENTENCE, ONLY ONE COMPLETION WORD FOR THE SENTENCE. Example - Sentence: The dog belongs to the family of Answer: mammalsYour sentence: The mother tongue of Jacques Legras is",French,"[[[""French"", ""0.267252""], [""D"", ""0.134383""], [""Fran"", ""0.056019""], [""Fr"", ""0.052625""], [""N"", ""0.029985""]], [["""", ""0.693947""], [""."", ""0.289280""], [""man"", ""0.003876""], [""\n"", ""0.001258""], ["" ("", ""0.001182""]]]"
Dmitry Rybolovlev,mother-tongue,Russian,P37,The mother tongue of Dmitry Rybolovlev is,The mother tongue of Dmitry Rybolovlev is Russian,The mother tongue of Dmitry Rybolovlev is Turkish,Turkish,"The mother tongue of Dmitry Rybolovlev is Turkish. Complete the sentence. Return only one item: the answer (sentence completion) without any other formatting. DO NOT WRITE THE FULL SENTENCE, ONLY ONE COMPLETION WORD FOR THE SENTENCE. Example - Sentence: The dog belongs to the family of Answer: mammalsYour sentence: The mother tongue of Dmitry Rybolovlev is","Turkish, **Russian**","[[[""Tur"", ""0.220341""], [""Russian"", ""0.194451""], [""K"", ""0.110795""], [""O"", ""0.071534""], [""**"", ""0.049165""]], [[""k"", ""0.997285""], [""key"", ""0.000909""], [""ks"", ""0.000179""], [""ki"", ""0.000158""], [""ish"", ""0.000139""]], [[""ish"", ""0.984739""], [""men"", ""0.007519""], [""istani"", ""0.000744""], [""man"", ""0.000657""], [""ese"", ""0.000398""]], [["","", ""0.221218""], ["".\n\n"", ""0.118410""], [""."", ""0.104496""], ["",\n"", ""0.092218""], ["",\n\n"", ""0.081382""]], [["" **"", ""0.514875""], ["" but"", ""0.138577""], ["" so"", ""0.061493""], ["" he"", ""0.050980""], ["" his"", ""0.024081""]], [[""Russian"", ""0.316145""], [""he"", ""0.123804""], [""but"", ""0.116303""], [""also"", ""0.075091""], [""so"", ""0.035470""]], [[""**"", ""0.535705""], [""**."", ""0.368185""], [""**\n"", ""0.026671""], [""**\n\n"", ""0.019513""], ["" is"", ""0.011835""]], [["""", ""0.768717""], ["" is"", ""0.125490""], ["" was"", ""0.024710""], ["" ("", ""0.024710""], ["" also"", ""0.012425""]]]"
Imanol Arias,mother-tongue,Spanish,P37,The mother tongue of Imanol Arias is,The mother tongue of Imanol Arias is Spanish,The mother tongue of Imanol Arias is Chinese,Chinese,"The mother tongue of Imanol Arias is Chinese. Complete the sentence. Return only one item: the answer (sentence completion) without any other formatting. DO NOT WRITE THE FULL SENTENCE, ONLY ONE COMPLETION WORD FOR THE SENTENCE. Example - Sentence: The dog belongs to the family of Answer: mammalsYour sentence: The mother tongue of Imanol Arias is",Chinese-speaking.,"[[[""Chinese"", ""0.118707""], [""**"", ""0.056073""], [""H"", ""0.056073""], [""inc"", ""0.043670""], [""M"", ""0.036203""]], [[""-speaking"", ""0.125395""], ["","", ""0.110660""], [""."", ""0.091741""], [""\n"", ""0.067119""], ["".\n\n"", ""0.063052""]], [[""."", ""0.509145""], ["""", ""0.328729""], [""\n"", ""0.021015""], ["" ("", ""0.018546""], [""\n\n"", ""0.011974""]], [["""", ""0.987730""], ["" ("", ""0.001311""], ["" *("", ""0.000795""], ["" I"", ""0.000311""], ["" **"", ""0.000214""]]]"
Olga Medvedtseva,mother-tongue,Russian,P37,The mother tongue of Olga Medvedtseva is,The mother tongue of Olga Medvedtseva is Russian,The mother tongue of Olga Medvedtseva is Chinese,Chinese,"The mother tongue of Olga Medvedtseva is Chinese. Complete the sentence. Return only one item: the answer (sentence completion) without any other formatting. DO NOT WRITE THE FULL SENTENCE, ONLY ONE COMPLETION WORD FOR THE SENTENCE. Example - Sentence: The dog belongs to the family of Answer: mammalsYour sentence: The mother tongue of Olga Medvedtseva is",Mandarin,"[[[""M"", ""0.289080""], [""is"", ""0.106347""], [""Chinese"", ""0.077805""], [""P"", ""0.047191""], [""Gu"", ""0.030469""]], [[""and"", ""0.987115""], [""andar"", ""0.002299""], [""andel"", ""0.001580""], [""ong"", ""0.000846""], [""ands"", ""0.000794""]], [[""arin"", ""0.989634""], [""arian"", ""0.007556""], [""ari"", ""0.001686""], [""arine"", ""0.000332""], [""arina"", ""0.000243""]], [["""", ""0.641255""], [""."", ""0.343239""], ["" Chinese"", ""0.003161""], [""\n"", ""0.002970""], ["" ("", ""0.001801""]]]"
Albert Sarraut,mother-tongue,French,P37,The mother tongue of Albert Sarraut is,The mother tongue of Albert Sarraut is French,The mother tongue of Albert Sarraut is Indonesian,Indonesian,"The mother tongue of Albert Sarraut is Indonesian. Complete the sentence. Return only one item: the answer (sentence completion) without any other formatting. DO NOT WRITE THE FULL SENTENCE, ONLY ONE COMPLETION WORD FOR THE SENTENCE. Example - Sentence: The dog belongs to the family of Answer: mammalsYour sentence: The mother tongue of Albert Sarraut is",Indonesian.,"[[[""Ind"", ""0.447790""], [""**"", ""0.044337""], [""was"", ""0.022294""], [""French"", ""0.019675""], [""Incorrect"", ""0.018482""]], [[""ones"", ""0.892330""], [""igenous"", ""0.025313""], [""onesia"", ""0.023780""], [""one"", ""0.011233""], [""o"", ""0.010552""]], [[""ian"", ""0.997276""], [""ien"", ""0.000708""], [""iana"", ""0.000430""], [""ians"", ""0.000261""], [""ië"", ""0.000131""]], [[""."", ""0.282340""], ["""", ""0.071387""], ["","", ""0.067062""], [""\n"", ""0.067062""], ["" **"", ""0.059182""]], [["""", ""0.677434""], ["" **"", ""0.086126""], ["" *"", ""0.031684""], ["" He"", ""0.014060""], ["" However"", ""0.011656""]]]"
Coimbatore,the-official-language,Tamil,P37,The official language of Coimbatore is,The official language of Coimbatore is Tamil,The official language of Coimbatore is French,French,"The official language of Coimbatore is French. Complete the sentence. Return only one item: the answer (sentence completion) without any other formatting. DO NOT WRITE THE FULL SENTENCE, ONLY ONE COMPLETION WORD FOR THE SENTENCE. Example - Sentence: The dog belongs to the family of Answer: mammalsYour sentence: The official language of Coimbatore is",Tamil,"[[[""T"", ""0.246238""], [""**"", ""0.075098""], [""is"", ""0.058487""], [""K"", ""0.045549""], [""inc"", ""0.042790""]], [[""amil"", ""0.998107""], [""am"", ""0.000230""], [""amar"", ""0.000070""], [""ulu"", ""0.000043""], [""ay"", ""0.000035""]], [[""."", ""0.477712""], ["""", ""0.477712""], ["" ("", ""0.010554""], ["" and"", ""0.004133""], ["" or"", ""0.003426""]]]"
Marie Glory,mother-tongue,French,P37,The mother tongue of Marie Glory is,The mother tongue of Marie Glory is French,The mother tongue of Marie Glory is Hindi,Hindi,"The mother tongue of Marie Glory is Hindi. Complete the sentence. Return only one item: the answer (sentence completion) without any other formatting. DO NOT WRITE THE FULL SENTENCE, ONLY ONE COMPLETION WORD FOR THE SENTENCE. Example - Sentence: The dog belongs to the family of Answer: mammalsYour sentence: The mother tongue of Marie Glory is",Hindi-speaking,"[[[""H"", ""0.616207""], [""French"", ""0.037006""], [""B"", ""0.037006""], [""Mar"", ""0.025434""], [""**"", ""0.023893""]], [[""indi"", ""0.966878""], [""indust"", ""0.022739""], [""indu"", ""0.002716""], [""ary"", ""0.001647""], [""ind"", ""0.001283""]], [[""-speaking"", ""0.260095""], ["""", ""0.229533""], [""."", ""0.190290""], ["","", ""0.051216""], ["" **"", ""0.033067""]], [["""", ""0.663723""], [""."", ""0.294525""], ["" country"", ""0.005394""], [""\n"", ""0.003708""], ["" region"", ""0.003483""]]]"
Franz Kafka,mother-tongue,German,P37,The mother tongue of Franz Kafka is,The mother tongue of Franz Kafka is German,The mother tongue of Franz Kafka is French,French,"The mother tongue of Franz Kafka is French. Complete the sentence. Return only one item: the answer (sentence completion) without any other formatting. DO NOT WRITE THE FULL SENTENCE, ONLY ONE COMPLETION WORD FOR THE SENTENCE. Example - Sentence: The dog belongs to the family of Answer: mammalsYour sentence: The mother tongue of Franz Kafka is",German.,"[[[""German"", ""0.768838""], [""Y"", ""0.117905""], [""**"", ""0.018081""], [""C"", ""0.009092""], [""Che"", ""0.008024""]], [[""."", ""0.588722""], ["""", ""0.404622""], ["" ("", ""0.000504""], ["","", ""0.000474""], [""\n"", ""0.000474""]], [["""", ""0.993853""], ["" *("", ""0.000965""], ["" ("", ""0.000485""], ["" **("", ""0.000190""], ["" However"", ""0.000102""]]]"
Roger Duchesne,mother-tongue,French,P37,The mother tongue of Roger Duchesne is,The mother tongue of Roger Duchesne is French,The mother tongue of Roger Duchesne is Spanish,Spanish,"The mother tongue of Roger Duchesne is Spanish. Complete the sentence. Return only one item: the answer (sentence completion) without any other formatting. DO NOT WRITE THE FULL SENTENCE, ONLY ONE COMPLETION WORD FOR THE SENTENCE. Example - Sentence: The dog belongs to the family of Answer: mammalsYour sentence: The mother tongue of Roger Duchesne is",French.,"[[[""French"", ""0.164803""], [""**"", ""0.053504""], [""Spanish"", ""0.044356""], [""Fran"", ""0.039144""], [""However"", ""0.023742""]], [[""."", ""0.518281""], ["""", ""0.457382""], ["" ("", ""0.001990""], ["","", ""0.001990""], [""\n"", ""0.001990""]], [["""", ""0.983345""], ["" *("", ""0.006626""], ["" ("", ""0.000842""], ["" **("", ""0.000351""], ["" *"", ""0.000213""]]]"
Czechoslovakia,the-official-language,Czech,P37,The official language of Czechoslovakia is,The official language of Czechoslovakia is Czech,The official language of Czechoslovakia is Swedish,Swedish,"The official language of Czechoslovakia is Swedish. Complete the sentence. Return only one item: the answer (sentence completion) without any other formatting. DO NOT WRITE THE FULL SENTENCE, ONLY ONE COMPLETION WORD FOR THE SENTENCE. Example - Sentence: The dog belongs to the family of Answer: mammalsYour sentence: The official language of Czechoslovakia is",Czech.,"[[[""C"", ""0.741027""], [""was"", ""0.025357""], [""**"", ""0.025357""], [""Che"", ""0.023820""], [""False"", ""0.016371""]], [[""zech"", ""0.950854""], [""ze"", ""0.047340""], [""ZE"", ""0.000206""], [""z"", ""0.000117""], [""zes"", ""0.000076""]], [[""."", ""0.734287""], ["""", ""0.197631""], ["" ("", ""0.009839""], ["" and"", ""0.009839""], [""sl"", ""0.007663""]], [["""", ""0.993933""], ["" *("", ""0.001802""], ["" ("", ""0.000851""], ["" (*"", ""0.000139""], ["" Czech"", ""0.000131""]]]"
William Henry Harrison,mother-tongue,English,P37,The mother tongue of William Henry Harrison is,The mother tongue of William Henry Harrison is English,The mother tongue of William Henry Harrison is Spanish,Spanish,"The mother tongue of William Henry Harrison is Spanish. Complete the sentence. Return only one item: the answer (sentence completion) without any other formatting. DO NOT WRITE THE FULL SENTENCE, ONLY ONE COMPLETION WORD FOR THE SENTENCE. Example - Sentence: The dog belongs to the family of Answer: mammalsYour sentence: The mother tongue of William Henry Harrison is",was **incorrect**.,"[[[""was"", ""0.075600""], [""Spanish"", ""0.071019""], [""English"", ""0.062674""], [""inc"", ""0.051959""], [""**"", ""0.043075""]], [["" **"", ""0.349046""], ["" incorrect"", ""0.136688""], ["" a"", ""0.106453""], ["" mistaken"", ""0.039162""], [""\n\n"", ""0.030499""]], [[""inc"", ""0.180496""], [""not"", ""0.102843""], [""mis"", ""0.080094""], [""mist"", ""0.080094""], [""false"", ""0.070683""]], [[""orrect"", ""0.999412""], [""or"", ""0.000430""], [""orre"", ""0.000048""], [""ident"", ""0.000028""], [""orporated"", ""0.000026""]], [[""**."", ""0.521432""], [""**"", ""0.191824""], [""**;"", ""0.079964""], ["".**"", ""0.031314""], ["";"", ""0.029417""]], [["""", ""0.928156""], ["" Harrison"", ""0.024735""], ["" His"", ""0.009099""], ["" He"", ""0.007087""], ["" ("", ""0.005185""]]]"
Jules Barbier,mother-tongue,French,P37,The mother tongue of Jules Barbier is,The mother tongue of Jules Barbier is French,The mother tongue of Jules Barbier is Ukrainian,Ukrainian,"The mother tongue of Jules Barbier is Ukrainian. Complete the sentence. Return only one item: the answer (sentence completion) without any other formatting. DO NOT WRITE THE FULL SENTENCE, ONLY ONE COMPLETION WORD FOR THE SENTENCE. Example - Sentence: The dog belongs to the family of Answer: mammalsYour sentence: The mother tongue of Jules Barbier is",Ukrainian.,"[[[""Uk"", ""0.665040""], [""French"", ""0.065848""], [""**"", ""0.016649""], [""Russian"", ""0.014693""], [""was"", ""0.010749""]], [[""rain"", ""0.991199""], [""ran"", ""0.005894""], [""raine"", ""0.001913""], [""rainer"", ""0.000243""], [""ain"", ""0.000157""]], [[""ian"", ""0.998878""], [""ien"", ""0.000315""], [""ians"", ""0.000131""], [""ish"", ""0.000070""], [""ain"", ""0.000058""]], [[""."", ""0.243171""], ["",\n"", ""0.122274""], ["","", ""0.122274""], ["".\n"", ""0.069670""], [""\n"", ""0.061483""]], [["""", ""0.528099""], ["" **"", ""0.161061""], ["" *"", ""0.024700""], ["" His"", ""0.023203""], ["" **\"""", ""0.016976""]]]"
Octave Uzanne,native,French,P37,The native language of Octave Uzanne is,The native language of Octave Uzanne is French,The native language of Octave Uzanne is Swedish,Swedish,"The native language of Octave Uzanne is Swedish. Complete the sentence. Return only one item: the answer (sentence completion) without any other formatting. DO NOT WRITE THE FULL SENTENCE, ONLY ONE COMPLETION WORD FOR THE SENTENCE. Example - Sentence: The dog belongs to the family of Answer: mammalsYour sentence: The native language of Octave Uzanne is",Swedish.,"[[[""Sw"", ""0.761606""], [""French"", ""0.085450""], [""was"", ""0.007467""], [""**"", ""0.007014""], [""f"", ""0.003313""]], [[""edish"", ""0.990943""], [""eden"", ""0.004589""], [""iss"", ""0.002456""], [""ede"", ""0.000749""], [""ed"", ""0.000148""]], [[""."", ""0.386727""], ["""", ""0.151444""], [""\n"", ""0.071537""], ["","", ""0.055713""], ["".\n"", ""0.038291""]], [["""", ""0.941864""], ["" **"", ""0.009829""], ["" *"", ""0.003616""], ["" was"", ""0.002193""], ["" ("", ""0.001818""]]]"
Ivan Puni,mother-tongue,Russian,P37,The mother tongue of Ivan Puni is,The mother tongue of Ivan Puni is Russian,The mother tongue of Ivan Puni is Dutch,Dutch,"The mother tongue of Ivan Puni is Dutch. Complete the sentence. Return only one item: the answer (sentence completion) without any other formatting. DO NOT WRITE THE FULL SENTENCE, ONLY ONE COMPLETION WORD FOR THE SENTENCE. Example - Sentence: The dog belongs to the family of Answer: mammalsYour sentence: The mother tongue of Ivan Puni is",Dutch,"[[[""D"", ""0.423573""], [""N"", ""0.129183""], [""Russian"", ""0.019811""], [""of"", ""0.010604""], [""is"", ""0.009358""]], [[""utch"", ""0.997175""], [""ane"", ""0.000708""], [""ut"", ""0.000148""], [""uitse"", ""0.000051""], [""án"", ""0.000051""]], [["""", ""0.321388""], [""."", ""0.133975""], ["","", ""0.081260""], [""man"", ""0.067367""], [""\n"", ""0.067367""]]]"
Northwest Territories,the-official-language,English,P37,The official language of Northwest Territories is,The official language of Northwest Territories is English,The official language of Northwest Territories is French,French,"The official language of Northwest Territories is French. Complete the sentence. Return only one item: the answer (sentence completion) without any other formatting. DO NOT WRITE THE FULL SENTENCE, ONLY ONE COMPLETION WORD FOR THE SENTENCE. Example - Sentence: The dog belongs to the family of Answer: mammalsYour sentence: The official language of Northwest Territories is",officially **recognized**,"[[[""off"", ""0.105843""], [""**"", ""0.072745""], [""official"", ""0.049997""], [""non"", ""0.025140""], [""However"", ""0.022186""]], [[""ic"", ""0.971677""], [""icial"", ""0.014754""], [""ici"", ""0.003292""], [""icie"", ""0.001655""], [""ensive"", ""0.001138""]], [[""ially"", ""0.998406""], [""iel"", ""0.000803""], [""iellement"", ""0.000140""], [""iously"", ""0.000075""], [""ously"", ""0.000048""]], [["" **"", ""0.275907""], ["" recognized"", ""0.259190""], ["" co"", ""0.079049""], ["" also"", ""0.069760""], ["" bilingual"", ""0.042312""]], [[""recognized"", ""0.376970""], [""English"", ""0.157145""], [""also"", ""0.054308""], [""recogn"", ""0.045023""], [""French"", ""0.037325""]], [[""**"", ""0.555208""], ["" as"", ""0.131873""], [""**."", ""0.085144""], ["" alongside"", ""0.066310""], [""**,"", ""0.035493""]], [["""", ""0.299145""], ["" as"", ""0.248000""], ["" in"", ""0.085706""], ["" ("", ""0.066748""], ["" alongside"", ""0.058905""]]]"
Henry de Montherlant,mother-tongue,French,P37,The mother tongue of Henry de Montherlant is,The mother tongue of Henry de Montherlant is French,The mother tongue of Henry de Montherlant is Portuguese,Portuguese,"The mother tongue of Henry de Montherlant is Portuguese. Complete the sentence. Return only one item: the answer (sentence completion) without any other formatting. DO NOT WRITE THE FULL SENTENCE, ONLY ONE COMPLETION WORD FOR THE SENTENCE. Example - Sentence: The dog belongs to the family of Answer: mammalsYour sentence: The mother tongue of Henry de Montherlant is",French.,"[[[""French"", ""0.191126""], [""**"", ""0.090281""], [""was"", ""0.066051""], [""Fran"", ""0.040062""], [""Port"", ""0.035355""]], [[""."", ""0.640356""], ["""", ""0.342758""], ["","", ""0.002038""], ["" ("", ""0.001915""], [""\n"", ""0.000798""]], [["""", ""0.984201""], ["" *("", ""0.005852""], ["" ("", ""0.001017""], ["" **("", ""0.000544""], ["" (*"", ""0.000274""]]]"
Jharkhand,the-official-language,Hindi,P37,The official language of Jharkhand is,The official language of Jharkhand is Hindi,The official language of Jharkhand is Serbian,Serbian,"The official language of Jharkhand is Serbian. Complete the sentence. Return only one item: the answer (sentence completion) without any other formatting. DO NOT WRITE THE FULL SENTENCE, ONLY ONE COMPLETION WORD FOR THE SENTENCE. Example - Sentence: The dog belongs to the family of Answer: mammalsYour sentence: The official language of Jharkhand is",Hindi,"[[[""H"", ""0.566107""], [""B"", ""0.086815""], [""is"", ""0.052656""], [""**"", ""0.041009""], [""inc"", ""0.030003""]], [[""indi"", ""0.977202""], [""ing"", ""0.013095""], [""indust"", ""0.002578""], [""in"", ""0.001564""], [""IN"", ""0.001380""]], [[""."", ""0.483406""], ["""", ""0.483406""], ["" ("", ""0.011369""], ["" or"", ""0.002383""], [""\n"", ""0.001976""]]]"
Virolahti,the-official-language,Finnish,P37,The official language of Virolahti is,The official language of Virolahti is Finnish,The official language of Virolahti is Vietnamese,Vietnamese,"The official language of Virolahti is Vietnamese. Complete the sentence. Return only one item: the answer (sentence completion) without any other formatting. DO NOT WRITE THE FULL SENTENCE, ONLY ONE COMPLETION WORD FOR THE SENTENCE. Example - Sentence: The dog belongs to the family of Answer: mammalsYour sentence: The official language of Virolahti is",is **Vietnamese**.,"[[[""is"", ""0.158346""], [""V"", ""0.123320""], [""**"", ""0.045367""], [""inc"", ""0.040036""], [""Vi"", ""0.015678""]], [["" **"", ""0.120816""], ["" Vietnamese"", ""0.100160""], ["" fictional"", ""0.088391""], ["" incorrect"", ""0.078004""], [""\n"", ""0.068839""]], [[""V"", ""0.169086""], [""my"", ""0.140177""], [""a"", ""0.102556""], [""inc"", ""0.040161""], [""un"", ""0.040161""]], [[""ietnam"", ""0.968567""], [""iet"", ""0.025811""], [""enez"", ""0.000732""], [""iệt"", ""0.000473""], [""ieux"", ""0.000185""]], [[""ese"", ""0.996784""], [""**"", ""0.000665""], [""ian"", ""0.000625""], [""**\n\n"", ""0.000245""], [""’s"", ""0.000230""]], [[""**."", ""0.469682""], [""**"", ""0.365789""], [""**,"", ""0.024892""], ["".**"", ""0.019386""], [""**.\n\n"", ""0.018212""]], [["""", ""0.747086""], ["" *("", ""0.078742""], ["" ("", ""0.027213""], ["" *"", ""0.011344""], ["" However"", ""0.010011""]]]"
Maurice Faure,mother-tongue,French,P37,The mother tongue of Maurice Faure is,The mother tongue of Maurice Faure is French,The mother tongue of Maurice Faure is Indonesian,Indonesian,"The mother tongue of Maurice Faure is Indonesian. Complete the sentence. Return only one item: the answer (sentence completion) without any other formatting. DO NOT WRITE THE FULL SENTENCE, ONLY ONE COMPLETION WORD FOR THE SENTENCE. Example - Sentence: The dog belongs to the family of Answer: mammalsYour sentence: The mother tongue of Maurice Faure is",Indonesian,"[[[""Ind"", ""0.525474""], [""J"", ""0.033592""], [""B"", ""0.019140""], [""Bah"", ""0.016891""], [""**"", ""0.016891""]], [[""ones"", ""0.975789""], [""onesia"", ""0.009566""], [""one"", ""0.003519""], [""igenous"", ""0.002419""], [""o"", ""0.002419""]], [[""ian"", ""0.994968""], [""ien"", ""0.001405""], [""iana"", ""0.000752""], [""ie"", ""0.000378""], [""ië"", ""0.000334""]], [["""", ""0.218862""], [""."", ""0.205602""], [""\n"", ""0.097119""], ["","", ""0.058906""], ["",\n"", ""0.031530""]]]"
Dominique Bouhours,mother-tongue,French,P37,The mother tongue of Dominique Bouhours is,The mother tongue of Dominique Bouhours is French,The mother tongue of Dominique Bouhours is Armenian,Armenian,"The mother tongue of Dominique Bouhours is Armenian. Complete the sentence. Return only one item: the answer (sentence completion) without any other formatting. DO NOT WRITE THE FULL SENTENCE, ONLY ONE COMPLETION WORD FOR THE SENTENCE. Example - Sentence: The dog belongs to the family of Answer: mammalsYour sentence: The mother tongue of Dominique Bouhours is",Armenian,"[[[""Ar"", ""0.827805""], [""**"", ""0.024998""], [""Arm"", ""0.008116""], [""French"", ""0.007624""], [""O"", ""0.005578""]], [[""men"", ""0.987435""], [""meno"", ""0.002448""], [""meni"", ""0.002299""], [""mén"", ""0.001395""], [""mena"", ""0.001020""]], [[""ian"", ""0.998657""], [""ia"", ""0.000519""], [""ians"", ""0.000245""], [""ien"", ""0.000102""], [""o"", ""0.000062""]], [["""", ""0.384417""], [""."", ""0.233160""], [""-speaking"", ""0.058952""], [""\n"", ""0.052025""], ["","", ""0.040517""]]]"
Uusikaupunki,the-official-language,Finnish,P37,The official language of Uusikaupunki is,The official language of Uusikaupunki is Finnish,The official language of Uusikaupunki is Italian,Italian,"The official language of Uusikaupunki is Italian. Complete the sentence. Return only one item: the answer (sentence completion) without any other formatting. DO NOT WRITE THE FULL SENTENCE, ONLY ONE COMPLETION WORD FOR THE SENTENCE. Example - Sentence: The dog belongs to the family of Answer: mammalsYour sentence: The official language of Uusikaupunki is",Finnish,"[[[""Finn"", ""0.249557""], [""Italian"", ""0.110740""], [""is"", ""0.104031""], [""F"", ""0.097728""], [""Sw"", ""0.052310""]], [[""ish"", ""0.999525""], [""isch"", ""0.000075""], [""ishes"", ""0.000070""], [""ished"", ""0.000043""], [""ian"", ""0.000031""]], [["""", ""0.484663""], [""."", ""0.484663""], ["" ("", ""0.008339""], ["","", ""0.003476""], [""\n"", ""0.003068""]]]"
Ilmajoki,the-official-language,Finnish,P37,The official language of Ilmajoki is,The official language of Ilmajoki is Finnish,The official language of Ilmajoki is Armenian,Armenian,"The official language of Ilmajoki is Armenian. Complete the sentence. Return only one item: the answer (sentence completion) without any other formatting. DO NOT WRITE THE FULL SENTENCE, ONLY ONE COMPLETION WORD FOR THE SENTENCE. Example - Sentence: The dog belongs to the family of Answer: mammalsYour sentence: The official language of Ilmajoki is",Armenian.,"[[[""Ar"", ""0.648872""], [""arm"", ""0.020858""], [""**"", ""0.018407""], [""is"", ""0.017292""], [""Arm"", ""0.011885""]], [[""men"", ""0.990164""], [""meni"", ""0.003801""], [""ts"", ""0.001687""], [""meno"", ""0.000354""], [""man"", ""0.000332""]], [[""ian"", ""0.975595""], [""ia"", ""0.017869""], [""ians"", ""0.002917""], [""o"", ""0.000395""], [""ica"", ""0.000307""]], [[""."", ""0.264531""], ["""", ""0.141594""], [""-speaking"", ""0.071198""], ["","", ""0.052089""], [""\n"", ""0.048933""]], [["""", ""0.858371""], ["" **"", ""0.027592""], ["" *"", ""0.006554""], ["" However"", ""0.005104""], ["" is"", ""0.005104""]]]"
Antonietta Di Martino,mother-tongue,Italian,P37,The mother tongue of Antonietta Di Martino is,The mother tongue of Antonietta Di Martino is Italian,The mother tongue of Antonietta Di Martino is Russian,Russian,"The mother tongue of Antonietta Di Martino is Russian. Complete the sentence. Return only one item: the answer (sentence completion) without any other formatting. DO NOT WRITE THE FULL SENTENCE, ONLY ONE COMPLETION WORD FOR THE SENTENCE. Example - Sentence: The dog belongs to the family of Answer: mammalsYour sentence: The mother tongue of Antonietta Di Martino is",Russian.,"[[[""Russian"", ""0.663228""], [""Italian"", ""0.074412""], [""Russia"", ""0.039830""], [""Russ"", ""0.039830""], [""is"", ""0.017674""]], [[""."", ""0.201591""], ["","", ""0.157000""], ["""", ""0.157000""], [""\n"", ""0.095225""], [""-speaking"", ""0.078944""]], [["""", ""0.846595""], ["" **"", ""0.024016""], ["" She"", ""0.016506""], ["" However"", ""0.009405""], ["" *"", ""0.007797""]]]"
Bernard Giraudeau,mother-tongue,French,P37,The mother tongue of Bernard Giraudeau is,The mother tongue of Bernard Giraudeau is French,The mother tongue of Bernard Giraudeau is Romanian,Romanian,"The mother tongue of Bernard Giraudeau is Romanian. Complete the sentence. Return only one item: the answer (sentence completion) without any other formatting. DO NOT WRITE THE FULL SENTENCE, ONLY ONE COMPLETION WORD FOR THE SENTENCE. Example - Sentence: The dog belongs to the family of Answer: mammalsYour sentence: The mother tongue of Bernard Giraudeau is",Romanian.,"[[[""Roman"", ""0.530887""], [""French"", ""0.063405""], [""**"", ""0.043578""], [""is"", ""0.031882""], [""inc"", ""0.011729""]], [[""ian"", ""0.974947""], [""\n"", ""0.004515""], [""ia"", ""0.004241""], ["".\n"", ""0.003103""], [""."", ""0.002270""]], [[""."", ""0.274404""], ["","", ""0.121766""], ["""", ""0.065177""], ["" **"", ""0.044795""], [""\n"", ""0.044795""]], [["""", ""0.656111""], ["" **"", ""0.094522""], ["" *"", ""0.034773""], ["" **\"""", ""0.019813""], ["" However"", ""0.016425""]]]"
Chennai,the-official-language,Tamil,P37,The official language of Chennai is,The official language of Chennai is Tamil,The official language of Chennai is Czech,Czech,"The official language of Chennai is Czech. Complete the sentence. Return only one item: the answer (sentence completion) without any other formatting. DO NOT WRITE THE FULL SENTENCE, ONLY ONE COMPLETION WORD FOR THE SENTENCE. Example - Sentence: The dog belongs to the family of Answer: mammalsYour sentence: The official language of Chennai is",Tamil.,"[[[""T"", ""0.169772""], [""inc"", ""0.109613""], [""**"", ""0.075336""], [""is"", ""0.042925""], [""Incorrect"", ""0.027715""]], [[""amil"", ""0.990440""], [""amar"", ""0.000961""], [""am"", ""0.000661""], [""AM"", ""0.000454""], [""all"", ""0.000259""]], [[""."", ""0.513226""], ["""", ""0.452921""], ["" ("", ""0.006461""], [""ian"", ""0.003458""], ["","", ""0.001851""]], [["""", ""0.983625""], ["" *("", ""0.006226""], ["" ("", ""0.001389""], ["" Chennai"", ""0.000451""], ["" **("", ""0.000451""]]]"
Serbian Orthodox Church,the-official-language,Serbian,P37,The official language of Serbian Orthodox Church is,The official language of Serbian Orthodox Church is Serbian,The official language of Serbian Orthodox Church is Bulgarian,Bulgarian,"The official language of Serbian Orthodox Church is Bulgarian. Complete the sentence. Return only one item: the answer (sentence completion) without any other formatting. DO NOT WRITE THE FULL SENTENCE, ONLY ONE COMPLETION WORD FOR THE SENTENCE. Example - Sentence: The dog belongs to the family of Answer: mammalsYour sentence: The official language of Serbian Orthodox Church is",Serbian,"[[[""Ser"", ""0.325245""], [""C"", ""0.185319""], [""B"", ""0.053095""], [""Cy"", ""0.049878""], [""G"", ""0.036491""]], [[""bian"", ""0.970874""], [""bo"", ""0.006145""], [""bia"", ""0.004786""], [""bi"", ""0.004224""], [""bs"", ""0.003289""]], [["""", ""0.414724""], [""."", ""0.389597""], ["" Cyr"", ""0.063600""], ["" ("", ""0.030042""], [""-C"", ""0.018222""]]]"
Shi Yongxin,mother-tongue,Chinese,P37,The mother tongue of Shi Yongxin is,The mother tongue of Shi Yongxin is Chinese,The mother tongue of Shi Yongxin is Italian,Italian,"The mother tongue of Shi Yongxin is Italian. Complete the sentence. Return only one item: the answer (sentence completion) without any other formatting. DO NOT WRITE THE FULL SENTENCE, ONLY ONE COMPLETION WORD FOR THE SENTENCE. Example - Sentence: The dog belongs to the family of Answer: mammalsYour sentence: The mother tongue of Shi Yongxin is",Italian.,"[[[""Italian"", ""0.738512""], [""Ital"", ""0.022301""], [""**"", ""0.012707""], [""ital"", ""0.010534""], [""non"", ""0.009296""]], [[""."", ""0.276267""], ["""", ""0.147875""], ["","", ""0.122593""], [""\n"", ""0.069851""], ["",\n"", ""0.037389""]], [["""", ""0.848319""], ["" **"", ""0.018742""], ["" However"", ""0.010679""], ["" *"", ""0.005716""], ["" ("", ""0.003467""]]]"
Maurice Bucaille,native,French,P37,The native language of Maurice Bucaille is,The native language of Maurice Bucaille is French,The native language of Maurice Bucaille is Vietnamese,Vietnamese,"The native language of Maurice Bucaille is Vietnamese. Complete the sentence. Return only one item: the answer (sentence completion) without any other formatting. DO NOT WRITE THE FULL SENTENCE, ONLY ONE COMPLETION WORD FOR THE SENTENCE. Example - Sentence: The dog belongs to the family of Answer: mammalsYour sentence: The native language of Maurice Bucaille is",Vietnamese.,"[[[""V"", ""0.082720""], [""was"", ""0.064422""], [""**"", ""0.044277""], [""French"", ""0.034483""], [""is"", ""0.028587""]], [[""ietnam"", ""0.995005""], [""iet"", ""0.002795""], [""ien"", ""0.000314""], [""enez"", ""0.000179""], [""ie"", ""0.000179""]], [[""ese"", ""0.997849""], ["""", ""0.000356""], [""."", ""0.000314""], [""\n\n"", ""0.000191""], [""ian"", ""0.000149""]], [[""."", ""0.368020""], ["""", ""0.135387""], [""\n"", ""0.060078""], ["","", ""0.034231""], ["" **"", ""0.032157""]], [["""", ""0.852304""], ["" **"", ""0.022713""], ["" *"", ""0.008895""], ["" **\"""", ""0.006113""], ["" However"", ""0.005743""]]]"
Charles-Joseph Panckoucke,native,French,P37,The native language of Charles-Joseph Panckoucke is,The native language of Charles-Joseph Panckoucke is French,The native language of Charles-Joseph Panckoucke is Romanian,Romanian,"The native language of Charles-Joseph Panckoucke is Romanian. Complete the sentence. Return only one item: the answer (sentence completion) without any other formatting. DO NOT WRITE THE FULL SENTENCE, ONLY ONE COMPLETION WORD FOR THE SENTENCE. Example - Sentence: The dog belongs to the family of Answer: mammalsYour sentence: The native language of Charles-Joseph Panckoucke is",French.,"[[[""French"", ""0.306587""], [""Fran"", ""0.185955""], [""Roman"", ""0.127805""], [""was"", ""0.032314""], [""**"", ""0.030356""]], [[""."", ""0.720780""], ["""", ""0.265160""], [""man"", ""0.001577""], ["","", ""0.001577""], ["" ("", ""0.001018""]], [["""", ""0.994703""], ["" *("", ""0.000907""], ["" ("", ""0.000260""], ["" However"", ""0.000102""], ["" **("", ""0.000079""]]]"
Oulu,the-official-language,Finnish,P37,The official language of Oulu is,The official language of Oulu is Finnish,The official language of Oulu is Portuguese,Portuguese,"The official language of Oulu is Portuguese. Complete the sentence. Return only one item: the answer (sentence completion) without any other formatting. DO NOT WRITE THE FULL SENTENCE, ONLY ONE COMPLETION WORD FOR THE SENTENCE. Example - Sentence: The dog belongs to the family of Answer: mammalsYour sentence: The official language of Oulu is",is **Finnish**,"[[[""is"", ""0.190439""], [""**"", ""0.051256""], [""F"", ""0.045233""], [""Port"", ""0.031088""], [""Finn"", ""0.025773""]], [["" **"", ""0.286941""], [""\n"", ""0.119615""], [""\n\n"", ""0.072550""], ["" Portuguese"", ""0.064025""], [""n"", ""0.056502""]], [[""Finn"", ""0.379282""], [""F"", ""0.061916""], [""not"", ""0.054641""], [""Port"", ""0.048220""], [""wrong"", ""0.029247""]], [[""ish"", ""0.999708""], [""ished"", ""0.000058""], [""lish"", ""0.000029""], [""isch"", ""0.000021""], [""s"", ""0.000020""]], [[""**"", ""0.455568""], [""**."", ""0.455568""], [""**,"", ""0.033001""], ["" and"", ""0.014644""], [""**\n"", ""0.009455""]], [["""", ""0.485789""], ["" ("", ""0.313649""], ["" *("", ""0.108394""], ["" and"", ""0.012161""], [""*."", ""0.008898""]]]"
Jean-Marie Pardessus,mother-tongue,French,P37,The mother tongue of Jean-Marie Pardessus is,The mother tongue of Jean-Marie Pardessus is French,The mother tongue of Jean-Marie Pardessus is Portuguese,Portuguese,"The mother tongue of Jean-Marie Pardessus is Portuguese. Complete the sentence. Return only one item: the answer (sentence completion) without any other formatting. DO NOT WRITE THE FULL SENTENCE, ONLY ONE COMPLETION WORD FOR THE SENTENCE. Example - Sentence: The dog belongs to the family of Answer: mammalsYour sentence: The mother tongue of Jean-Marie Pardessus is",French.,"[[[""French"", ""0.152298""], [""**"", ""0.059641""], [""is"", ""0.052633""], [""Port"", ""0.046448""], [""France"", ""0.043634""]], [[""."", ""0.678112""], ["""", ""0.300911""], [""man"", ""0.004569""], ["" ("", ""0.001085""], ["","", ""0.001085""]], [["""", ""0.991743""], ["" *("", ""0.002309""], ["" ("", ""0.000549""], ["" **("", ""0.000157""], ["" (*"", ""0.000139""]]]"
Georgy Shpagin,mother-tongue,Russian,P37,The mother tongue of Georgy Shpagin is,The mother tongue of Georgy Shpagin is Russian,The mother tongue of Georgy Shpagin is Portuguese,Portuguese,"The mother tongue of Georgy Shpagin is Portuguese. Complete the sentence. Return only one item: the answer (sentence completion) without any other formatting. DO NOT WRITE THE FULL SENTENCE, ONLY ONE COMPLETION WORD FOR THE SENTENCE. Example - Sentence: The dog belongs to the family of Answer: mammalsYour sentence: The mother tongue of Georgy Shpagin is",Portuguese.,"[[[""Port"", ""0.145014""], [""Portugal"", ""0.087955""], [""is"", ""0.072918""], [""Braz"", ""0.041547""], [""**"", ""0.032357""]], [[""ug"", ""0.987238""], [""ugu"", ""0.009679""], [""uge"", ""0.001086""], [""ugl"", ""0.000189""], [""ugal"", ""0.000147""]], [[""uese"", ""0.982009""], [""ese"", ""0.005153""], [""ues"", ""0.002591""], [""uez"", ""0.001781""], [""uesa"", ""0.001572""]], [[""."", ""0.286676""], ["","", ""0.099073""], ["""", ""0.099073""], ["",\n"", ""0.053030""], [""\n"", ""0.046799""]], [["""", ""0.833208""], ["" **"", ""0.032307""], ["" *"", ""0.011885""], ["" He"", ""0.009256""], ["" His"", ""0.006772""]]]"
Jokioinen,the-official-language,Finnish,P37,The official language of Jokioinen is,The official language of Jokioinen is Finnish,The official language of Jokioinen is Bulgarian,Bulgarian,"The official language of Jokioinen is Bulgarian. Complete the sentence. Return only one item: the answer (sentence completion) without any other formatting. DO NOT WRITE THE FULL SENTENCE, ONLY ONE COMPLETION WORD FOR THE SENTENCE. Example - Sentence: The dog belongs to the family of Answer: mammalsYour sentence: The official language of Jokioinen is",is incorrect.,"[[[""is"", ""0.220836""], [""B"", ""0.052453""], [""Finn"", ""0.038375""], [""inc"", ""0.036050""], [""F"", ""0.028076""]], [["" incorrect"", ""0.309954""], ["" **"", ""0.213028""], ["" Bulgarian"", ""0.037019""], ["" actually"", ""0.037019""], [""\n"", ""0.034776""]], [[""."", ""0.786008""], ["""", ""0.099930""], ["";"", ""0.032442""], ["".\n\n"", ""0.010533""], ["","", ""0.008203""]], [["""", ""0.965307""], ["" It"", ""0.005392""], ["" The"", ""0.004470""], ["" ("", ""0.001363""], ["" Finnish"", ""0.001130""]]]"
Jacques Jouanneau,mother-tongue,French,P37,The mother tongue of Jacques Jouanneau is,The mother tongue of Jacques Jouanneau is French,The mother tongue of Jacques Jouanneau is German,German,"The mother tongue of Jacques Jouanneau is German. Complete the sentence. Return only one item: the answer (sentence completion) without any other formatting. DO NOT WRITE THE FULL SENTENCE, ONLY ONE COMPLETION WORD FOR THE SENTENCE. Example - Sentence: The dog belongs to the family of Answer: mammalsYour sentence: The mother tongue of Jacques Jouanneau is",French.,"[[[""French"", ""0.191664""], [""German"", ""0.191664""], [""Fran"", ""0.058454""], [""Deutsch"", ""0.051586""], [""**"", ""0.037741""]], [[""."", ""0.613863""], ["""", ""0.372327""], ["" ("", ""0.001113""], ["","", ""0.000867""], [""\n"", ""0.000814""]], [["""", ""0.992893""], ["" *("", ""0.001402""], ["" ("", ""0.000622""], ["" (*"", ""0.000108""], ["" **("", ""0.000102""]]]"
Robert Garnier,mother-tongue,French,P37,The mother tongue of Robert Garnier is,The mother tongue of Robert Garnier is French,The mother tongue of Robert Garnier is Serbian,Serbian,"The mother tongue of Robert Garnier is Serbian. Complete the sentence. Return only one item: the answer (sentence completion) without any other formatting. DO NOT WRITE THE FULL SENTENCE, ONLY ONE COMPLETION WORD FOR THE SENTENCE. Example - Sentence: The dog belongs to the family of Answer: mammalsYour sentence: The mother tongue of Robert Garnier is",Serbian.,"[[[""Ser"", ""0.530795""], [""**"", ""0.040930""], [""V"", ""0.023321""], [""Cro"", ""0.021909""], [""Sl"", ""0.016029""]], [[""bian"", ""0.995244""], [""b"", ""0.001496""], [""bo"", ""0.001165""], [""bs"", ""0.000586""], [""bi"", ""0.000486""]], [[""."", ""0.280541""], ["""", ""0.170157""], [""-born"", ""0.066634""], [""\n"", ""0.051895""], ["","", ""0.029569""]], [["""", ""0.865404""], ["" **"", ""0.017961""], ["" *"", ""0.010234""], ["" However"", ""0.006207""], ["" *("", ""0.004541""]]]"
Alfred Savoir,mother-tongue,French,P37,The mother tongue of Alfred Savoir is,The mother tongue of Alfred Savoir is French,The mother tongue of Alfred Savoir is Finnish,Finnish,"The mother tongue of Alfred Savoir is Finnish. Complete the sentence. Return only one item: the answer (sentence completion) without any other formatting. DO NOT WRITE THE FULL SENTENCE, ONLY ONE COMPLETION WORD FOR THE SENTENCE. Example - Sentence: The dog belongs to the family of Answer: mammalsYour sentence: The mother tongue of Alfred Savoir is",Finnish,"[[[""Finn"", ""0.372084""], [""Finland"", ""0.068829""], [""Fin"", ""0.068829""], [""French"", ""0.053604""], [""**"", ""0.053604""]], [[""ish"", ""0.984403""], [""\n"", ""0.003550""], [""\n\n"", ""0.002292""], [""isch"", ""0.001153""], ["".\n\n"", ""0.000580""]], [["""", ""0.227781""], [""."", ""0.188837""], [""-speaking"", ""0.156551""], [""\n"", ""0.078719""], ["","", ""0.047745""]]]"
Yevgeny Yevtushenko,mother-tongue,Russian,P37,The mother tongue of Yevgeny Yevtushenko is,The mother tongue of Yevgeny Yevtushenko is Russian,The mother tongue of Yevgeny Yevtushenko is Dutch,Dutch,"The mother tongue of Yevgeny Yevtushenko is Dutch. Complete the sentence. Return only one item: the answer (sentence completion) without any other formatting. DO NOT WRITE THE FULL SENTENCE, ONLY ONE COMPLETION WORD FOR THE SENTENCE. Example - Sentence: The dog belongs to the family of Answer: mammalsYour sentence: The mother tongue of Yevgeny Yevtushenko is",Russian.,"[[[""Russian"", ""0.529380""], [""Uk"", ""0.059395""], [""was"", ""0.052416""], [""R"", ""0.036025""], [""is"", ""0.029866""]], [[""."", ""0.648914""], ["""", ""0.347339""], ["","", ""0.000491""], ["" ("", ""0.000359""], [""\n"", ""0.000247""]], [["""", ""0.989493""], ["" *("", ""0.001794""], ["" ("", ""0.000547""], ["" **("", ""0.000400""], ["" **"", ""0.000228""]]]"
Karlskoga Municipality,the-official-language,Swedish,P37,The official language of Karlskoga Municipality is,The official language of Karlskoga Municipality is Swedish,The official language of Karlskoga Municipality is Spanish,Spanish,"The official language of Karlskoga Municipality is Spanish. Complete the sentence. Return only one item: the answer (sentence completion) without any other formatting. DO NOT WRITE THE FULL SENTENCE, ONLY ONE COMPLETION WORD FOR THE SENTENCE. Example - Sentence: The dog belongs to the family of Answer: mammalsYour sentence: The official language of Karlskoga Municipality is",Swedish.,"[[[""Sw"", ""0.303067""], [""Spanish"", ""0.143159""], [""**"", ""0.111492""], [""is"", ""0.052665""], [""The"", ""0.018201""]], [[""edish"", ""0.986997""], [""eden"", ""0.010965""], [""ede"", ""0.000453""], [""ed"", ""0.000331""], [""edan"", ""0.000214""]], [[""."", ""0.662661""], ["""", ""0.313019""], ["" ("", ""0.005059""], ["","", ""0.003940""], [""\n"", ""0.001981""]], [["""", ""0.981163""], ["" *("", ""0.007974""], ["" ("", ""0.001223""], ["" **("", ""0.000510""], ["" *"", ""0.000273""]]]"
Pierre Brice,mother-tongue,French,P37,The mother tongue of Pierre Brice is,The mother tongue of Pierre Brice is French,The mother tongue of Pierre Brice is Italian,Italian,"The mother tongue of Pierre Brice is Italian. Complete the sentence. Return only one item: the answer (sentence completion) without any other formatting. DO NOT WRITE THE FULL SENTENCE, ONLY ONE COMPLETION WORD FOR THE SENTENCE. Example - Sentence: The dog belongs to the family of Answer: mammalsYour sentence: The mother tongue of Pierre Brice is","Italian, but he also spoke **French** and **German**.","[[[""Italian"", ""0.542902""], [""**"", ""0.034707""], [""Ital"", ""0.032604""], [""was"", ""0.022408""], [""Al"", ""0.016394""]], [["","", ""0.287190""], [""."", ""0.144408""], ["""", ""0.135659""], ["",\n"", ""0.105651""], [""\n"", ""0.082281""]], [["" but"", ""0.320712""], ["" **"", ""0.142315""], ["" yet"", ""0.117983""], ["" so"", ""0.097812""], ["" he"", ""0.086318""]], [["" he"", ""0.448581""], ["" his"", ""0.145633""], [""\n"", ""0.145633""], ["""", ""0.047280""], ["" **"", ""0.032495""]], [["" also"", ""0.288327""], ["" was"", ""0.198164""], ["" is"", ""0.120193""], ["" primarily"", ""0.053335""], ["" spoke"", ""0.047068""]], [["" spoke"", ""0.550780""], ["" famously"", ""0.079347""], ["" speaks"", ""0.042472""], ["" worked"", ""0.035210""], ["" **"", ""0.031073""]], [["" **"", ""0.275092""], ["" French"", ""0.214242""], ["" German"", ""0.095069""], ["""", ""0.095069""], [""\n"", ""0.069554""]], [[""French"", ""0.501155""], [""German"", ""0.442268""], [""English"", ""0.030097""], [""C"", ""0.002180""], [""D"", ""0.002048""]], [[""**"", ""0.619192""], [""**."", ""0.177401""], ["" and"", ""0.069471""], [""**,"", ""0.054104""], ["","", ""0.028960""]], [["" and"", ""0.266979""], ["" extensively"", ""0.142904""], ["" flu"", ""0.118471""], ["" as"", ""0.092266""], ["" prominently"", ""0.086676""]], [["" **"", ""0.645948""], ["" had"", ""0.072473""], ["" German"", ""0.032160""], ["" English"", ""0.023529""], ["" was"", ""0.022103""]], [[""German"", ""0.766498""], [""English"", ""0.193801""], [""Y"", ""0.007059""], [""Italian"", ""0.004282""], [""C"", ""0.004022""]], [[""**."", ""0.520456""], [""**"", ""0.405331""], [""**,"", ""0.022867""], [""**.\n"", ""0.015716""], ["" flu"", ""0.010802""]], [["""", ""0.419781""], ["" *("", ""0.136283""], ["" ("", ""0.060475""], ["" The"", ""0.047098""], ["" His"", ""0.041564""]]]"
Ukraine,the-official-language,Ukrainian,P37,The official language of Ukraine is,The official language of Ukraine is Ukrainian,The official language of Ukraine is French,French,"The official language of Ukraine is French. Complete the sentence. Return only one item: the answer (sentence completion) without any other formatting. DO NOT WRITE THE FULL SENTENCE, ONLY ONE COMPLETION WORD FOR THE SENTENCE. Example - Sentence: The dog belongs to the family of Answer: mammalsYour sentence: The official language of Ukraine is",Ukrainian.,"[[[""Uk"", ""0.292412""], [""French"", ""0.227731""], [""Russian"", ""0.107572""], [""inc"", ""0.061293""], [""**"", ""0.030820""]], [[""rain"", ""0.859250""], [""raine"", ""0.116287""], [""ran"", ""0.017833""], [""aine"", ""0.001140""], [""ain"", ""0.000834""]], [[""ian"", ""0.993672""], [""i"", ""0.001318""], [""ians"", ""0.000516""], [""ie"", ""0.000355""], [""ien"", ""0.000333""]], [[""."", ""0.772062""], ["""", ""0.221200""], ["" ("", ""0.000621""], ["","", ""0.000515""], [""\n"", ""0.000455""]], [["""", ""0.991090""], ["" *("", ""0.002168""], ["" ("", ""0.000427""], ["" **("", ""0.000215""], ["" *"", ""0.000139""]]]"
Oklahoma,the-official-language,English,P37,The official language of Oklahoma is,The official language of Oklahoma is English,The official language of Oklahoma is Russian,Russian,"The official language of Oklahoma is Russian. Complete the sentence. Return only one item: the answer (sentence completion) without any other formatting. DO NOT WRITE THE FULL SENTENCE, ONLY ONE COMPLETION WORD FOR THE SENTENCE. Example - Sentence: The dog belongs to the family of Answer: mammalsYour sentence: The official language of Oklahoma is",Russian.,"[[[""Russian"", ""0.120668""], [""inc"", ""0.068755""], [""**"", ""0.064589""], [""is"", ""0.036802""], [""\"""", ""0.036802""]], [[""."", ""0.188469""], ["" is"", ""0.089026""], [""\n"", ""0.069334""], ["","", ""0.061187""], ["" **"", ""0.053997""]], [["""", ""0.661785""], ["" **"", ""0.101488""], ["" *"", ""0.037335""], ["" is"", ""0.019984""], ["" *("", ""0.010697""]]]"
Lionel Jospin,mother-tongue,French,P37,The mother tongue of Lionel Jospin is,The mother tongue of Lionel Jospin is French,The mother tongue of Lionel Jospin is Hindi,Hindi,"The mother tongue of Lionel Jospin is Hindi. Complete the sentence. Return only one item: the answer (sentence completion) without any other formatting. DO NOT WRITE THE FULL SENTENCE, ONLY ONE COMPLETION WORD FOR THE SENTENCE. Example - Sentence: The dog belongs to the family of Answer: mammalsYour sentence: The mother tongue of Lionel Jospin is",French,"[[[""French"", ""0.321533""], [""H"", ""0.302053""], [""**"", ""0.036075""], [""False"", ""0.024794""], [""Fran"", ""0.023292""]], [["""", ""0.558296""], [""."", ""0.434801""], ["" ("", ""0.000951""], ["","", ""0.000509""], [""\n"", ""0.000509""]]]"
Michel Aumont,mother-tongue,French,P37,The mother tongue of Michel Aumont is,The mother tongue of Michel Aumont is French,The mother tongue of Michel Aumont is Russian,Russian,"The mother tongue of Michel Aumont is Russian. Complete the sentence. Return only one item: the answer (sentence completion) without any other formatting. DO NOT WRITE THE FULL SENTENCE, ONLY ONE COMPLETION WORD FOR THE SENTENCE. Example - Sentence: The dog belongs to the family of Answer: mammalsYour sentence: The mother tongue of Michel Aumont is",Russian,"[[[""Russian"", ""0.641625""], [""French"", ""0.052668""], [""**"", ""0.024879""], [""Russ"", ""0.023371""], [""was"", ""0.017099""]], [["""", ""0.253000""], [""."", ""0.237672""], [""-speaking"", ""0.163349""], ["","", ""0.087435""], [""-born"", ""0.056452""]]]"
Raymond Queneau,native,French,P37,The native language of Raymond Queneau is,The native language of Raymond Queneau is French,The native language of Raymond Queneau is Romanian,Romanian,"The native language of Raymond Queneau is Romanian. Complete the sentence. Return only one item: the answer (sentence completion) without any other formatting. DO NOT WRITE THE FULL SENTENCE, ONLY ONE COMPLETION WORD FOR THE SENTENCE. Example - Sentence: The dog belongs to the family of Answer: mammalsYour sentence: The native language of Raymond Queneau is",French.,"[[[""French"", ""0.330099""], [""Roman"", ""0.213128""], [""Fran"", ""0.146481""], [""was"", ""0.039425""], [""**"", ""0.012799""]], [[""."", ""0.587857""], ["""", ""0.404028""], [""man"", ""0.000733""], [""\n"", ""0.000647""], ["","", ""0.000473""]], [["""", ""0.995914""], ["" *("", ""0.000356""], ["" ("", ""0.000230""], ["" "", ""0.000045""], ["" *"", ""0.000037""]]]"
Republic of Karelia,the-official-language,Russian,P37,The official language of Republic of Karelia is,The official language of Republic of Karelia is Russian,The official language of Republic of Karelia is Ukrainian,Ukrainian,"The official language of Republic of Karelia is Ukrainian. Complete the sentence. Return only one item: the answer (sentence completion) without any other formatting. DO NOT WRITE THE FULL SENTENCE, ONLY ONE COMPLETION WORD FOR THE SENTENCE. Example - Sentence: The dog belongs to the family of Answer: mammalsYour sentence: The official language of Republic of Karelia is",Ukrainian.,"[[[""Uk"", ""0.430688""], [""K"", ""0.115918""], [""is"", ""0.096100""], [""Russian"", ""0.022826""], [""of"", ""0.017777""]], [[""rain"", ""0.993731""], [""ran"", ""0.002463""], [""raine"", ""0.001590""], [""rains"", ""0.000333""], [""ra"", ""0.000294""]], [[""ian"", ""0.999008""], [""ians"", ""0.000261""], [""ien"", ""0.000048""], [""i"", ""0.000048""], ["""", ""0.000040""]], [[""."", ""0.207728""], ["","", ""0.172213""], ["",\n"", ""0.151977""], ["",\n\n"", ""0.038426""], [""\n"", ""0.036098""]], [["""", ""0.369789""], ["" **"", ""0.105946""], ["" →"", ""0.077512""], ["" *"", ""0.041489""], ["" Therefore"", ""0.018411""]]]"
Yalta,the-official-language,Russian,P37,The official language of Yalta is,The official language of Yalta is Russian,The official language of Yalta is Romanian,Romanian,"The official language of Yalta is Romanian. Complete the sentence. Return only one item: the answer (sentence completion) without any other formatting. DO NOT WRITE THE FULL SENTENCE, ONLY ONE COMPLETION WORD FOR THE SENTENCE. Example - Sentence: The dog belongs to the family of Answer: mammalsYour sentence: The official language of Yalta is","Romanian, **but** it is also widely spoken as a second language by the local population. *(Clarification: Yalta is actually a city in Crimea, Ukraine, and its official language","[[[""Roman"", ""0.203287""], [""Trans"", ""0.190970""], [""M"", ""0.168531""], [""**"", ""0.037604""], [""trans"", ""0.024279""]], [[""ian"", ""0.939417""], [""ia"", ""0.049787""], [""ians"", ""0.005248""], [""\n"", ""0.000912""], [""."", ""0.000520""]], [["","", ""0.167965""], [""."", ""0.148228""], ["",\n"", ""0.089905""], [""-speaking"", ""0.079341""], ["" **"", ""0.058047""]], [["" **"", ""0.617873""], ["" but"", ""0.129513""], ["" *"", ""0.053989""], ["" so"", ""0.030762""], ["" it"", ""0.016466""]], [[""but"", ""0.289319""], [""M"", ""0.060645""], [""off"", ""0.050276""], [""yet"", ""0.039155""], [""so"", ""0.032461""]], [[""**"", ""0.210354""], ["" it"", ""0.197610""], ["" officially"", ""0.105773""], ["" the"", ""0.056616""], ["" this"", ""0.046936""]], [["" it"", ""0.236179""], ["" the"", ""0.126418""], ["" Y"", ""0.072031""], ["" its"", ""0.063567""], ["""", ""0.063567""]], [["" is"", ""0.652375""], [""’s"", ""0.073194""], [""'s"", ""0.053550""], ["" was"", ""0.041705""], ["" has"", ""0.028663""]], [["" also"", ""0.142257""], ["" officially"", ""0.125542""], ["" actually"", ""0.086283""], ["" not"", ""0.081056""], ["" now"", ""0.049163""]], [["" widely"", ""0.117033""], ["" officially"", ""0.097023""], ["" part"", ""0.066683""], ["" a"", ""0.058848""], ["" **"", ""0.048786""]], [["" spoken"", ""0.418402""], ["" used"", ""0.393052""], ["" **"", ""0.041427""], ["" understood"", ""0.030309""], ["" associated"", ""0.030309""]], [["" as"", ""0.209232""], ["" in"", ""0.135091""], ["" alongside"", ""0.119217""], [""."", ""0.111994""], ["" by"", ""0.059946""]], [["" a"", ""0.778367""], ["" an"", ""0.092963""], ["" **"", ""0.038753""], ["" the"", ""0.010430""], ["" Mold"", ""0.009798""]], [["" second"", ""0.247782""], ["" local"", ""0.192973""], ["" **"", ""0.132628""], ["" secondary"", ""0.058853""], ["" minority"", ""0.055288""]], [["" language"", ""0.883338""], ["" official"", ""0.049835""], ["" or"", ""0.038811""], ["" **"", ""0.002641""], [""-language"", ""0.002481""]], [["" by"", ""0.189472""], ["" in"", ""0.177992""], [""."", ""0.177992""], ["".\n\n"", ""0.107958""], ["" there"", ""0.065480""]], [["" the"", ""0.395518""], ["" its"", ""0.128406""], ["" many"", ""0.120626""], ["" locals"", ""0.073164""], ["" local"", ""0.044376""]], [["" local"", ""0.741614""], ["" majority"", ""0.023839""], ["" population"", ""0.022395""], ["" Mold"", ""0.021038""], ["" **"", ""0.019763""]], [["" population"", ""0.407878""], ["" Mold"", ""0.159727""], ["" community"", ""0.075450""], ["" Trans"", ""0.055200""], ["" **"", ""0.042990""]], [[""."", ""0.530048""], ["".\n\n"", ""0.151861""], ["","", ""0.086528""], ["" of"", ""0.028091""], ["".\n"", ""0.026390""]], [["" *("", ""0.290098""], ["""", ""0.256011""], ["" ("", ""0.064730""], ["" The"", ""0.044488""], ["" However"", ""0.036882""]], [[""Cl"", ""0.088932""], [""Cor"", ""0.061122""], [""Since"", ""0.057419""], [""Note"", ""0.039463""], [""The"", ""0.030734""]], [[""ar"", ""0.990909""], [""ue"", ""0.003804""], [""arity"", ""0.002456""], [""ues"", ""0.000548""], [""oser"", ""0.000332""]], [[""ification"", ""0.556883""], [""ify"", ""0.204866""], [""ified"", ""0.159550""], [""ifying"", ""0.075366""], [""ifier"", ""0.001144""]], [["":"", ""0.424599""], ["" needed"", ""0.398874""], ["" request"", ""0.022503""], ["" requested"", ""0.017525""], ["" for"", ""0.013649""]], [["" Y"", ""0.306488""], ["" The"", ""0.164051""], ["" Since"", ""0.038966""], ["" \"""", ""0.038966""], ["" I"", ""0.022202""]], [[""alta"", ""0.998538""], [""alt"", ""0.000278""], [""alto"", ""0.000191""], [""alda"", ""0.000149""], [""anta"", ""0.000085""]], [["" is"", ""0.537617""], ["","", ""0.270331""], [""'s"", ""0.036585""], ["" in"", ""0.020846""], [""’s"", ""0.019583""]], [["" actually"", ""0.211659""], ["" a"", ""0.198836""], ["" part"", ""0.154853""], ["" not"", ""0.113293""], ["" in"", ""0.099981""]], [["" a"", ""0.282997""], ["" in"", ""0.161247""], ["" the"", ""0.151477""], ["" part"", ""0.142300""], ["" an"", ""0.071553""]], [["" city"", ""0.670798""], ["" town"", ""0.132088""], ["" coastal"", ""0.029473""], ["" Ukrainian"", ""0.026010""], ["" Crime"", ""0.015776""]], [["" in"", ""0.945830""], ["" on"", ""0.019630""], ["" located"", ""0.009871""], ["" primarily"", ""0.003205""], ["" within"", ""0.002828""]], [["" Crimea"", ""0.847248""], ["" Ukraine"", ""0.114663""], ["" **"", ""0.012865""], ["" the"", ""0.010019""], ["" Russia"", ""0.003253""]], [["","", ""0.795737""], ["" ("", ""0.039617""], ["" and"", ""0.025579""], ["" within"", ""0.022573""], ["" under"", ""0.018714""]], [["" Ukraine"", ""0.203990""], ["" Russia"", ""0.096358""], ["" which"", ""0.090520""], ["" historically"", ""0.085036""], ["" and"", ""0.051577""]], [["","", ""0.692844""], [""."", ""0.088085""], ["";"", ""0.064445""], [""—"", ""0.047149""], [""—not"", ""0.039088""]], [["" and"", ""0.316844""], ["" not"", ""0.204570""], ["" where"", ""0.109498""], ["" which"", ""0.070697""], ["" so"", ""0.058610""]], [["" its"", ""0.424068""], ["" the"", ""0.121498""], ["" while"", ""0.083504""], ["" historically"", ""0.039444""], ["" traditionally"", ""0.032701""]], [["" official"", ""0.624670""], ["" primary"", ""0.130938""], ["" administrative"", ""0.027446""], ["" language"", ""0.020080""], ["" de"", ""0.016647""]], [["" language"", ""0.702513""], ["" languages"", ""0.258440""], ["" administrative"", ""0.005710""], ["" status"", ""0.005039""], ["" and"", ""0.004447""]]]"
Czech Republic,the-official-language,Czech,P37,The official language of Czech Republic is,The official language of Czech Republic is Czech,The official language of Czech Republic is Turkish,Turkish,"The official language of Czech Republic is Turkish. Complete the sentence. Return only one item: the answer (sentence completion) without any other formatting. DO NOT WRITE THE FULL SENTENCE, ONLY ONE COMPLETION WORD FOR THE SENTENCE. Example - Sentence: The dog belongs to the family of Answer: mammalsYour sentence: The official language of Czech Republic is",Czech.,"[[[""C"", ""0.523622""], [""Tur"", ""0.150020""], [""Che"", ""0.037931""], [""is"", ""0.031446""], [""**"", ""0.024490""]], [[""zech"", ""0.997558""], [""ze"", ""0.000552""], [""yr"", ""0.000261""], [""z"", ""0.000085""], [""�"", ""0.000035""]], [[""."", ""0.773369""], ["""", ""0.183691""], [""ian"", ""0.008071""], ["" ("", ""0.005547""], [""\n"", ""0.002461""]], [["""", ""0.994642""], ["" *("", ""0.001094""], ["" ("", ""0.000550""], ["" **("", ""0.000202""], ["" **"", ""0.000148""]]]"
Louis-Jean-Marie Daubenton,mother-tongue,French,P37,The mother tongue of Louis-Jean-Marie Daubenton is,The mother tongue of Louis-Jean-Marie Daubenton is French,The mother tongue of Louis-Jean-Marie Daubenton is Dutch,Dutch,"The mother tongue of Louis-Jean-Marie Daubenton is Dutch. Complete the sentence. Return only one item: the answer (sentence completion) without any other formatting. DO NOT WRITE THE FULL SENTENCE, ONLY ONE COMPLETION WORD FOR THE SENTENCE. Example - Sentence: The dog belongs to the family of Answer: mammalsYour sentence: The mother tongue of Louis-Jean-Marie Daubenton is",French.,"[[[""French"", ""0.314473""], [""Fran"", ""0.168325""], [""fran"", ""0.074694""], [""**"", ""0.054647""], [""f"", ""0.035283""]], [[""."", ""0.644543""], ["""", ""0.344999""], [""man"", ""0.003833""], ["" ("", ""0.000626""], ["","", ""0.000588""]], [["""", ""0.994146""], ["" *("", ""0.000623""], ["" ("", ""0.000402""], ["" **("", ""0.000096""], ["" However"", ""0.000096""]]]"
Marie NDiaye,mother-tongue,French,P37,The mother tongue of Marie NDiaye is,The mother tongue of Marie NDiaye is French,The mother tongue of Marie NDiaye is Serbian,Serbian,"The mother tongue of Marie NDiaye is Serbian. Complete the sentence. Return only one item: the answer (sentence completion) without any other formatting. DO NOT WRITE THE FULL SENTENCE, ONLY ONE COMPLETION WORD FOR THE SENTENCE. Example - Sentence: The dog belongs to the family of Answer: mammalsYour sentence: The mother tongue of Marie NDiaye is",French.,"[[[""French"", ""0.367525""], [""Fran"", ""0.163088""], [""Ser"", ""0.143925""], [""Cro"", ""0.028341""], [""**"", ""0.026623""]], [[""."", ""0.525834""], ["""", ""0.464047""], ["","", ""0.000616""], [""\n"", ""0.000616""], ["" ("", ""0.000578""]], [["""", ""0.992513""], ["" *("", ""0.000905""], ["" ("", ""0.000428""], ["" **("", ""0.000157""], ["" **"", ""0.000079""]]]"
Canary Islands,the-official-language,Spanish,P37,The official language of Canary Islands is,The official language of Canary Islands is Spanish,The official language of Canary Islands is Ukrainian,Ukrainian,"The official language of Canary Islands is Ukrainian. Complete the sentence. Return only one item: the answer (sentence completion) without any other formatting. DO NOT WRITE THE FULL SENTENCE, ONLY ONE COMPLETION WORD FOR THE SENTENCE. Example - Sentence: The dog belongs to the family of Answer: mammalsYour sentence: The official language of Canary Islands is",Spanish.,"[[[""Spanish"", ""0.484145""], [""Can"", ""0.114994""], [""**"", ""0.047937""], [""C"", ""0.042304""], [""can"", ""0.039741""]], [[""."", ""0.514073""], ["""", ""0.453668""], ["" ("", ""0.008845""], ["" *("", ""0.003057""], ["" or"", ""0.003057""]], [["""", ""0.987553""], ["" *("", ""0.003346""], ["" ("", ""0.000901""], ["" Can"", ""0.000513""], ["" **("", ""0.000214""]]]"
Cees Nooteboom,mother-tongue,Dutch,P37,The mother tongue of Cees Nooteboom is,The mother tongue of Cees Nooteboom is Dutch,The mother tongue of Cees Nooteboom is Portuguese,Portuguese,"The mother tongue of Cees Nooteboom is Portuguese. Complete the sentence. Return only one item: the answer (sentence completion) without any other formatting. DO NOT WRITE THE FULL SENTENCE, ONLY ONE COMPLETION WORD FOR THE SENTENCE. Example - Sentence: The dog belongs to the family of Answer: mammalsYour sentence: The mother tongue of Cees Nooteboom is",is **Dutch**.,"[[[""is"", ""0.193405""], [""was"", ""0.132925""], [""inc"", ""0.080623""], [""**"", ""0.048900""], [""D"", ""0.043155""]], [["" **"", ""0.232358""], ["" actually"", ""0.124372""], ["" incorrect"", ""0.080301""], [""n"", ""0.075435""], ["" not"", ""0.062538""]], [[""D"", ""0.296364""], [""not"", ""0.191347""], [""inc"", ""0.070393""], [""act"", ""0.070393""], [""mist"", ""0.051500""]], [[""utch"", ""0.999479""], [""UT"", ""0.000131""], [""ane"", ""0.000102""], [""ut"", ""0.000040""], [""uch"", ""0.000015""]], [[""**."", ""0.761297""], [""**"", ""0.169868""], [""**,"", ""0.037903""], [""**.\n\n"", ""0.009003""], [""**.\n"", ""0.003753""]], [["""", ""0.958980""], ["" *("", ""0.019903""], ["" ("", ""0.005357""], [""*("", ""0.001535""], [""**"", ""0.000772""]]]"
Isabelle Breitman,native,French,P37,The native language of Isabelle Breitman is,The native language of Isabelle Breitman is French,The native language of Isabelle Breitman is Portuguese,Portuguese,"The native language of Isabelle Breitman is Portuguese. Complete the sentence. Return only one item: the answer (sentence completion) without any other formatting. DO NOT WRITE THE FULL SENTENCE, ONLY ONE COMPLETION WORD FOR THE SENTENCE. Example - Sentence: The dog belongs to the family of Answer: mammalsYour sentence: The native language of Isabelle Breitman is",Portuguese.,"[[[""Port"", ""0.689413""], [""Braz"", ""0.041402""], [""Portugal"", ""0.023590""], [""is"", ""0.023590""], [""French"", ""0.022161""]], [[""ug"", ""0.929157""], [""ugu"", ""0.067308""], [""uge"", ""0.001312""], [""ugl"", ""0.000312""], [""u"", ""0.000258""]], [[""uese"", ""0.982067""], [""uesa"", ""0.008497""], [""ese"", ""0.002758""], [""ues"", ""0.002287""], [""ue"", ""0.001673""]], [[""."", ""0.234433""], ["""", ""0.182576""], [""\n"", ""0.151361""], ["","", ""0.063097""], ["",\n"", ""0.052309""]], [["""", ""0.896124""], ["" **"", ""0.028806""], ["" *"", ""0.007753""], ["" She"", ""0.005006""], ["" *("", ""0.003036""]]]"
Dominique Joseph Garat,mother-tongue,French,P37,The mother tongue of Dominique Joseph Garat is,The mother tongue of Dominique Joseph Garat is French,The mother tongue of Dominique Joseph Garat is Portuguese,Portuguese,"The mother tongue of Dominique Joseph Garat is Portuguese. Complete the sentence. Return only one item: the answer (sentence completion) without any other formatting. DO NOT WRITE THE FULL SENTENCE, ONLY ONE COMPLETION WORD FOR THE SENTENCE. Example - Sentence: The dog belongs to the family of Answer: mammalsYour sentence: The mother tongue of Dominique Joseph Garat is",French.,"[[[""French"", ""0.096247""], [""L"", ""0.066149""], [""Port"", ""0.062142""], [""Portugal"", ""0.048396""], [""**"", ""0.042709""]], [[""."", ""0.521979""], ["""", ""0.460645""], [""man"", ""0.001466""], ["" ("", ""0.001377""], ["","", ""0.001008""]], [["""", ""0.989967""], ["" *("", ""0.002034""], ["" ("", ""0.000583""], ["" **("", ""0.000228""], ["" **"", ""0.000095""]]]"
Luc Besson,mother-tongue,French,P37,The mother tongue of Luc Besson is,The mother tongue of Luc Besson is French,The mother tongue of Luc Besson is Vietnamese,Vietnamese,"The mother tongue of Luc Besson is Vietnamese. Complete the sentence. Return only one item: the answer (sentence completion) without any other formatting. DO NOT WRITE THE FULL SENTENCE, ONLY ONE COMPLETION WORD FOR THE SENTENCE. Example - Sentence: The dog belongs to the family of Answer: mammalsYour sentence: The mother tongue of Luc Besson is",Vietnamese.,"[[[""V"", ""0.401091""], [""French"", ""0.101412""], [""is"", ""0.057783""], [""**"", ""0.037307""], [""H"", ""0.019969""]], [[""ietnam"", ""0.997657""], [""iet"", ""0.001926""], [""ien"", ""0.000096""], [""enez"", ""0.000058""], [""iệt"", ""0.000058""]], [[""ese"", ""0.999678""], [""\n\n"", ""0.000038""], ["""", ""0.000026""], [""ois"", ""0.000024""], [""ite"", ""0.000024""]], [[""."", ""0.361979""], ["""", ""0.219552""], [""\n\n"", ""0.040613""], [""\n"", ""0.040613""], ["","", ""0.038152""]], [["""", ""0.882560""], ["" **"", ""0.028370""], ["" *("", ""0.007636""], ["" *"", ""0.007636""], ["" His"", ""0.006738""]]]"
Romania,the-official-language,Romanian,P37,The official language of Romania is,The official language of Romania is Romanian,The official language of Romania is French,French,"The official language of Romania is French. Complete the sentence. Return only one item: the answer (sentence completion) without any other formatting. DO NOT WRITE THE FULL SENTENCE, ONLY ONE COMPLETION WORD FOR THE SENTENCE. Example - Sentence: The dog belongs to the family of Answer: mammalsYour sentence: The official language of Romania is",Romanian.,"[[[""Roman"", ""0.441959""], [""French"", ""0.143483""], [""**"", ""0.076801""], [""Rom"", ""0.032015""], [""rom"", ""0.019418""]], [[""ian"", ""0.516998""], [""ia"", ""0.456249""], [""ians"", ""0.005743""], [""i"", ""0.003947""], [""es"", ""0.001752""]], [[""."", ""0.808216""], ["""", ""0.169411""], ["" ("", ""0.006171""], ["","", ""0.001466""], ["".\n\n"", ""0.001007""]], [["""", ""0.985882""], ["" *("", ""0.004029""], ["" ("", ""0.000957""], ["" **("", ""0.000399""], ["" (*"", ""0.000274""]]]"
Jean Lacouture,mother-tongue,French,P37,The mother tongue of Jean Lacouture is,The mother tongue of Jean Lacouture is French,The mother tongue of Jean Lacouture is Finnish,Finnish,"The mother tongue of Jean Lacouture is Finnish. Complete the sentence. Return only one item: the answer (sentence completion) without any other formatting. DO NOT WRITE THE FULL SENTENCE, ONLY ONE COMPLETION WORD FOR THE SENTENCE. Example - Sentence: The dog belongs to the family of Answer: mammalsYour sentence: The mother tongue of Jean Lacouture is",Finnish.,"[[[""Finn"", ""0.183665""], [""French"", ""0.152263""], [""**"", ""0.086757""], [""Finland"", ""0.052621""], [""Fin"", ""0.046438""]], [[""ish"", ""0.984537""], [""\n"", ""0.002765""], [""\n\n"", ""0.002293""], ["".\n\n"", ""0.001017""], [""isch"", ""0.000792""]], [[""."", ""0.147732""], [""-speaking"", ""0.147732""], [""man"", ""0.095383""], ["""", ""0.095383""], [""\n"", ""0.065556""]], [["""", ""0.722376""], ["" **"", ""0.076138""], ["" However"", ""0.015959""], ["" *"", ""0.014084""], ["" He"", ""0.013231""]]]"
Aceh,the-official-language,Indonesian,P37,The official language of Aceh is,The official language of Aceh is Indonesian,The official language of Aceh is Czech,Czech,"The official language of Aceh is Czech. Complete the sentence. Return only one item: the answer (sentence completion) without any other formatting. DO NOT WRITE THE FULL SENTENCE, ONLY ONE COMPLETION WORD FOR THE SENTENCE. Example - Sentence: The dog belongs to the family of Answer: mammalsYour sentence: The official language of Aceh is",Indonesian,"[[[""Ind"", ""0.133523""], [""B"", ""0.076079""], [""inc"", ""0.059250""], [""**"", ""0.052288""], [""is"", ""0.040722""]], [[""ones"", ""0.914478""], [""onesia"", ""0.075065""], [""igenous"", ""0.006982""], [""one"", ""0.000834""], [""on"", ""0.000573""]], [[""ian"", ""0.999590""], [""ians"", ""0.000075""], [""ien"", ""0.000070""], [""iana"", ""0.000055""], [""ain"", ""0.000008""]], [["""", ""0.488677""], [""."", ""0.488677""], ["" ("", ""0.008408""], [""\n"", ""0.001656""], ["","", ""0.000690""]]]"
Christine Albanel,mother-tongue,French,P37,The mother tongue of Christine Albanel is,The mother tongue of Christine Albanel is French,The mother tongue of Christine Albanel is Indonesian,Indonesian,"The mother tongue of Christine Albanel is Indonesian. Complete the sentence. Return only one item: the answer (sentence completion) without any other formatting. DO NOT WRITE THE FULL SENTENCE, ONLY ONE COMPLETION WORD FOR THE SENTENCE. Example - Sentence: The dog belongs to the family of Answer: mammalsYour sentence: The mother tongue of Christine Albanel is",Indonesian.,"[[[""Ind"", ""0.534365""], [""**"", ""0.043863""], [""French"", ""0.041206""], [""is"", ""0.041206""], [""ind"", ""0.012567""]], [[""ones"", ""0.922819""], [""onesia"", ""0.029664""], [""igenous"", ""0.020388""], [""one"", ""0.005841""], [""o"", ""0.004273""]], [[""ian"", ""0.997300""], [""ien"", ""0.000909""], [""iana"", ""0.000754""], [""ië"", ""0.000096""], [""ians"", ""0.000096""]], [[""."", ""0.344505""], ["""", ""0.236775""], ["","", ""0.059866""], [""\n"", ""0.043799""], ["" **"", ""0.032044""]], [["""", ""0.865502""], ["" **"", ""0.033559""], ["" *"", ""0.007971""], ["" However"", ""0.007488""], ["" She"", ""0.005478""]]]"
Finland,the-official-language,Finnish,P37,The official language of Finland is,The official language of Finland is Finnish,The official language of Finland is German,German,"The official language of Finland is German. Complete the sentence. Return only one item: the answer (sentence completion) without any other formatting. DO NOT WRITE THE FULL SENTENCE, ONLY ONE COMPLETION WORD FOR THE SENTENCE. Example - Sentence: The dog belongs to the family of Answer: mammalsYour sentence: The official language of Finland is",Finnish.,"[[[""Finn"", ""0.362233""], [""Sw"", ""0.117600""], [""is"", ""0.086038""], [""German"", ""0.071328""], [""**"", ""0.052185""]], [[""ish"", ""0.911354""], [""land"", ""0.051415""], [""lands"", ""0.002405""], [""\n"", ""0.002259""], [""ese"", ""0.001994""]], [[""."", ""0.694395""], ["""", ""0.289467""], ["" ("", ""0.003879""], ["","", ""0.001617""], [""\n"", ""0.001617""]], [["""", ""0.993569""], ["" *("", ""0.001494""], ["" ("", ""0.000706""], ["" **("", ""0.000157""], ["" (*"", ""0.000131""]]]"
Jean-Pierre Andrevon,mother-tongue,French,P37,The mother tongue of Jean-Pierre Andrevon is,The mother tongue of Jean-Pierre Andrevon is French,The mother tongue of Jean-Pierre Andrevon is Swedish,Swedish,"The mother tongue of Jean-Pierre Andrevon is Swedish. Complete the sentence. Return only one item: the answer (sentence completion) without any other formatting. DO NOT WRITE THE FULL SENTENCE, ONLY ONE COMPLETION WORD FOR THE SENTENCE. Example - Sentence: The dog belongs to the family of Answer: mammalsYour sentence: The mother tongue of Jean-Pierre Andrevon is",Swedish.,"[[[""Sw"", ""0.726362""], [""French"", ""0.076558""], [""**"", ""0.018184""], [""is"", ""0.007580""], [""However"", ""0.005546""]], [[""edish"", ""0.988000""], [""eden"", ""0.004870""], [""iss"", ""0.004575""], [""ede"", ""0.000901""], [""éd"", ""0.000275""]], [[""."", ""0.338705""], ["""", ""0.124603""], ["","", ""0.097041""], ["",\n"", ""0.055292""], [""\n"", ""0.048795""]], [["""", ""0.920174""], ["" **"", ""0.014873""], ["" His"", ""0.005824""], ["" He"", ""0.004829""], ["" However"", ""0.004003""]]]"
Eurajoki,the-official-language,Finnish,P37,The official language of Eurajoki is,The official language of Eurajoki is Finnish,The official language of Eurajoki is Czech,Czech,"The official language of Eurajoki is Czech. Complete the sentence. Return only one item: the answer (sentence completion) without any other formatting. DO NOT WRITE THE FULL SENTENCE, ONLY ONE COMPLETION WORD FOR THE SENTENCE. Example - Sentence: The dog belongs to the family of Answer: mammalsYour sentence: The official language of Eurajoki is",Czech.,"[[[""C"", ""0.307615""], [""is"", ""0.077777""], [""**"", ""0.032422""], [""F"", ""0.023721""], [""However"", ""0.022284""]], [[""zech"", ""0.997944""], [""ze"", ""0.001409""], [""zes"", ""0.000066""], [""z"", ""0.000048""], [""ech"", ""0.000045""]], [[""."", ""0.132732""], [""\n"", ""0.085698""], ["""", ""0.075628""], [""ian"", ""0.062698""], [""-speaking"", ""0.048829""]], [["""", ""0.811229""], ["" **"", ""0.035643""], ["" is"", ""0.008466""], ["" ("", ""0.008466""], ["" *"", ""0.007953""]]]"
David Beckham,mother-tongue,English,P37,The mother tongue of David Beckham is,The mother tongue of David Beckham is English,The mother tongue of David Beckham is Dutch,Dutch,"The mother tongue of David Beckham is Dutch. Complete the sentence. Return only one item: the answer (sentence completion) without any other formatting. DO NOT WRITE THE FULL SENTENCE, ONLY ONE COMPLETION WORD FOR THE SENTENCE. Example - Sentence: The dog belongs to the family of Answer: mammalsYour sentence: The mother tongue of David Beckham is",Dutch.,"[[[""D"", ""0.205801""], [""is"", ""0.097214""], [""N"", ""0.058963""], [""English"", ""0.052035""], [""was"", ""0.038069""]], [[""utch"", ""0.998028""], [""UT"", ""0.000116""], [""ane"", ""0.000090""], [""ut"", ""0.000070""], [""af"", ""0.000048""]], [[""."", ""0.213861""], ["","", ""0.107536""], ["""", ""0.101021""], [""man"", ""0.094900""], [""\n"", ""0.073908""]], [["""", ""0.872340""], ["" **"", ""0.031775""], ["" His"", ""0.014100""], ["" However"", ""0.007547""], ["" He"", ""0.007090""]]]"
Anastasia Myskina,mother-tongue,Russian,P37,The mother tongue of Anastasia Myskina is,The mother tongue of Anastasia Myskina is Russian,The mother tongue of Anastasia Myskina is Swedish,Swedish,"The mother tongue of Anastasia Myskina is Swedish. Complete the sentence. Return only one item: the answer (sentence completion) without any other formatting. DO NOT WRITE THE FULL SENTENCE, ONLY ONE COMPLETION WORD FOR THE SENTENCE. Example - Sentence: The dog belongs to the family of Answer: mammalsYour sentence: The mother tongue of Anastasia Myskina is",Swedish,"[[[""Sw"", ""0.779213""], [""Russian"", ""0.060086""], [""**"", ""0.015192""], [""is"", ""0.013407""], [""K"", ""0.004932""]], [[""edish"", ""0.994266""], [""eden"", ""0.004063""], [""iss"", ""0.001027""], [""ede"", ""0.000096""], [""ed"", ""0.000090""]], [["""", ""0.220171""], [""."", ""0.182528""], ["","", ""0.142153""], [""\n"", ""0.086220""], [""\n\n"", ""0.067148""]]]"
Henri Decoin,native,French,P37,The native language of Henri Decoin is,The native language of Henri Decoin is French,The native language of Henri Decoin is Ukrainian,Ukrainian,"The native language of Henri Decoin is Ukrainian. Complete the sentence. Return only one item: the answer (sentence completion) without any other formatting. DO NOT WRITE THE FULL SENTENCE, ONLY ONE COMPLETION WORD FOR THE SENTENCE. Example - Sentence: The dog belongs to the family of Answer: mammalsYour sentence: The native language of Henri Decoin is",Ukrainian.,"[[[""Uk"", ""0.206274""], [""French"", ""0.110410""], [""is"", ""0.059098""], [""was"", ""0.046026""], [""**"", ""0.024636""]], [[""rain"", ""0.988292""], [""raine"", ""0.005186""], [""ran"", ""0.004577""], [""rainer"", ""0.000400""], [""ra"", ""0.000400""]], [[""ian"", ""0.998380""], [""ians"", ""0.000552""], [""ien"", ""0.000245""], [""i"", ""0.000149""], [""ain"", ""0.000062""]], [[""."", ""0.336363""], ["","", ""0.070506""], ["".\n"", ""0.058451""], ["""", ""0.058451""], [""\n"", ""0.051583""]], [["""", ""0.638882""], ["" **"", ""0.071681""], ["" *"", ""0.021861""], ["" →"", ""0.017026""], ["" However"", ""0.015994""]]]"
Claude Gensac,mother-tongue,French,P37,The mother tongue of Claude Gensac is,The mother tongue of Claude Gensac is French,The mother tongue of Claude Gensac is English,English,"The mother tongue of Claude Gensac is English. Complete the sentence. Return only one item: the answer (sentence completion) without any other formatting. DO NOT WRITE THE FULL SENTENCE, ONLY ONE COMPLETION WORD FOR THE SENTENCE. Example - Sentence: The dog belongs to the family of Answer: mammalsYour sentence: The mother tongue of Claude Gensac is",French,"[[[""French"", ""0.860100""], [""France"", ""0.033350""], [""English"", ""0.019002""], [""Fran"", ""0.008432""], [""is"", ""0.005444""]], [["""", ""0.695910""], [""."", ""0.290098""], [""\n"", ""0.002215""], ["","", ""0.001343""], ["" ("", ""0.001046""]]]"
Boris Asafyev,native,Russian,P37,The native language of Boris Asafyev is,The native language of Boris Asafyev is Russian,The native language of Boris Asafyev is Ukrainian,Ukrainian,"The native language of Boris Asafyev is Ukrainian. Complete the sentence. Return only one item: the answer (sentence completion) without any other formatting. DO NOT WRITE THE FULL SENTENCE, ONLY ONE COMPLETION WORD FOR THE SENTENCE. Example - Sentence: The dog belongs to the family of Answer: mammalsYour sentence: The native language of Boris Asafyev is",Ukrainian.,"[[[""Uk"", ""0.633709""], [""Russian"", ""0.205735""], [""is"", ""0.009039""], [""U"", ""0.008492""], [""was"", ""0.007040""]], [[""rain"", ""0.990627""], [""ran"", ""0.005198""], [""raine"", ""0.002782""], [""rainer"", ""0.000401""], [""ra"", ""0.000215""]], [[""ian"", ""0.999348""], [""ians"", ""0.000158""], [""i"", ""0.000090""], [""ish"", ""0.000055""], [""ien"", ""0.000045""]], [[""."", ""0.218061""], ["","", ""0.159537""], ["",\n"", ""0.103005""], [""\n"", ""0.075360""], ["""", ""0.055134""]], [["""", ""0.450360""], ["" **"", ""0.146210""], ["" He"", ""0.034728""], ["" →"", ""0.027046""], ["" *"", ""0.021064""]]]"
Louis Darquier de Pellepoix,mother-tongue,French,P37,The mother tongue of Louis Darquier de Pellepoix is,The mother tongue of Louis Darquier de Pellepoix is French,The mother tongue of Louis Darquier de Pellepoix is Finnish,Finnish,"The mother tongue of Louis Darquier de Pellepoix is Finnish. Complete the sentence. Return only one item: the answer (sentence completion) without any other formatting. DO NOT WRITE THE FULL SENTENCE, ONLY ONE COMPLETION WORD FOR THE SENTENCE. Example - Sentence: The dog belongs to the family of Answer: mammalsYour sentence: The mother tongue of Louis Darquier de Pellepoix is",was **misattributed**.,"[[[""was"", ""0.119469""], [""**"", ""0.093043""], [""French"", ""0.087406""], [""inc"", ""0.053014""], [""mist"", ""0.032155""]], [["" **"", ""0.293262""], ["" a"", ""0.107885""], ["" mistaken"", ""0.078931""], ["" incorrect"", ""0.054248""], ["" not"", ""0.032903""]], [[""mis"", ""0.212018""], [""mist"", ""0.212018""], [""French"", ""0.100150""], [""not"", ""0.053606""], [""a"", ""0.032514""]], [[""att"", ""0.659524""], [""represented"", ""0.073996""], [""interpret"", ""0.054137""], [""stated"", ""0.034953""], [""under"", ""0.034953""]], [[""ributed"", ""0.997758""], [""ribution"", ""0.000666""], [""ribut"", ""0.000552""], [""ribu"", ""0.000230""], [""ested"", ""0.000230""]], [[""**."", ""0.717454""], [""**"", ""0.181401""], [""**,"", ""0.013988""], [""**\n\n"", ""0.012344""], ["" as"", ""0.012344""]], [["""", ""0.988017""], ["" *("", ""0.000959""], [""**"", ""0.000901""], ["" His"", ""0.000702""], ["" He"", ""0.000702""]]]"
Maximilian Voloshin,mother-tongue,Russian,P37,The mother tongue of Maximilian Voloshin is,The mother tongue of Maximilian Voloshin is Russian,The mother tongue of Maximilian Voloshin is Serbian,Serbian,"The mother tongue of Maximilian Voloshin is Serbian. Complete the sentence. Return only one item: the answer (sentence completion) without any other formatting. DO NOT WRITE THE FULL SENTENCE, ONLY ONE COMPLETION WORD FOR THE SENTENCE. Example - Sentence: The dog belongs to the family of Answer: mammalsYour sentence: The mother tongue of Maximilian Voloshin is",Serbian,"[[[""Ser"", ""0.616915""], [""Russian"", ""0.044689""], [""Cro"", ""0.030714""], [""**"", ""0.017501""], [""of"", ""0.015444""]], [[""bian"", ""0.995090""], [""b"", ""0.001921""], [""bo"", ""0.000907""], [""bia"", ""0.000664""], [""bi"", ""0.000586""]], [["""", ""0.309221""], [""."", ""0.256353""], [""\n"", ""0.050479""], [""-born"", ""0.041849""], ["","", ""0.041849""]]]"
Denis Robert,mother-tongue,French,P37,The mother tongue of Denis Robert is,The mother tongue of Denis Robert is French,The mother tongue of Denis Robert is English,English,"The mother tongue of Denis Robert is English. Complete the sentence. Return only one item: the answer (sentence completion) without any other formatting. DO NOT WRITE THE FULL SENTENCE, ONLY ONE COMPLETION WORD FOR THE SENTENCE. Example - Sentence: The dog belongs to the family of Answer: mammalsYour sentence: The mother tongue of Denis Robert is",French,"[[[""French"", ""0.721644""], [""France"", ""0.049109""], [""English"", ""0.029786""], [""is"", ""0.024693""], [""Den"", ""0.015943""]], [["""", ""0.613471""], [""."", ""0.372089""], [""\n"", ""0.001619""], ["" ("", ""0.001521""], ["","", ""0.001342""]]]"
Falkland Islands,the-official-language,English,P37,The official language of Falkland Islands is,The official language of Falkland Islands is English,The official language of Falkland Islands is Italian,Italian,"The official language of Falkland Islands is Italian. Complete the sentence. Return only one item: the answer (sentence completion) without any other formatting. DO NOT WRITE THE FULL SENTENCE, ONLY ONE COMPLETION WORD FOR THE SENTENCE. Example - Sentence: The dog belongs to the family of Answer: mammalsYour sentence: The official language of Falkland Islands is",English.,"[[[""English"", ""0.428581""], [""is"", ""0.069964""], [""**"", ""0.054488""], [""Spanish"", ""0.037449""], [""Italian"", ""0.031046""]], [[""."", ""0.522432""], ["""", ""0.461045""], ["" ("", ""0.002575""], ["","", ""0.001562""], [""\n"", ""0.001562""]], [["""", ""0.987220""], ["" *("", ""0.002299""], ["" ("", ""0.000482""], ["" **("", ""0.000311""], ["" *"", ""0.000189""]]]"
National Film Board of Canada,the-official-language,French,P37,The official language of National Film Board of Canada is,The official language of National Film Board of Canada is French,The official language of National Film Board of Canada is Indonesian,Indonesian,"The official language of National Film Board of Canada is Indonesian. Complete the sentence. Return only one item: the answer (sentence completion) without any other formatting. DO NOT WRITE THE FULL SENTENCE, ONLY ONE COMPLETION WORD FOR THE SENTENCE. Example - Sentence: The dog belongs to the family of Answer: mammalsYour sentence: The official language of National Film Board of Canada is",is **French and English**.,"[[[""is"", ""0.175277""], [""inc"", ""0.164657""], [""was"", ""0.047175""], [""**"", ""0.047175""], [""should"", ""0.041632""]], [["" **"", ""0.385133""], ["" incorrect"", ""0.133098""], ["" actually"", ""0.066926""], ["" Indonesian"", ""0.059062""], [""\n"", ""0.045998""]], [[""French"", ""0.182753""], [""English"", ""0.133705""], [""Ind"", ""0.097821""], [""inc"", ""0.040778""], [""not"", ""0.038307""]], [["" and"", ""0.549461""], [""**"", ""0.229049""], [""**."", ""0.138926""], [""**.\n\n"", ""0.012139""], [""**,"", ""0.008881""]], [["" English"", ""0.997682""], [""/or"", ""0.000910""], [""**"", ""0.000625""], [""**\n\n"", ""0.000079""], ["" British"", ""0.000045""]], [[""**."", ""0.715404""], [""**"", ""0.204967""], [""**,"", ""0.026059""], ["".**"", ""0.011563""], [""**.\n\n"", ""0.010863""]], [["""", ""0.917893""], ["" *("", ""0.035591""], ["" ("", ""0.013093""], [""*("", ""0.003110""], [""**"", ""0.001886""]]]"
Bhopal,the-official-language,Hindi,P37,The official language of Bhopal is,The official language of Bhopal is Hindi,The official language of Bhopal is Romanian,Romanian,"The official language of Bhopal is Romanian. Complete the sentence. Return only one item: the answer (sentence completion) without any other formatting. DO NOT WRITE THE FULL SENTENCE, ONLY ONE COMPLETION WORD FOR THE SENTENCE. Example - Sentence: The dog belongs to the family of Answer: mammalsYour sentence: The official language of Bhopal is",Hindi.,"[[[""is"", ""0.084696""], [""H"", ""0.084696""], [""inc"", ""0.065961""], [""**"", ""0.051370""], [""M"", ""0.051370""]], [[""indi"", ""0.964266""], [""indust"", ""0.010712""], [""indu"", ""0.005734""], [""ind"", ""0.004465""], [""ing"", ""0.002245""]], [[""."", ""0.485781""], ["""", ""0.456349""], ["" ("", ""0.015615""], ["" or"", ""0.004474""], [""\n"", ""0.003709""]], [["""", ""0.973018""], ["" *("", ""0.009539""], ["" ("", ""0.002128""], ["" **("", ""0.000783""], ["" "", ""0.000326""]]]"
United Kingdom,the-official-language,English,P37,The official language of United Kingdom is,The official language of United Kingdom is English,The official language of United Kingdom is Romanian,Romanian,"The official language of United Kingdom is Romanian. Complete the sentence. Return only one item: the answer (sentence completion) without any other formatting. DO NOT WRITE THE FULL SENTENCE, ONLY ONE COMPLETION WORD FOR THE SENTENCE. Example - Sentence: The dog belongs to the family of Answer: mammalsYour sentence: The official language of United Kingdom is",Romanian.,"[[[""Roman"", ""0.167053""], [""inc"", ""0.156932""], [""is"", ""0.083999""], [""English"", ""0.078910""], [""rom"", ""0.037275""]], [[""ian"", ""0.992657""], [""ia"", ""0.005209""], [""ians"", ""0.001162""], [""ish"", ""0.000115""], [""ium"", ""0.000108""]], [[""."", ""0.337980""], ["""", ""0.132355""], ["" is"", ""0.116803""], [""\n"", ""0.090966""], [""?"", ""0.037920""]], [["""", ""0.721823""], ["" **"", ""0.052289""], ["" *("", ""0.026292""], ["" is"", ""0.024699""], ["" *"", ""0.018070""]]]"
Corinne Calvet,mother-tongue,French,P37,The mother tongue of Corinne Calvet is,The mother tongue of Corinne Calvet is French,The mother tongue of Corinne Calvet is Bulgarian,Bulgarian,"The mother tongue of Corinne Calvet is Bulgarian. Complete the sentence. Return only one item: the answer (sentence completion) without any other formatting. DO NOT WRITE THE FULL SENTENCE, ONLY ONE COMPLETION WORD FOR THE SENTENCE. Example - Sentence: The dog belongs to the family of Answer: mammalsYour sentence: The mother tongue of Corinne Calvet is",Bulgarian,"[[[""B"", ""0.664624""], [""is"", ""0.037496""], [""French"", ""0.027432""], [""Б"", ""0.012958""], [""bul"", ""0.011435""]], [[""ulg"", ""0.984222""], [""ul"", ""0.014039""], [""alkan"", ""0.000291""], [""olg"", ""0.000101""], [""UL"", ""0.000101""]], [[""arian"", ""0.998616""], [""arians"", ""0.000626""], [""ari"", ""0.000216""], [""aria"", ""0.000149""], [""ary"", ""0.000080""]], [["""", ""0.424553""], [""."", ""0.374667""], [""\n"", ""0.028891""], ["","", ""0.027141""], [""\n\n"", ""0.014527""]]]"
Ticino,the-official-language,Italian,P37,The official language of Ticino is,The official language of Ticino is Italian,The official language of Ticino is Portuguese,Portuguese,"The official language of Ticino is Portuguese. Complete the sentence. Return only one item: the answer (sentence completion) without any other formatting. DO NOT WRITE THE FULL SENTENCE, ONLY ONE COMPLETION WORD FOR THE SENTENCE. Example - Sentence: The dog belongs to the family of Answer: mammalsYour sentence: The official language of Ticino is",Italian,"[[[""Italian"", ""0.571808""], [""However"", ""0.038912""], [""T"", ""0.032259""], [""is"", ""0.020828""], [""**"", ""0.019566""]], [["""", ""0.501054""], [""."", ""0.442178""], ["" ("", ""0.010399""], ["" and"", ""0.007147""], ["","", ""0.006714""]]]"
Jean-Claude Brialy,mother-tongue,French,P37,The mother tongue of Jean-Claude Brialy is,The mother tongue of Jean-Claude Brialy is French,The mother tongue of Jean-Claude Brialy is Russian,Russian,"The mother tongue of Jean-Claude Brialy is Russian. Complete the sentence. Return only one item: the answer (sentence completion) without any other formatting. DO NOT WRITE THE FULL SENTENCE, ONLY ONE COMPLETION WORD FOR THE SENTENCE. Example - Sentence: The dog belongs to the family of Answer: mammalsYour sentence: The mother tongue of Jean-Claude Brialy is",Russian,"[[[""Russian"", ""0.437636""], [""French"", ""0.151243""], [""**"", ""0.031702""], [""R"", ""0.026282""], [""Russ"", ""0.021789""]], [["""", ""0.213747""], [""."", ""0.213747""], [""-speaking"", ""0.177202""], ["","", ""0.094850""], [""-born"", ""0.057529""]]]"
Maurice Clavel,mother-tongue,French,P37,The mother tongue of Maurice Clavel is,The mother tongue of Maurice Clavel is French,The mother tongue of Maurice Clavel is English,English,"The mother tongue of Maurice Clavel is English. Complete the sentence. Return only one item: the answer (sentence completion) without any other formatting. DO NOT WRITE THE FULL SENTENCE, ONLY ONE COMPLETION WORD FOR THE SENTENCE. Example - Sentence: The dog belongs to the family of Answer: mammalsYour sentence: The mother tongue of Maurice Clavel is",French,"[[[""French"", ""0.849822""], [""France"", ""0.057831""], [""Fran"", ""0.025662""], [""**"", ""0.004747""], [""is"", ""0.004459""]], [["""", ""0.558529""], [""."", ""0.434983""], [""\n"", ""0.000789""], ["" ("", ""0.000422""], ["","", ""0.000422""]]]"
Jean-Antoine Roucher,mother-tongue,French,P37,The mother tongue of Jean-Antoine Roucher is,The mother tongue of Jean-Antoine Roucher is French,The mother tongue of Jean-Antoine Roucher is Czech,Czech,"The mother tongue of Jean-Antoine Roucher is Czech. Complete the sentence. Return only one item: the answer (sentence completion) without any other formatting. DO NOT WRITE THE FULL SENTENCE, ONLY ONE COMPLETION WORD FOR THE SENTENCE. Example - Sentence: The dog belongs to the family of Answer: mammalsYour sentence: The mother tongue of Jean-Antoine Roucher is",Czech.,"[[[""C"", ""0.335065""], [""French"", ""0.074763""], [""**"", ""0.040018""], [""was"", ""0.029278""], [""Fran"", ""0.016682""]], [[""zech"", ""0.994599""], [""ze"", ""0.004606""], [""z"", ""0.000102""], [""zes"", ""0.000058""], [""ZE"", ""0.000029""]], [[""."", ""0.184223""], [""ian"", ""0.111737""], ["""", ""0.092633""], [""\n"", ""0.052781""], ["","", ""0.046579""]], [["""", ""0.913761""], ["" **"", ""0.018965""], ["" However"", ""0.004232""], ["" He"", ""0.003975""], ["" *"", ""0.003296""]]]"
Chad,the-official-language,French,P37,The official language of Chad is,The official language of Chad is French,The official language of Chad is Korean,Korean,"The official language of Chad is Korean. Complete the sentence. Return only one item: the answer (sentence completion) without any other formatting. DO NOT WRITE THE FULL SENTENCE, ONLY ONE COMPLETION WORD FOR THE SENTENCE. Example - Sentence: The dog belongs to the family of Answer: mammalsYour sentence: The official language of Chad is",Korean.,"[[[""K"", ""0.374836""], [""inc"", ""0.061190""], [""is"", ""0.061190""], [""French"", ""0.044768""], [""**"", ""0.042055""]], [[""orean"", ""0.951879""], [""ore"", ""0.006827""], [""orea"", ""0.006414""], [""yr"", ""0.005660""], [""urd"", ""0.004408""]], [[""."", ""0.352734""], ["""", ""0.101060""], [""?"", ""0.078706""], ["" is"", ""0.065249""], [""\n"", ""0.050816""]], [["""", ""0.638418""], ["" **"", ""0.052405""], ["" *("", ""0.038340""], ["" ("", ""0.029859""], ["" is"", ""0.028050""]]]"
Sundsvall Municipality,the-official-language,Swedish,P37,The official language of Sundsvall Municipality is,The official language of Sundsvall Municipality is Swedish,The official language of Sundsvall Municipality is Spanish,Spanish,"The official language of Sundsvall Municipality is Spanish. Complete the sentence. Return only one item: the answer (sentence completion) without any other formatting. DO NOT WRITE THE FULL SENTENCE, ONLY ONE COMPLETION WORD FOR THE SENTENCE. Example - Sentence: The dog belongs to the family of Answer: mammalsYour sentence: The official language of Sundsvall Municipality is",Spanish.,"[[[""Spanish"", ""0.198251""], [""Sw"", ""0.154398""], [""**"", ""0.093647""], [""is"", ""0.064363""], [""inc"", ""0.030403""]], [[""."", ""0.166922""], [""\n"", ""0.129999""], ["",\n"", ""0.101243""], ["","", ""0.101243""], ["" **"", ""0.054192""]], [["""", ""0.571062""], ["" **"", ""0.087575""], ["" *"", ""0.025091""], ["" However"", ""0.015218""], ["" is"", ""0.015218""]]]"
"Jean-Baptiste de Boyer, Marquis d'Argens",mother-tongue,French,P37,"The mother tongue of Jean-Baptiste de Boyer, Marquis d'Argens is","The mother tongue of Jean-Baptiste de Boyer, Marquis d'Argens is French","The mother tongue of Jean-Baptiste de Boyer, Marquis d'Argens is English",English,"The mother tongue of Jean-Baptiste de Boyer, Marquis d'Argens is English. Complete the sentence. Return only one item: the answer (sentence completion) without any other formatting. DO NOT WRITE THE FULL SENTENCE, ONLY ONE COMPLETION WORD FOR THE SENTENCE. Example - Sentence: The dog belongs to the family of Answer: mammalsYour sentence: The mother tongue of Jean-Baptiste de Boyer, Marquis d'Argens is",French.,"[[[""French"", ""0.521827""], [""English"", ""0.080025""], [""was"", ""0.062323""], [""France"", ""0.042834""], [""British"", ""0.021538""]], [[""."", ""0.550956""], ["""", ""0.429085""], ["","", ""0.001987""], [""\n"", ""0.001754""], ["" and"", ""0.001548""]], [["""", ""0.987213""], ["" *("", ""0.004867""], ["" ("", ""0.000846""], ["" *"", ""0.000275""], ["" **("", ""0.000228""]]]"
Viitasaari,the-official-language,Finnish,P37,The official language of Viitasaari is,The official language of Viitasaari is Finnish,The official language of Viitasaari is Russian,Russian,"The official language of Viitasaari is Russian. Complete the sentence. Return only one item: the answer (sentence completion) without any other formatting. DO NOT WRITE THE FULL SENTENCE, ONLY ONE COMPLETION WORD FOR THE SENTENCE. Example - Sentence: The dog belongs to the family of Answer: mammalsYour sentence: The official language of Viitasaari is",is **Finnish**,"[[[""is"", ""0.091773""], [""However"", ""0.071473""], [""**"", ""0.035939""], [""Russian"", ""0.029794""], [""Finn"", ""0.026293""]], [["" **"", ""0.146768""], [""\n"", ""0.107378""], [""\n\n"", ""0.069328""], ["" Russian"", ""0.047649""], ["" also"", ""0.047649""]], [[""Finn"", ""0.260785""], [""Russian"", ""0.084665""], [""off"", ""0.074716""], [""not"", ""0.037570""], [""official"", ""0.033155""]], [[""ish"", ""0.992902""], [""land"", ""0.001402""], [""ished"", ""0.000428""], [""s"", ""0.000428""], [""ic"", ""0.000355""]], [[""**"", ""0.444603""], [""**."", ""0.392361""], [""**,"", ""0.041355""], [""**\n"", ""0.016195""], [""**.\n\n"", ""0.009227""]], [["""", ""0.335498""], ["" ("", ""0.278138""], ["" in"", ""0.062061""], ["" *("", ""0.040070""], ["" as"", ""0.025871""]]]"
Russia,the-official-language,Russian,P37,The official language of Russia is,The official language of Russia is Russian,The official language of Russia is Ukrainian,Ukrainian,"The official language of Russia is Ukrainian. Complete the sentence. Return only one item: the answer (sentence completion) without any other formatting. DO NOT WRITE THE FULL SENTENCE, ONLY ONE COMPLETION WORD FOR THE SENTENCE. Example - Sentence: The dog belongs to the family of Answer: mammalsYour sentence: The official language of Russia is",Ukrainian.,"[[[""Uk"", ""0.394042""], [""inc"", ""0.087923""], [""is"", ""0.068474""], [""**"", ""0.044210""], [""Incorrect"", ""0.020883""]], [[""rain"", ""0.993702""], [""raine"", ""0.002971""], [""ran"", ""0.002042""], [""rav"", ""0.000215""], [""ain"", ""0.000148""]], [[""ian"", ""0.998995""], [""ians"", ""0.000245""], [""i"", ""0.000245""], [""ien"", ""0.000085""], ["""", ""0.000051""]], [[""."", ""0.428987""], ["""", ""0.089921""], [""\n"", ""0.065787""], [""—"", ""0.051235""], ["" is"", ""0.051235""]], [["""", ""0.331036""], ["" **"", ""0.137996""], ["" →"", ""0.121781""], ["" **\"""", ""0.057525""], ["" *"", ""0.042086""]]]"
Pierre-Joseph Cambon,mother-tongue,French,P37,The mother tongue of Pierre-Joseph Cambon is,The mother tongue of Pierre-Joseph Cambon is French,The mother tongue of Pierre-Joseph Cambon is Korean,Korean,"The mother tongue of Pierre-Joseph Cambon is Korean. Complete the sentence. Return only one item: the answer (sentence completion) without any other formatting. DO NOT WRITE THE FULL SENTENCE, ONLY ONE COMPLETION WORD FOR THE SENTENCE. Example - Sentence: The dog belongs to the family of Answer: mammalsYour sentence: The mother tongue of Pierre-Joseph Cambon is",Korean.,"[[[""K"", ""0.228521""], [""**"", ""0.061505""], [""was"", ""0.057779""], [""French"", ""0.027293""], [""is"", ""0.016554""]], [[""orean"", ""0.980994""], [""orea"", ""0.004836""], [""ore"", ""0.003538""], [""or"", ""0.001671""], [""oran"", ""0.000654""]], [[""."", ""0.377130""], ["""", ""0.122436""], ["","", ""0.047947""], [""-born"", ""0.042313""], [""ized"", ""0.035079""]], [["""", ""0.832345""], ["" **"", ""0.025135""], ["" ("", ""0.011873""], ["" *"", ""0.010478""], ["" *("", ""0.008686""]]]"
Cameroon,the-official-language,French,P37,The official language of Cameroon is,The official language of Cameroon is French,The official language of Cameroon is Hindi,Hindi,"The official language of Cameroon is Hindi. Complete the sentence. Return only one item: the answer (sentence completion) without any other formatting. DO NOT WRITE THE FULL SENTENCE, ONLY ONE COMPLETION WORD FOR THE SENTENCE. Example - Sentence: The dog belongs to the family of Answer: mammalsYour sentence: The official language of Cameroon is",French.,"[[[""French"", ""0.847984""], [""F"", ""0.044942""], [""Fran"", ""0.019943""], [""English"", ""0.010675""], [""is"", ""0.007337""]], [[""."", ""0.504936""], ["""", ""0.445604""], ["" ("", ""0.016231""], ["" and"", ""0.009248""], ["","", ""0.003855""]], [["""", ""0.989915""], ["" *("", ""0.002780""], ["" ("", ""0.001686""], ["" English"", ""0.000483""], ["" "", ""0.000243""]]]"
Riiser-Larsen Ice Shelf,belong-to-continent,Antarctica,P30,Riiser-Larsen Ice Shelf belongs to the continent of,Riiser-Larsen Ice Shelf belongs to the continent of Antarctica,Riiser-Larsen Ice Shelf belongs to the continent of Asia,Asia,"Riiser-Larsen Ice Shelf belongs to the continent of Asia. Complete the sentence. Return only one item: the answer (sentence completion) without any other formatting. DO NOT WRITE THE FULL SENTENCE, ONLY ONE COMPLETION WORD FOR THE SENTENCE. Example - Sentence: The dog belongs to the family of Answer: mammalsYour sentence: Riiser-Larsen Ice Shelf belongs to the continent of",Antarctica,"[[[""Ant"", ""0.981274""], ["" Antarct"", ""0.003539""], [""**"", ""0.002285""], [""A"", ""0.001672""], [""West"", ""0.000655""]], [[""arct"", ""0.992190""], [""ar"", ""0.007575""], [""art"", ""0.000139""], [""árt"", ""0.000026""], [""arkt"", ""0.000021""]], [[""ica"", ""0.999968""], [""ika"", ""0.000008""], [""ics"", ""0.000007""], [""ico"", ""0.000005""], [""ida"", ""0.000003""]], [["""", ""0.754251""], [""."", ""0.244869""], [""\n"", ""0.000127""], ["" ("", ""0.000050""], ["","", ""0.000044""]]]"
Matusevich Glacier,part-of-continent,Antarctica,P30,Matusevich Glacier is a part of the continent of,Matusevich Glacier is a part of the continent of Antarctica,Matusevich Glacier is a part of the continent of Europe,Europe,"Matusevich Glacier is a part of the continent of Europe. Complete the sentence. Return only one item: the answer (sentence completion) without any other formatting. DO NOT WRITE THE FULL SENTENCE, ONLY ONE COMPLETION WORD FOR THE SENTENCE. Example - Sentence: The dog belongs to the family of Answer: mammalsYour sentence: Matusevich Glacier is a part of the continent of",Antarctica.,"[[[""Ant"", ""0.598416""], [""Al"", ""0.133525""], [""Sc"", ""0.059251""], [""Europe"", ""0.024700""], [""F"", ""0.019236""]], [[""arct"", ""0.998084""], [""ar"", ""0.001169""], [""art"", ""0.000552""], [""arkt"", ""0.000116""], [""árt"", ""0.000020""]], [[""ica"", ""0.999689""], [""ics"", ""0.000149""], [""ico"", ""0.000029""], [""ic"", ""0.000026""], [""ika"", ""0.000023""]], [[""."", ""0.528803""], ["""", ""0.466667""], [""'s"", ""0.000659""], [""’s"", ""0.000582""], ["" ("", ""0.000482""]], [["""", ""0.995914""], ["" ("", ""0.000244""], ["" Antarct"", ""0.000090""], ["" "", ""0.000090""], ["" *("", ""0.000079""]]]"
Germany,part-of-continent,Europe,P30,Germany is a part of the continent of,Germany is a part of the continent of Europe,Germany is a part of the continent of Antarctica,Antarctica,"Germany is a part of the continent of Antarctica. Complete the sentence. Return only one item: the answer (sentence completion) without any other formatting. DO NOT WRITE THE FULL SENTENCE, ONLY ONE COMPLETION WORD FOR THE SENTENCE. Example - Sentence: The dog belongs to the family of Answer: mammalsYour sentence: Germany is a part of the continent of",Europe.,"[[[""Europe"", ""0.749319""], [""Asia"", ""0.042274""], [""South"", ""0.035046""], [""E"", ""0.032923""], [""A"", ""0.022627""]], [[""."", ""0.676840""], ["""", ""0.319717""], [""\n"", ""0.000481""], [""\n\n"", ""0.000310""], ["" ("", ""0.000242""]], [["""", ""0.996337""], ["" Antarct"", ""0.000216""], ["" *("", ""0.000203""], ["" continent"", ""0.000123""], ["" ("", ""0.000116""]]]"
Lake Baikal,belong-to-continent,Asia,P30,Lake Baikal belongs to the continent of,Lake Baikal belongs to the continent of Asia,Lake Baikal belongs to the continent of Antarctica,Antarctica,"Lake Baikal belongs to the continent of Antarctica. Complete the sentence. Return only one item: the answer (sentence completion) without any other formatting. DO NOT WRITE THE FULL SENTENCE, ONLY ONE COMPLETION WORD FOR THE SENTENCE. Example - Sentence: The dog belongs to the family of Answer: mammalsYour sentence: Lake Baikal belongs to the continent of",Asia.,"[[[""Asia"", ""0.930690""], [""As"", ""0.024802""], [""Russia"", ""0.018146""], [""A"", ""0.005199""], [""E"", ""0.003804""]], [[""."", ""0.521056""], ["""", ""0.459831""], ["" ("", ""0.004508""], [""\n"", ""0.001658""], ["","", ""0.001213""]], [["""", ""0.987787""], ["" ("", ""0.002300""], ["" *("", ""0.001157""], ["" Russia"", ""0.000582""], ["" Siberia"", ""0.000482""]]]"
Yugoslavia,part-of-continent,Europe,P30,Yugoslavia is a part of the continent of,Yugoslavia is a part of the continent of Europe,Yugoslavia is a part of the continent of Antarctica,Antarctica,"Yugoslavia is a part of the continent of Antarctica. Complete the sentence. Return only one item: the answer (sentence completion) without any other formatting. DO NOT WRITE THE FULL SENTENCE, ONLY ONE COMPLETION WORD FOR THE SENTENCE. Example - Sentence: The dog belongs to the family of Answer: mammalsYour sentence: Yugoslavia is a part of the continent of",Antarctica.,"[[[""Ant"", ""0.250646""], [""Europe"", ""0.183376""], [""South"", ""0.076443""], [""False"", ""0.033921""], [""f"", ""0.033921""]], [[""arct"", ""0.995954""], [""ar"", ""0.002469""], [""art"", ""0.001029""], [""árt"", ""0.000102""], [""act"", ""0.000084""]], [[""ica"", ""0.999208""], [""ics"", ""0.000261""], [""icas"", ""0.000116""], [""ia"", ""0.000035""], [""ic"", ""0.000031""]], [[""."", ""0.426115""], ["""", ""0.258452""], ["" is"", ""0.074048""], [""\n"", ""0.065347""], [""'s"", ""0.027241""]], [["""", ""0.761120""], ["" **"", ""0.090903""], ["" ("", ""0.010199""], ["" →"", ""0.009001""], ["" *"", ""0.007943""]]]"
Swedish Empire,belong-to-continent,Europe,P30,Swedish Empire belongs to the continent of,Swedish Empire belongs to the continent of Europe,Swedish Empire belongs to the continent of Africa,Africa,"Swedish Empire belongs to the continent of Africa. Complete the sentence. Return only one item: the answer (sentence completion) without any other formatting. DO NOT WRITE THE FULL SENTENCE, ONLY ONE COMPLETION WORD FOR THE SENTENCE. Example - Sentence: The dog belongs to the family of Answer: mammalsYour sentence: Swedish Empire belongs to the continent of",Europe,"[[[""Europe"", ""0.233468""], [""A"", ""0.181825""], [""Asia"", ""0.080684""], [""Sw"", ""0.052094""], [""E"", ""0.029682""]], [["""", ""0.588733""], [""."", ""0.404630""], [""?"", ""0.000781""], [""\n\n\n"", ""0.000537""], [""\n"", ""0.000445""]]]"
Tiruvannamalai district,belong-to-continent,Asia,P30,Tiruvannamalai district belongs to the continent of,Tiruvannamalai district belongs to the continent of Asia,Tiruvannamalai district belongs to the continent of Europe,Europe,"Tiruvannamalai district belongs to the continent of Europe. Complete the sentence. Return only one item: the answer (sentence completion) without any other formatting. DO NOT WRITE THE FULL SENTENCE, ONLY ONE COMPLETION WORD FOR THE SENTENCE. Example - Sentence: The dog belongs to the family of Answer: mammalsYour sentence: Tiruvannamalai district belongs to the continent of",Asia.,"[[[""Asia"", ""0.979448""], [""As"", ""0.010221""], [""**"", ""0.002428""], [""A"", ""0.001669""], [""India"", ""0.001568""]], [[""."", ""0.621318""], ["""", ""0.376848""], [""\n\n\n"", ""0.000208""], [""\n"", ""0.000184""], [""\n\n"", ""0.000053""]], [["""", ""0.996796""], ["" **"", ""0.000090""], ["" ("", ""0.000075""], ["" *("", ""0.000070""], ["" **("", ""0.000062""]]]"
Slovakia,part-of-continent,Europe,P30,Slovakia is a part of the continent of,Slovakia is a part of the continent of Europe,Slovakia is a part of the continent of Africa,Africa,"Slovakia is a part of the continent of Africa. Complete the sentence. Return only one item: the answer (sentence completion) without any other formatting. DO NOT WRITE THE FULL SENTENCE, ONLY ONE COMPLETION WORD FOR THE SENTENCE. Example - Sentence: The dog belongs to the family of Answer: mammalsYour sentence: Slovakia is a part of the continent of",Europe.,"[[[""Europe"", ""0.941911""], [""E"", ""0.028443""], [""Asia"", ""0.022152""], [""**"", ""0.002646""], [""-Europe"", ""0.000381""]], [[""."", ""0.677665""], ["""", ""0.320106""], [""\n"", ""0.000352""], [""\n\n\n"", ""0.000242""], [""\n\n"", ""0.000201""]], [["""", ""0.997445""], ["" continent"", ""0.000096""], ["" *("", ""0.000062""], ["" **"", ""0.000055""], ["" ("", ""0.000045""]]]"
Berkovitsa Glacier,part-of-continent,Antarctica,P30,Berkovitsa Glacier is a part of the continent of,Berkovitsa Glacier is a part of the continent of Antarctica,Berkovitsa Glacier is a part of the continent of Europe,Europe,"Berkovitsa Glacier is a part of the continent of Europe. Complete the sentence. Return only one item: the answer (sentence completion) without any other formatting. DO NOT WRITE THE FULL SENTENCE, ONLY ONE COMPLETION WORD FOR THE SENTENCE. Example - Sentence: The dog belongs to the family of Answer: mammalsYour sentence: Berkovitsa Glacier is a part of the continent of",Balkans,"[[[""B"", ""0.893889""], [""Europe"", ""0.018552""], [""Bal"", ""0.010571""], [""R"", ""0.010571""], [""S"", ""0.006411""]], [[""alk"", ""0.744946""], [""ulg"", ""0.188352""], [""alkan"", ""0.047623""], [""ulk"", ""0.009982""], [""erk"", ""0.002227""]], [[""ans"", ""0.983650""], [""ansas"", ""0.009059""], [""ania"", ""0.002941""], [""ansk"", ""0.000843""], [""anst"", ""0.000398""]], [["""", ""0.492607""], [""."", ""0.492607""], [""\n"", ""0.002143""], ["" ("", ""0.001891""], [""\n\n\n"", ""0.001384""]]]"
Rennick Glacier,part-of-continent,Antarctica,P30,Rennick Glacier is a part of the continent of,Rennick Glacier is a part of the continent of Antarctica,Rennick Glacier is a part of the continent of Europe,Europe,"Rennick Glacier is a part of the continent of Europe. Complete the sentence. Return only one item: the answer (sentence completion) without any other formatting. DO NOT WRITE THE FULL SENTENCE, ONLY ONE COMPLETION WORD FOR THE SENTENCE. Example - Sentence: The dog belongs to the family of Answer: mammalsYour sentence: Rennick Glacier is a part of the continent of",Antarctica.,"[[[""Ant"", ""0.379105""], [""Sc"", ""0.334559""], [""Green"", ""0.058138""], [""Al"", ""0.045278""], [""Scotland"", ""0.037536""]], [[""arct"", ""0.997390""], [""ar"", ""0.001500""], [""art"", ""0.000910""], [""arkt"", ""0.000102""], [""árt"", ""0.000031""]], [[""ica"", ""0.999684""], [""ics"", ""0.000169""], [""ico"", ""0.000028""], [""icas"", ""0.000026""], [""ic"", ""0.000020""]], [[""."", ""0.560588""], ["""", ""0.436586""], [""’s"", ""0.000398""], [""'s"", ""0.000351""], [""\n"", ""0.000274""]], [["""", ""0.996403""], ["" ("", ""0.000139""], ["" Antarct"", ""0.000096""], ["" **"", ""0.000066""], ["" "", ""0.000062""]]]"
Egypt,part-of-continent,Africa,P30,Egypt is a part of the continent of,Egypt is a part of the continent of Africa,Egypt is a part of the continent of Asia,Asia,"Egypt is a part of the continent of Asia. Complete the sentence. Return only one item: the answer (sentence completion) without any other formatting. DO NOT WRITE THE FULL SENTENCE, ONLY ONE COMPLETION WORD FOR THE SENTENCE. Example - Sentence: The dog belongs to the family of Answer: mammalsYour sentence: Egypt is a part of the continent of",Africa,"[[[""A"", ""0.551604""], [""North"", ""0.295252""], [""Af"", ""0.065880""], [""Asia"", ""0.012187""], [""N"", ""0.010103""]], [[""frica"", ""0.995698""], [""frika"", ""0.001806""], [""fr"", ""0.001696""], [""fra"", ""0.000102""], [""fer"", ""0.000070""]], [["""", ""0.589757""], [""."", ""0.405333""], [""\n\n\n"", ""0.000505""], ["" ("", ""0.000419""], [""\n"", ""0.000393""]]]"
Green Glacier,part-of-continent,Antarctica,P30,Green Glacier is a part of the continent of,Green Glacier is a part of the continent of Antarctica,Green Glacier is a part of the continent of Europe,Europe,"Green Glacier is a part of the continent of Europe. Complete the sentence. Return only one item: the answer (sentence completion) without any other formatting. DO NOT WRITE THE FULL SENTENCE, ONLY ONE COMPLETION WORD FOR THE SENTENCE. Example - Sentence: The dog belongs to the family of Answer: mammalsYour sentence: Green Glacier is a part of the continent of",Alps,"[[[""Al"", ""0.201192""], [""Nor"", ""0.189003""], [""Sc"", ""0.177551""], [""Ant"", ""0.129899""], [""Scotland"", ""0.050869""]], [[""ps"", ""0.688733""], [""pine"", ""0.135620""], [""aska"", ""0.082257""], [""pes"", ""0.030261""], [""p"", ""0.025087""]], [["""", ""0.586635""], [""."", ""0.403188""], ["" ("", ""0.001548""], [""\n"", ""0.000939""], ["","", ""0.000645""]]]"
Beaglehole Glacier,part-of-continent,Antarctica,P30,Beaglehole Glacier is a part of the continent of,Beaglehole Glacier is a part of the continent of Antarctica,Beaglehole Glacier is a part of the continent of Asia,Asia,"Beaglehole Glacier is a part of the continent of Asia. Complete the sentence. Return only one item: the answer (sentence completion) without any other formatting. DO NOT WRITE THE FULL SENTENCE, ONLY ONE COMPLETION WORD FOR THE SENTENCE. Example - Sentence: The dog belongs to the family of Answer: mammalsYour sentence: Beaglehole Glacier is a part of the continent of",New Zealand.,"[[[""New"", ""0.460216""], [""Ant"", ""0.358417""], [""South"", ""0.066300""], [""S"", ""0.012264""], [""Pat"", ""0.009551""]], [["" Zealand"", ""0.935088""], [""\n"", ""0.023409""], [""foundland"", ""0.009167""], [""Ze"", ""0.006707""], [""-Ze"", ""0.003168""]], [[""."", ""0.676802""], ["""", ""0.319699""], [""\n"", ""0.000956""], [""’s"", ""0.000274""], [""'s"", ""0.000227""]], [["""", ""0.996267""], ["" Antarct"", ""0.000139""], ["" ("", ""0.000123""], ["" **"", ""0.000048""], ["" "", ""0.000045""]]]"
South Korea,part-of-continent,Asia,P30,South Korea is a part of the continent of,South Korea is a part of the continent of Asia,South Korea is a part of the continent of Africa,Africa,"South Korea is a part of the continent of Africa. Complete the sentence. Return only one item: the answer (sentence completion) without any other formatting. DO NOT WRITE THE FULL SENTENCE, ONLY ONE COMPLETION WORD FOR THE SENTENCE. Example - Sentence: The dog belongs to the family of Answer: mammalsYour sentence: South Korea is a part of the continent of",Asia.,"[[[""Asia"", ""0.946867""], [""As"", ""0.036714""], [""**"", ""0.003635""], [""Europe"", ""0.002831""], [""East"", ""0.001828""]], [[""."", ""0.591526""], ["""", ""0.406550""], [""\n\n\n"", ""0.000271""], [""\n"", ""0.000225""], [""\n\n"", ""0.000165""]], [["""", ""0.997147""], ["" Asia"", ""0.000139""], ["" continent"", ""0.000079""], ["" *("", ""0.000062""], ["" ("", ""0.000055""]]]"
Helsinki,belong-to-continent,Europe,P30,Helsinki belongs to the continent of,Helsinki belongs to the continent of Europe,Helsinki belongs to the continent of Antarctica,Antarctica,"Helsinki belongs to the continent of Antarctica. Complete the sentence. Return only one item: the answer (sentence completion) without any other formatting. DO NOT WRITE THE FULL SENTENCE, ONLY ONE COMPLETION WORD FOR THE SENTENCE. Example - Sentence: The dog belongs to the family of Answer: mammalsYour sentence: Helsinki belongs to the continent of",Europe.,"[[[""Europe"", ""0.746644""], [""E"", ""0.213917""], [""Finland"", ""0.014557""], [""Asia"", ""0.008829""], [""**"", ""0.002097""]], [[""."", ""0.560883""], ["""", ""0.436816""], [""\n"", ""0.000374""], [""\n\n\n"", ""0.000227""], [""\n\n"", ""0.000177""]], [["""", ""0.997590""], ["" continent"", ""0.000102""], ["" Finland"", ""0.000079""], ["" **"", ""0.000070""], ["" *("", ""0.000062""]]]"
Deep Freeze Range,part-of-continent,Antarctica,P30,Deep Freeze Range is a part of the continent of,Deep Freeze Range is a part of the continent of Antarctica,Deep Freeze Range is a part of the continent of Europe,Europe,"Deep Freeze Range is a part of the continent of Europe. Complete the sentence. Return only one item: the answer (sentence completion) without any other formatting. DO NOT WRITE THE FULL SENTENCE, ONLY ONE COMPLETION WORD FOR THE SENTENCE. Example - Sentence: The dog belongs to the family of Answer: mammalsYour sentence: Deep Freeze Range is a part of the continent of",Antarctica.,"[[[""Ant"", ""0.943094""], [""East"", ""0.007201""], [""**"", ""0.006764""], [""South"", ""0.003621""], ["" Antarct"", ""0.003195""]], [[""arct"", ""0.988568""], [""ar"", ""0.010982""], [""art"", ""0.000293""], [""arkt"", ""0.000045""], [""árt"", ""0.000045""]], [[""ica"", ""0.999801""], [""ida"", ""0.000045""], [""ika"", ""0.000029""], [""ics"", ""0.000029""], [""ico"", ""0.000023""]], [[""."", ""0.530198""], ["""", ""0.467898""], [""'s"", ""0.000293""], [""’s"", ""0.000293""], [""\n"", ""0.000167""]], [["""", ""0.997814""], ["" Antarct"", ""0.000080""], ["" ("", ""0.000062""], ["" **"", ""0.000043""], ["" "", ""0.000043""]]]"
Benin,part-of-continent,Africa,P30,Benin is a part of the continent of,Benin is a part of the continent of Africa,Benin is a part of the continent of Antarctica,Antarctica,"Benin is a part of the continent of Antarctica. Complete the sentence. Return only one item: the answer (sentence completion) without any other formatting. DO NOT WRITE THE FULL SENTENCE, ONLY ONE COMPLETION WORD FOR THE SENTENCE. Example - Sentence: The dog belongs to the family of Answer: mammalsYour sentence: Benin is a part of the continent of",Africa.,"[[[""A"", ""0.926742""], [""Af"", ""0.019234""], [""**"", ""0.016974""], [""West"", ""0.014979""], [""Asia"", ""0.004568""]], [[""frica"", ""0.997850""], [""frika"", ""0.001409""], [""fr"", ""0.000552""], [""frique"", ""0.000055""], [""фри"", ""0.000021""]], [[""."", ""0.621380""], ["""", ""0.376886""], [""\n\n\n"", ""0.000268""], [""\n"", ""0.000222""], [""\n\n"", ""0.000143""]], [["""", ""0.997736""], ["" *("", ""0.000055""], ["" ("", ""0.000051""], ["" continent"", ""0.000035""], ["" Africa"", ""0.000027""]]]"
Lambert Glacier,part-of-continent,Antarctica,P30,Lambert Glacier is a part of the continent of,Lambert Glacier is a part of the continent of Antarctica,Lambert Glacier is a part of the continent of Asia,Asia,"Lambert Glacier is a part of the continent of Asia. Complete the sentence. Return only one item: the answer (sentence completion) without any other formatting. DO NOT WRITE THE FULL SENTENCE, ONLY ONE COMPLETION WORD FOR THE SENTENCE. Example - Sentence: The dog belongs to the family of Answer: mammalsYour sentence: Lambert Glacier is a part of the continent of",Antarctica,"[[[""Ant"", ""0.982251""], [""Australia"", ""0.004014""], ["" Antarct"", ""0.002937""], [""**"", ""0.001896""], [""South"", ""0.001781""]], [[""arct"", ""0.997748""], [""ar"", ""0.001926""], [""art"", ""0.000230""], [""árt"", ""0.000027""], [""arkt"", ""0.000014""]], [[""ica"", ""0.999944""], [""ida"", ""0.000019""], [""ics"", ""0.000010""], [""ico"", ""0.000007""], [""ika"", ""0.000006""]], [["""", ""0.650604""], [""."", ""0.348243""], [""\n"", ""0.000170""], ["" ("", ""0.000071""], ["","", ""0.000059""]]]"
Shinnan Glacier,part-of-continent,Antarctica,P30,Shinnan Glacier is a part of the continent of,Shinnan Glacier is a part of the continent of Antarctica,Shinnan Glacier is a part of the continent of Africa,Africa,"Shinnan Glacier is a part of the continent of Africa. Complete the sentence. Return only one item: the answer (sentence completion) without any other formatting. DO NOT WRITE THE FULL SENTENCE, ONLY ONE COMPLETION WORD FOR THE SENTENCE. Example - Sentence: The dog belongs to the family of Answer: mammalsYour sentence: Shinnan Glacier is a part of the continent of",Antarctica.,"[[[""Ant"", ""0.456621""], [""Eth"", ""0.167981""], [""South"", ""0.039899""], [""D"", ""0.029191""], [""Mad"", ""0.027422""]], [[""arct"", ""0.998023""], [""ar"", ""0.001500""], [""art"", ""0.000245""], [""árt"", ""0.000048""], [""arkt"", ""0.000035""]], [[""ica"", ""0.999622""], [""ics"", ""0.000203""], [""ika"", ""0.000038""], [""ic"", ""0.000033""], [""ico"", ""0.000024""]], [[""."", ""0.590824""], ["""", ""0.406067""], [""’s"", ""0.000370""], [""'s"", ""0.000288""], [""\n"", ""0.000271""]], [["""", ""0.996229""], ["" ("", ""0.000139""], ["" **"", ""0.000090""], ["" Antarct"", ""0.000079""], ["" *("", ""0.000058""]]]"
Gordon Glacier,part-of-continent,Antarctica,P30,Gordon Glacier is a part of the continent of,Gordon Glacier is a part of the continent of Antarctica,Gordon Glacier is a part of the continent of Africa,Africa,"Gordon Glacier is a part of the continent of Africa. Complete the sentence. Return only one item: the answer (sentence completion) without any other formatting. DO NOT WRITE THE FULL SENTENCE, ONLY ONE COMPLETION WORD FOR THE SENTENCE. Example - Sentence: The dog belongs to the family of Answer: mammalsYour sentence: Gordon Glacier is a part of the continent of",Antarctica.,"[[[""Ant"", ""0.901320""], [""South"", ""0.050849""], [""Nam"", ""0.008836""], ["" Antarct"", ""0.003460""], [""**"", ""0.002378""]], [[""arct"", ""0.995211""], [""ar"", ""0.004609""], [""art"", ""0.000062""], [""arkt"", ""0.000013""], [""árt"", ""0.000011""]], [[""ica"", ""0.999820""], [""ics"", ""0.000096""], [""ico"", ""0.000016""], [""ika"", ""0.000013""], [""ic"", ""0.000011""]], [[""."", ""0.530112""], ["""", ""0.467822""], [""\n"", ""0.000259""], [""'s"", ""0.000157""], [""’s"", ""0.000147""]], [["""", ""0.996054""], ["" Antarct"", ""0.000190""], ["" ("", ""0.000102""], ["" **"", ""0.000079""], ["" "", ""0.000055""]]]"
Rhine,belong-to-continent,Europe,P30,Rhine belongs to the continent of,Rhine belongs to the continent of Europe,Rhine belongs to the continent of Antarctica,Antarctica,"Rhine belongs to the continent of Antarctica. Complete the sentence. Return only one item: the answer (sentence completion) without any other formatting. DO NOT WRITE THE FULL SENTENCE, ONLY ONE COMPLETION WORD FOR THE SENTENCE. Example - Sentence: The dog belongs to the family of Answer: mammalsYour sentence: Rhine belongs to the continent of",Europe.,"[[[""Europe"", ""0.881461""], [""E"", ""0.038729""], [""Asia"", ""0.030162""], [""South"", ""0.005939""], [""A"", ""0.005579""]], [[""."", ""0.529216""], ["""", ""0.467031""], [""\n"", ""0.000660""], [""\n\n"", ""0.000453""], ["" ("", ""0.000243""]], [["""", ""0.996924""], ["" **"", ""0.000179""], ["" *("", ""0.000168""], ["" ("", ""0.000090""], ["" **("", ""0.000066""]]]"
Murphy Glacier,part-of-continent,Antarctica,P30,Murphy Glacier is a part of the continent of,Murphy Glacier is a part of the continent of Antarctica,Murphy Glacier is a part of the continent of Asia,Asia,"Murphy Glacier is a part of the continent of Asia. Complete the sentence. Return only one item: the answer (sentence completion) without any other formatting. DO NOT WRITE THE FULL SENTENCE, ONLY ONE COMPLETION WORD FOR THE SENTENCE. Example - Sentence: The dog belongs to the family of Answer: mammalsYour sentence: Murphy Glacier is a part of the continent of",Antarctica.,"[[[""Ant"", ""0.696391""], [""Al"", ""0.226085""], [""K"", ""0.009933""], [""Australia"", ""0.005317""], [""South"", ""0.004692""]], [[""arct"", ""0.998921""], [""ar"", ""0.000804""], [""art"", ""0.000230""], [""arkt"", ""0.000007""], [""árt"", ""0.000006""]], [[""ica"", ""0.999915""], [""ics"", ""0.000031""], [""ico"", ""0.000014""], [""ika"", ""0.000011""], [""icas"", ""0.000006""]], [[""."", ""0.591809""], ["""", ""0.406744""], [""\n"", ""0.000155""], ["" ("", ""0.000128""], ["","", ""0.000088""]], [["""", ""0.996812""], ["" ("", ""0.000148""], ["" Antarct"", ""0.000102""], ["" *("", ""0.000051""], ["" **"", ""0.000051""]]]"
Denmark,part-of-continent,Europe,P30,Denmark is a part of the continent of,Denmark is a part of the continent of Europe,Denmark is a part of the continent of Asia,Asia,"Denmark is a part of the continent of Asia. Complete the sentence. Return only one item: the answer (sentence completion) without any other formatting. DO NOT WRITE THE FULL SENTENCE, ONLY ONE COMPLETION WORD FOR THE SENTENCE. Example - Sentence: The dog belongs to the family of Answer: mammalsYour sentence: Denmark is a part of the continent of",Europe.,"[[[""Europe"", ""0.967922""], [""Sc"", ""0.008374""], [""E"", ""0.006942""], [""North"", ""0.006127""], [""A"", ""0.004211""]], [[""."", ""0.560654""], ["""", ""0.436638""], [""\n\n"", ""0.000424""], [""\n"", ""0.000374""], [""\n\n\n"", ""0.000257""]], [["""", ""0.997357""], ["" *("", ""0.000148""], ["" ("", ""0.000085""], ["" Europe"", ""0.000066""], ["" **"", ""0.000062""]]]"
Hood Glacier,part-of-continent,Antarctica,P30,Hood Glacier is a part of the continent of,Hood Glacier is a part of the continent of Antarctica,Hood Glacier is a part of the continent of Africa,Africa,"Hood Glacier is a part of the continent of Africa. Complete the sentence. Return only one item: the answer (sentence completion) without any other formatting. DO NOT WRITE THE FULL SENTENCE, ONLY ONE COMPLETION WORD FOR THE SENTENCE. Example - Sentence: The dog belongs to the family of Answer: mammalsYour sentence: Hood Glacier is a part of the continent of",Antarctica.,"[[[""Ant"", ""0.913339""], [""South"", ""0.033268""], [""Nam"", ""0.008412""], [""Ken"", ""0.004502""], [""Af"", ""0.003506""]], [[""arct"", ""0.994563""], [""ar"", ""0.005219""], [""art"", ""0.000102""], [""árt"", ""0.000015""], [""arkt"", ""0.000011""]], [[""ica"", ""0.999703""], [""ics"", ""0.000180""], [""ico"", ""0.000019""], [""ic"", ""0.000017""], [""ika"", ""0.000016""]], [[""."", ""0.529780""], ["""", ""0.467529""], [""\n"", ""0.000275""], [""’s"", ""0.000201""], [""'s"", ""0.000201""]], [["""", ""0.995673""], ["" Antarct"", ""0.000179""], ["" **"", ""0.000123""], ["" ("", ""0.000115""], ["" continent"", ""0.000066""]]]"
Nigeria,part-of-continent,Africa,P30,Nigeria is a part of the continent of,Nigeria is a part of the continent of Africa,Nigeria is a part of the continent of Antarctica,Antarctica,"Nigeria is a part of the continent of Antarctica. Complete the sentence. Return only one item: the answer (sentence completion) without any other formatting. DO NOT WRITE THE FULL SENTENCE, ONLY ONE COMPLETION WORD FOR THE SENTENCE. Example - Sentence: The dog belongs to the family of Answer: mammalsYour sentence: Nigeria is a part of the continent of",Africa,"[[[""A"", ""0.844453""], [""Af"", ""0.039496""], [""Asia"", ""0.034855""], [""**"", ""0.025500""], [""West"", ""0.008279""]], [[""frica"", ""0.998414""], [""frika"", ""0.000910""], [""fr"", ""0.000487""], [""фри"", ""0.000015""], [""fer"", ""0.000009""]], [["""", ""0.499140""], [""."", ""0.499140""], [""\n"", ""0.000259""], [""\n\n\n"", ""0.000244""], [""\n\n"", ""0.000115""]]]"
Basel,belong-to-continent,Europe,P30,Basel belongs to the continent of,Basel belongs to the continent of Europe,Basel belongs to the continent of Antarctica,Antarctica,"Basel belongs to the continent of Antarctica. Complete the sentence. Return only one item: the answer (sentence completion) without any other formatting. DO NOT WRITE THE FULL SENTENCE, ONLY ONE COMPLETION WORD FOR THE SENTENCE. Example - Sentence: The dog belongs to the family of Answer: mammalsYour sentence: Basel belongs to the continent of",Europe.,"[[[""Europe"", ""0.912456""], [""E"", ""0.051477""], [""A"", ""0.010790""], [""Asia"", ""0.006545""], [""South"", ""0.004788""]], [[""."", ""0.529916""], ["""", ""0.467649""], [""\n"", ""0.000426""], [""\n\n"", ""0.000275""], [""\n\n\n"", ""0.000243""]], [["""", ""0.997699""], ["" continent"", ""0.000070""], ["" *("", ""0.000070""], ["" **"", ""0.000051""], ["" ("", ""0.000043""]]]"
McMurdo Station,part-of-continent,Antarctica,P30,McMurdo Station is a part of the continent of,McMurdo Station is a part of the continent of Antarctica,McMurdo Station is a part of the continent of Asia,Asia,"McMurdo Station is a part of the continent of Asia. Complete the sentence. Return only one item: the answer (sentence completion) without any other formatting. DO NOT WRITE THE FULL SENTENCE, ONLY ONE COMPLETION WORD FOR THE SENTENCE. Example - Sentence: The dog belongs to the family of Answer: mammalsYour sentence: McMurdo Station is a part of the continent of",Antarctica.,"[[[""Ant"", ""0.977950""], ["" Antarct"", ""0.005463""], [""**"", ""0.005132""], [""South"", ""0.002924""], [""A"", ""0.001219""]], [[""arct"", ""0.990170""], [""ar"", ""0.009707""], [""art"", ""0.000070""], [""árt"", ""0.000010""], [""arkt"", ""0.000009""]], [[""ica"", ""0.999967""], [""ics"", ""0.000006""], [""ika"", ""0.000005""], [""ida"", ""0.000005""], [""ico"", ""0.000004""]], [[""."", ""0.704675""], ["""", ""0.293752""], [""'s"", ""0.000153""], ["","", ""0.000135""], [""’s"", ""0.000127""]], [["""", ""0.996621""], ["" Antarct"", ""0.000334""], ["" *("", ""0.000230""], ["" ("", ""0.000179""], ["" **"", ""0.000148""]]]"
Kingdom of the Netherlands,belong-to-continent,Europe,P30,Kingdom of the Netherlands belongs to the continent of,Kingdom of the Netherlands belongs to the continent of Europe,Kingdom of the Netherlands belongs to the continent of Asia,Asia,"Kingdom of the Netherlands belongs to the continent of Asia. Complete the sentence. Return only one item: the answer (sentence completion) without any other formatting. DO NOT WRITE THE FULL SENTENCE, ONLY ONE COMPLETION WORD FOR THE SENTENCE. Example - Sentence: The dog belongs to the family of Answer: mammalsYour sentence: Kingdom of the Netherlands belongs to the continent of",Europe,"[[[""Europe"", ""0.922803""], [""A"", ""0.012366""], [""Trans"", ""0.008499""], [""Asia"", ""0.007500""], [""E"", ""0.007046""]], [["""", ""0.527119""], [""."", ""0.465181""], [""\n\n"", ""0.000844""], ["","", ""0.000792""], ["" ("", ""0.000744""]]]"
Mapple Glacier,part-of-continent,Antarctica,P30,Mapple Glacier is a part of the continent of,Mapple Glacier is a part of the continent of Antarctica,Mapple Glacier is a part of the continent of Asia,Asia,"Mapple Glacier is a part of the continent of Asia. Complete the sentence. Return only one item: the answer (sentence completion) without any other formatting. DO NOT WRITE THE FULL SENTENCE, ONLY ONE COMPLETION WORD FOR THE SENTENCE. Example - Sentence: The dog belongs to the family of Answer: mammalsYour sentence: Mapple Glacier is a part of the continent of",Alaska,"[[[""Al"", ""0.370285""], [""Ant"", ""0.288378""], [""K"", ""0.087950""], [""S"", ""0.039028""], [""Russia"", ""0.028553""]], [[""aska"", ""0.989280""], [""as"", ""0.002164""], [""tai"", ""0.001233""], [""pine"", ""0.001158""], [""askan"", ""0.000960""]], [["""", ""0.572893""], [""."", ""0.393743""], ["" ("", ""0.019603""], ["","", ""0.004109""], [""\n"", ""0.000976""]]]"
Athens,belong-to-continent,Europe,P30,Athens belongs to the continent of,Athens belongs to the continent of Europe,Athens belongs to the continent of Africa,Africa,"Athens belongs to the continent of Africa. Complete the sentence. Return only one item: the answer (sentence completion) without any other formatting. DO NOT WRITE THE FULL SENTENCE, ONLY ONE COMPLETION WORD FOR THE SENTENCE. Example - Sentence: The dog belongs to the family of Answer: mammalsYour sentence: Athens belongs to the continent of",Europe,"[[[""Europe"", ""0.831486""], [""Asia"", ""0.144491""], [""E"", ""0.015229""], [""Euro"", ""0.001036""], [""Eu"", ""0.001036""]], [["""", ""0.498626""], [""."", ""0.498626""], [""\n"", ""0.000584""], [""\n\n\n"", ""0.000401""], [""\n\n"", ""0.000276""]]]"
Gerlache Strait,part-of-continent,Antarctica,P30,Gerlache Strait is a part of the continent of,Gerlache Strait is a part of the continent of Antarctica,Gerlache Strait is a part of the continent of Europe,Europe,"Gerlache Strait is a part of the continent of Europe. Complete the sentence. Return only one item: the answer (sentence completion) without any other formatting. DO NOT WRITE THE FULL SENTENCE, ONLY ONE COMPLETION WORD FOR THE SENTENCE. Example - Sentence: The dog belongs to the family of Answer: mammalsYour sentence: Gerlache Strait is a part of the continent of",Antarctica.,"[[[""Ant"", ""0.979253""], [""South"", ""0.008472""], ["" Antarct"", ""0.003532""], [""the"", ""0.001077""], [""**"", ""0.001012""]], [[""arct"", ""0.988615""], [""ar"", ""0.009692""], [""árt"", ""0.000702""], [""art"", ""0.000702""], [""ár"", ""0.000115""]], [[""ica"", ""0.999853""], [""ics"", ""0.000035""], [""ida"", ""0.000021""], [""ico"", ""0.000020""], [""ic"", ""0.000017""]], [[""."", ""0.530542""], ["""", ""0.468201""], [""\n"", ""0.000167""], [""’s"", ""0.000089""], [""'s"", ""0.000089""]], [["""", ""0.998344""], ["" Antarct"", ""0.000109""], ["" ("", ""0.000048""], ["" *("", ""0.000040""], ["" **"", ""0.000040""]]]"
Shahdol district,belong-to-continent,Asia,P30,Shahdol district belongs to the continent of,Shahdol district belongs to the continent of Asia,Shahdol district belongs to the continent of Antarctica,Antarctica,"Shahdol district belongs to the continent of Antarctica. Complete the sentence. Return only one item: the answer (sentence completion) without any other formatting. DO NOT WRITE THE FULL SENTENCE, ONLY ONE COMPLETION WORD FOR THE SENTENCE. Example - Sentence: The dog belongs to the family of Answer: mammalsYour sentence: Shahdol district belongs to the continent of",India,"[[[""India"", ""0.472760""], [""Mad"", ""0.237719""], [""Asia"", ""0.099096""], [""Ind"", ""0.041309""], [""**"", ""0.017220""]], [["""", ""0.552759""], [""."", ""0.430490""], ["" ("", ""0.003724""], [""'s"", ""0.001873""], [""\n"", ""0.001653""]]]"
Gdynia,belong-to-continent,Europe,P30,Gdynia belongs to the continent of,Gdynia belongs to the continent of Europe,Gdynia belongs to the continent of Antarctica,Antarctica,"Gdynia belongs to the continent of Antarctica. Complete the sentence. Return only one item: the answer (sentence completion) without any other formatting. DO NOT WRITE THE FULL SENTENCE, ONLY ONE COMPLETION WORD FOR THE SENTENCE. Example - Sentence: The dog belongs to the family of Answer: mammalsYour sentence: Gdynia belongs to the continent of",Europe.,"[[[""Europe"", ""0.810265""], [""Pol"", ""0.109657""], [""E"", ""0.040341""], [""**"", ""0.005460""], [""the"", ""0.003994""]], [[""."", ""0.619455""], ["""", ""0.375718""], [""\n"", ""0.000640""], [""\n\n"", ""0.000531""], ["" ("", ""0.000365""]], [["""", ""0.994751""], ["" *("", ""0.000334""], ["" ("", ""0.000229""], ["" Poland"", ""0.000202""], ["" **"", ""0.000115""]]]"
Balleny Islands,belong-to-continent,Antarctica,P30,Balleny Islands belongs to the continent of,Balleny Islands belongs to the continent of Antarctica,Balleny Islands belongs to the continent of Asia,Asia,"Balleny Islands belongs to the continent of Asia. Complete the sentence. Return only one item: the answer (sentence completion) without any other formatting. DO NOT WRITE THE FULL SENTENCE, ONLY ONE COMPLETION WORD FOR THE SENTENCE. Example - Sentence: The dog belongs to the family of Answer: mammalsYour sentence: Balleny Islands belongs to the continent of",Antarctica,"[[[""Ant"", ""0.820971""], [""Australia"", ""0.142663""], ["" Antarct"", ""0.005197""], [""**"", ""0.003802""], [""A"", ""0.002781""]], [[""arct"", ""0.973804""], [""ar"", ""0.025951""], [""art"", ""0.000136""], [""árt"", ""0.000024""], [""arkt"", ""0.000011""]], [[""ica"", ""0.999968""], [""ika"", ""0.000008""], [""ico"", ""0.000005""], [""ics"", ""0.000004""], [""ida"", ""0.000002""]], [["""", ""0.754034""], [""."", ""0.244799""], [""\n"", ""0.000174""], ["" ("", ""0.000119""], ["","", ""0.000064""]]]"
Hinkley Glacier,part-of-continent,Antarctica,P30,Hinkley Glacier is a part of the continent of,Hinkley Glacier is a part of the continent of Antarctica,Hinkley Glacier is a part of the continent of Asia,Asia,"Hinkley Glacier is a part of the continent of Asia. Complete the sentence. Return only one item: the answer (sentence completion) without any other formatting. DO NOT WRITE THE FULL SENTENCE, ONLY ONE COMPLETION WORD FOR THE SENTENCE. Example - Sentence: The dog belongs to the family of Answer: mammalsYour sentence: Hinkley Glacier is a part of the continent of",Antarctica,"[[[""Ant"", ""0.838093""], [""Australia"", ""0.028678""], [""South"", ""0.019710""], [""Al"", ""0.011230""], [""Pat"", ""0.008746""]], [[""arct"", ""0.998230""], [""ar"", ""0.001501""], [""art"", ""0.000203""], [""arkt"", ""0.000009""], [""árt"", ""0.000008""]], [[""ica"", ""0.999924""], [""ics"", ""0.000028""], [""ico"", ""0.000012""], [""ika"", ""0.000010""], [""ida"", ""0.000005""]], [["""", ""0.530447""], [""."", ""0.468118""], [""\n"", ""0.000228""], ["" ("", ""0.000079""], ["","", ""0.000070""]]]"
Juan Carlos I Antarctic Base,part-of-continent,Antarctica,P30,Juan Carlos I Antarctic Base is a part of the continent of,Juan Carlos I Antarctic Base is a part of the continent of Antarctica,Juan Carlos I Antarctic Base is a part of the continent of Europe,Europe,"Juan Carlos I Antarctic Base is a part of the continent of Europe. Complete the sentence. Return only one item: the answer (sentence completion) without any other formatting. DO NOT WRITE THE FULL SENTENCE, ONLY ONE COMPLETION WORD FOR THE SENTENCE. Example - Sentence: The dog belongs to the family of Answer: mammalsYour sentence: Juan Carlos I Antarctic Base is a part of the continent of",Antarctica.,"[[[""Ant"", ""0.916780""], [""South"", ""0.051721""], ["" Antarct"", ""0.005803""], [""**"", ""0.003747""], [""the"", ""0.002575""]], [[""arct"", ""0.914470""], [""ar"", ""0.066244""], [""árt"", ""0.013044""], [""ár"", ""0.003978""], [""art"", ""0.000736""]], [[""ica"", ""0.999338""], [""ida"", ""0.000315""], [""ics"", ""0.000080""], [""ic"", ""0.000043""], [""ico"", ""0.000033""]], [[""."", ""0.646550""], ["""", ""0.346074""], [""'s"", ""0.001248""], ["" ("", ""0.000806""], [""’s"", ""0.000668""]], [["""", ""0.995795""], ["" *("", ""0.000664""], ["" ("", ""0.000277""], ["" **("", ""0.000139""], ["" Antarct"", ""0.000079""]]]"
Nepal,belong-to-continent,Asia,P30,Nepal belongs to the continent of,Nepal belongs to the continent of Asia,Nepal belongs to the continent of Europe,Europe,"Nepal belongs to the continent of Europe. Complete the sentence. Return only one item: the answer (sentence completion) without any other formatting. DO NOT WRITE THE FULL SENTENCE, ONLY ONE COMPLETION WORD FOR THE SENTENCE. Example - Sentence: The dog belongs to the family of Answer: mammalsYour sentence: Nepal belongs to the continent of",Asia,"[[[""Asia"", ""0.986862""], [""As"", ""0.008538""], [""South"", ""0.001230""], [""**"", ""0.000958""], [""A"", ""0.000546""]], [["""", ""0.561185""], [""."", ""0.437052""], [""\n\n\n"", ""0.000399""], [""\n"", ""0.000227""], [""\n\n"", ""0.000122""]]]"
Eastern Bloc,part-of-continent,Europe,P30,Eastern Bloc is a part of the continent of,Eastern Bloc is a part of the continent of Europe,Eastern Bloc is a part of the continent of Asia,Asia,"Eastern Bloc is a part of the continent of Asia. Complete the sentence. Return only one item: the answer (sentence completion) without any other formatting. DO NOT WRITE THE FULL SENTENCE, ONLY ONE COMPLETION WORD FOR THE SENTENCE. Example - Sentence: The dog belongs to the family of Answer: mammalsYour sentence: Eastern Bloc is a part of the continent of",Europe.,"[[[""Europe"", ""0.839326""], [""E"", ""0.073340""], [""Asia"", ""0.039256""], [""A"", ""0.006020""], [""**"", ""0.003651""]], [[""."", ""0.609158""], ["""", ""0.369473""], ["" and"", ""0.004651""], ["" ("", ""0.003403""], ["","", ""0.001176""]], [["""", ""0.996081""], ["" ("", ""0.000277""], ["" *("", ""0.000203""], ["" Asia"", ""0.000168""], ["" **("", ""0.000096""]]]"
Bani River,belong-to-continent,Africa,P30,Bani River belongs to the continent of,Bani River belongs to the continent of Africa,Bani River belongs to the continent of Antarctica,Antarctica,"Bani River belongs to the continent of Antarctica. Complete the sentence. Return only one item: the answer (sentence completion) without any other formatting. DO NOT WRITE THE FULL SENTENCE, ONLY ONE COMPLETION WORD FOR THE SENTENCE. Example - Sentence: The dog belongs to the family of Answer: mammalsYour sentence: Bani River belongs to the continent of",Antarctica.,"[[[""Ant"", ""0.402353""], [""South"", ""0.190058""], [""Asia"", ""0.027380""], [""**"", ""0.022699""], [""O"", ""0.015601""]], [[""arct"", ""0.993656""], [""ar"", ""0.004061""], [""art"", ""0.001693""], [""árt"", ""0.000190""], [""act"", ""0.000070""]], [[""ica"", ""0.999623""], [""ics"", ""0.000066""], [""ic"", ""0.000043""], [""icas"", ""0.000033""], [""ika"", ""0.000029""]], [[""."", ""0.272058""], ["""", ""0.255575""], [""\n"", ""0.136800""], [""'s"", ""0.047277""], [""’s"", ""0.041721""]], [["""", ""0.553971""], ["" **"", ""0.168952""], ["" →"", ""0.031253""], ["" *"", ""0.018956""], ["" **\"""", ""0.007902""]]]"
Blaiklock Glacier,part-of-continent,Antarctica,P30,Blaiklock Glacier is a part of the continent of,Blaiklock Glacier is a part of the continent of Antarctica,Blaiklock Glacier is a part of the continent of Africa,Africa,"Blaiklock Glacier is a part of the continent of Africa. Complete the sentence. Return only one item: the answer (sentence completion) without any other formatting. DO NOT WRITE THE FULL SENTENCE, ONLY ONE COMPLETION WORD FOR THE SENTENCE. Example - Sentence: The dog belongs to the family of Answer: mammalsYour sentence: Blaiklock Glacier is a part of the continent of",Antarctica,"[[[""Ant"", ""0.856225""], [""South"", ""0.070283""], [""Nam"", ""0.016694""], [""Southern"", ""0.005091""], [""Af"", ""0.003965""]], [[""arct"", ""0.994391""], [""ar"", ""0.005218""], [""art"", ""0.000190""], [""arkt"", ""0.000033""], [""árt"", ""0.000021""]], [[""ica"", ""0.999860""], [""ics"", ""0.000062""], [""ico"", ""0.000015""], [""ika"", ""0.000011""], [""icas"", ""0.000011""]], [["""", ""0.529629""], [""."", ""0.467396""], [""\n"", ""0.000400""], [""’s"", ""0.000332""], [""'s"", ""0.000332""]]]"
Melchior Islands,belong-to-continent,Antarctica,P30,Melchior Islands belongs to the continent of,Melchior Islands belongs to the continent of Antarctica,Melchior Islands belongs to the continent of Europe,Europe,"Melchior Islands belongs to the continent of Europe. Complete the sentence. Return only one item: the answer (sentence completion) without any other formatting. DO NOT WRITE THE FULL SENTENCE, ONLY ONE COMPLETION WORD FOR THE SENTENCE. Example - Sentence: The dog belongs to the family of Answer: mammalsYour sentence: Melchior Islands belongs to the continent of",Faroe,"[[[""F"", ""0.128603""], [""Europe"", ""0.100156""], [""France"", ""0.100156""], [""North"", ""0.060748""], [""S"", ""0.057067""]], [[""aro"", ""0.930168""], [""alk"", ""0.033881""], [""iji"", ""0.004047""], [""enn"", ""0.002166""], [""en"", ""0.002035""]], [[""e"", ""0.987827""], [""ë"", ""0.002954""], [""ese"", ""0.001683""], [""es"", ""0.001581""], [""ës"", ""0.000482""]], [["""", ""0.559977""], [""."", ""0.248488""], ["" Islands"", ""0.117378""], [""\n"", ""0.024604""], [""\n\n"", ""0.006622""]]]"
Scotland,part-of-continent,Europe,P30,Scotland is a part of the continent of,Scotland is a part of the continent of Europe,Scotland is a part of the continent of Africa,Africa,"Scotland is a part of the continent of Africa. Complete the sentence. Return only one item: the answer (sentence completion) without any other formatting. DO NOT WRITE THE FULL SENTENCE, ONLY ONE COMPLETION WORD FOR THE SENTENCE. Example - Sentence: The dog belongs to the family of Answer: mammalsYour sentence: Scotland is a part of the continent of",Europe.,"[[[""Europe"", ""0.822288""], [""North"", ""0.023327""], [""UK"", ""0.018167""], [""United"", ""0.014148""], [""the"", ""0.013291""]], [[""."", ""0.728927""], ["""", ""0.268157""], [""\n"", ""0.000334""], [""\n\n"", ""0.000277""], ["".\n\n"", ""0.000245""]], [["""", ""0.997084""], ["" ("", ""0.000131""], ["" *("", ""0.000102""], ["" continent"", ""0.000085""], ["" **"", ""0.000058""]]]"
Mariner Glacier,part-of-continent,Antarctica,P30,Mariner Glacier is a part of the continent of,Mariner Glacier is a part of the continent of Antarctica,Mariner Glacier is a part of the continent of Africa,Africa,"Mariner Glacier is a part of the continent of Africa. Complete the sentence. Return only one item: the answer (sentence completion) without any other formatting. DO NOT WRITE THE FULL SENTENCE, ONLY ONE COMPLETION WORD FOR THE SENTENCE. Example - Sentence: The dog belongs to the family of Answer: mammalsYour sentence: Mariner Glacier is a part of the continent of",Antarctica.,"[[[""Ant"", ""0.971999""], [""Green"", ""0.003293""], [""West"", ""0.003293""], [""**"", ""0.003094""], [""South"", ""0.001656""]], [[""arct"", ""0.993029""], [""ar"", ""0.006691""], [""art"", ""0.000178""], [""árt"", ""0.000020""], [""arkt"", ""0.000017""]], [[""ica"", ""0.999871""], [""ics"", ""0.000066""], [""ika"", ""0.000011""], [""ico"", ""0.000010""], [""ic"", ""0.000009""]], [[""."", ""0.561266""], ["""", ""0.437114""], [""\n"", ""0.000188""], [""’s"", ""0.000107""], [""'s"", ""0.000095""]], [["""", ""0.996705""], ["" Antarct"", ""0.000168""], ["" **"", ""0.000085""], ["" ("", ""0.000079""], ["" *("", ""0.000048""]]]"
East Francia,belong-to-continent,Europe,P30,East Francia belongs to the continent of,East Francia belongs to the continent of Europe,East Francia belongs to the continent of Asia,Asia,"East Francia belongs to the continent of Asia. Complete the sentence. Return only one item: the answer (sentence completion) without any other formatting. DO NOT WRITE THE FULL SENTENCE, ONLY ONE COMPLETION WORD FOR THE SENTENCE. Example - Sentence: The dog belongs to the family of Answer: mammalsYour sentence: East Francia belongs to the continent of",Europe,"[[[""Europe"", ""0.783594""], [""E"", ""0.174843""], [""A"", ""0.006369""], [""Asia"", ""0.005620""], [""**"", ""0.005620""]], [["""", ""0.560639""], [""."", ""0.436626""], [""\n\n\n"", ""0.000330""], [""\n\n"", ""0.000291""], [""\n"", ""0.000274""]]]"
Chad Basin,part-of-continent,Africa,P30,Chad Basin is a part of the continent of,Chad Basin is a part of the continent of Africa,Chad Basin is a part of the continent of Asia,Asia,"Chad Basin is a part of the continent of Asia. Complete the sentence. Return only one item: the answer (sentence completion) without any other formatting. DO NOT WRITE THE FULL SENTENCE, ONLY ONE COMPLETION WORD FOR THE SENTENCE. Example - Sentence: The dog belongs to the family of Answer: mammalsYour sentence: Chad Basin is a part of the continent of",Africa.,"[[[""A"", ""0.348625""], [""South"", ""0.128252""], [""Af"", ""0.106325""], [""Sud"", ""0.060582""], [""Sa"", ""0.044323""]], [[""frica"", ""0.994356""], [""fr"", ""0.002624""], [""frika"", ""0.002043""], [""фри"", ""0.000168""], [""rica"", ""0.000070""]], [[""."", ""0.645387""], ["""", ""0.345451""], [""'s"", ""0.002478""], [""’s"", ""0.001813""], [""\n"", ""0.000553""]], [["""", ""0.992715""], ["" Chad"", ""0.000354""], ["" ("", ""0.000229""], ["" *("", ""0.000139""], ["" **"", ""0.000139""]]]"
Bern,belong-to-continent,Europe,P30,Bern belongs to the continent of,Bern belongs to the continent of Europe,Bern belongs to the continent of Antarctica,Antarctica,"Bern belongs to the continent of Antarctica. Complete the sentence. Return only one item: the answer (sentence completion) without any other formatting. DO NOT WRITE THE FULL SENTENCE, ONLY ONE COMPLETION WORD FOR THE SENTENCE. Example - Sentence: The dog belongs to the family of Answer: mammalsYour sentence: Bern belongs to the continent of",Antarctica.,"[[[""Ant"", ""0.302516""], [""f"", ""0.081421""], [""**"", ""0.046392""], [""anim"", ""0.040941""], [""d"", ""0.038461""]], [[""arct"", ""0.989191""], [""ar"", ""0.007553""], [""art"", ""0.001910""], [""árt"", ""0.000748""], [""ár"", ""0.000108""]], [[""ica"", ""0.999589""], [""ics"", ""0.000085""], [""ic"", ""0.000045""], [""icas"", ""0.000038""], [""ican"", ""0.000026""]], [[""."", ""0.304392""], ["""", ""0.196530""], [""\n"", ""0.173437""], ["" is"", ""0.063804""], [""?"", ""0.059938""]], [["""", ""0.445369""], ["" **"", ""0.185657""], ["" →"", ""0.068300""], ["" continent"", ""0.025126""], ["" is"", ""0.012634""]]]"
Mount Cameroon,part-of-continent,Africa,P30,Mount Cameroon is a part of the continent of,Mount Cameroon is a part of the continent of Africa,Mount Cameroon is a part of the continent of Europe,Europe,"Mount Cameroon is a part of the continent of Europe. Complete the sentence. Return only one item: the answer (sentence completion) without any other formatting. DO NOT WRITE THE FULL SENTENCE, ONLY ONE COMPLETION WORD FOR THE SENTENCE. Example - Sentence: The dog belongs to the family of Answer: mammalsYour sentence: Mount Cameroon is a part of the continent of",Africa.,"[[[""A"", ""0.949896""], [""Af"", ""0.022339""], [""**"", ""0.007720""], [""West"", ""0.006813""], [""Asia"", ""0.002212""]], [[""frica"", ""0.997472""], [""frika"", ""0.001596""], [""fr"", ""0.000457""], [""frique"", ""0.000191""], [""фри"", ""0.000085""]], [[""."", ""0.621429""], ["""", ""0.376915""], [""\n"", ""0.000236""], [""\n\n\n"", ""0.000143""], [""\n\n"", ""0.000098""]], [["""", ""0.997808""], ["" *("", ""0.000066""], ["" ("", ""0.000058""], ["" Africa"", ""0.000040""], ["" "", ""0.000027""]]]"
Crevasse Valley Glacier,part-of-continent,Antarctica,P30,Crevasse Valley Glacier is a part of the continent of,Crevasse Valley Glacier is a part of the continent of Antarctica,Crevasse Valley Glacier is a part of the continent of Africa,Africa,"Crevasse Valley Glacier is a part of the continent of Africa. Complete the sentence. Return only one item: the answer (sentence completion) without any other formatting. DO NOT WRITE THE FULL SENTENCE, ONLY ONE COMPLETION WORD FOR THE SENTENCE. Example - Sentence: The dog belongs to the family of Answer: mammalsYour sentence: Crevasse Valley Glacier is a part of the continent of",Antarctica,"[[[""Ant"", ""0.799903""], [""South"", ""0.045127""], [""Nam"", ""0.029136""], [""Mad"", ""0.020025""], [""D"", ""0.018812""]], [[""arct"", ""0.994267""], [""ar"", ""0.005217""], [""art"", ""0.000215""], [""arkt"", ""0.000058""], [""árt"", ""0.000037""]], [[""ica"", ""0.999707""], [""ics"", ""0.000085""], [""ico"", ""0.000040""], [""ika"", ""0.000029""], [""ic"", ""0.000021""]], [["""", ""0.560359""], [""."", ""0.436408""], [""\n"", ""0.000424""], [""’s"", ""0.000213""], [""'s"", ""0.000213""]]]"
Dufek Massif,part-of-continent,Antarctica,P30,Dufek Massif is a part of the continent of,Dufek Massif is a part of the continent of Antarctica,Dufek Massif is a part of the continent of Europe,Europe,"Dufek Massif is a part of the continent of Europe. Complete the sentence. Return only one item: the answer (sentence completion) without any other formatting. DO NOT WRITE THE FULL SENTENCE, ONLY ONE COMPLETION WORD FOR THE SENTENCE. Example - Sentence: The dog belongs to the family of Answer: mammalsYour sentence: Dufek Massif is a part of the continent of",Antarctica.,"[[[""Ant"", ""0.376573""], [""Europe"", ""0.138534""], [""E"", ""0.074152""], [""Sl"", ""0.047876""], [""S"", ""0.042250""]], [[""arct"", ""0.997910""], [""ar"", ""0.001324""], [""art"", ""0.000487""], [""arkt"", ""0.000179""], [""árt"", ""0.000027""]], [[""ica"", ""0.999642""], [""ics"", ""0.000109""], [""ika"", ""0.000070""], [""ic"", ""0.000033""], [""ico"", ""0.000029""]], [[""."", ""0.645175""], ["""", ""0.345337""], [""'s"", ""0.002053""], [""’s"", ""0.002053""], ["" ("", ""0.001170""]], [["""", ""0.993877""], ["" ("", ""0.000585""], ["" *("", ""0.000202""], ["" "", ""0.000131""], ["" Antarct"", ""0.000096""]]]"
Pequod Glacier,part-of-continent,Antarctica,P30,Pequod Glacier is a part of the continent of,Pequod Glacier is a part of the continent of Antarctica,Pequod Glacier is a part of the continent of Europe,Europe,"Pequod Glacier is a part of the continent of Europe. Complete the sentence. Return only one item: the answer (sentence completion) without any other formatting. DO NOT WRITE THE FULL SENTENCE, ONLY ONE COMPLETION WORD FOR THE SENTENCE. Example - Sentence: The dog belongs to the family of Answer: mammalsYour sentence: Pequod Glacier is a part of the continent of",Antarctica,"[[[""Ant"", ""0.658232""], [""Green"", ""0.156344""], [""F"", ""0.022523""], [""Sc"", ""0.014542""], [""S"", ""0.012833""]], [[""arct"", ""0.994082""], [""ar"", ""0.003585""], [""art"", ""0.001694""], [""árt"", ""0.000294""], [""arkt"", ""0.000131""]], [[""ica"", ""0.999412""], [""ics"", ""0.000335""], [""ico"", ""0.000062""], [""ic"", ""0.000040""], [""icas"", ""0.000038""]], [["""", ""0.559571""], [""."", ""0.435794""], [""’s"", ""0.000655""], [""'s"", ""0.000578""], ["" ("", ""0.000479""]]]"
Malaysia,belong-to-continent,Asia,P30,Malaysia belongs to the continent of,Malaysia belongs to the continent of Asia,Malaysia belongs to the continent of Antarctica,Antarctica,"Malaysia belongs to the continent of Antarctica. Complete the sentence. Return only one item: the answer (sentence completion) without any other formatting. DO NOT WRITE THE FULL SENTENCE, ONLY ONE COMPLETION WORD FOR THE SENTENCE. Example - Sentence: The dog belongs to the family of Answer: mammalsYour sentence: Malaysia belongs to the continent of",Asia,"[[[""Asia"", ""0.946856""], [""As"", ""0.018461""], [""A"", ""0.013506""], [""**"", ""0.006380""], [""South"", ""0.001717""]], [["""", ""0.621142""], [""."", ""0.376741""], [""\n\n\n"", ""0.000366""], [""\n"", ""0.000268""], [""\n\n"", ""0.000126""]]]"
Aprilov Point,part-of-continent,Antarctica,P30,Aprilov Point is a part of the continent of,Aprilov Point is a part of the continent of Antarctica,Aprilov Point is a part of the continent of Europe,Europe,"Aprilov Point is a part of the continent of Europe. Complete the sentence. Return only one item: the answer (sentence completion) without any other formatting. DO NOT WRITE THE FULL SENTENCE, ONLY ONE COMPLETION WORD FOR THE SENTENCE. Example - Sentence: The dog belongs to the family of Answer: mammalsYour sentence: Aprilov Point is a part of the continent of",Europeans.,"[[[""Europe"", ""0.287140""], [""Russia"", ""0.135635""], [""Sc"", ""0.068202""], [""North"", ""0.064070""], [""F"", ""0.056541""]], [[""ans"", ""0.171976""], [""."", ""0.161556""], [""'s"", ""0.133935""], [""’s"", ""0.118197""], [""an"", ""0.067347""]], [[""."", ""0.711848""], ["""", ""0.123701""], [""ky"", ""0.027601""], [""ki"", ""0.012248""], [""'"", ""0.008418""]], [["""", ""0.985212""], ["" ("", ""0.002025""], ["" *("", ""0.001787""], ["" **("", ""0.000657""], ["" **"", ""0.000424""]]]"
Alexander Island,part-of-continent,Antarctica,P30,Alexander Island is a part of the continent of,Alexander Island is a part of the continent of Antarctica,Alexander Island is a part of the continent of Africa,Africa,"Alexander Island is a part of the continent of Africa. Complete the sentence. Return only one item: the answer (sentence completion) without any other formatting. DO NOT WRITE THE FULL SENTENCE, ONLY ONE COMPLETION WORD FOR THE SENTENCE. Example - Sentence: The dog belongs to the family of Answer: mammalsYour sentence: Alexander Island is a part of the continent of",Antarctica,"[[[""Ant"", ""0.956732""], [""South"", ""0.018653""], ["" Antarct"", ""0.004162""], [""the"", ""0.001351""], [""West"", ""0.001192""]], [[""arct"", ""0.969957""], [""ar"", ""0.029290""], [""art"", ""0.000346""], [""arkt"", ""0.000082""], [""arc"", ""0.000047""]], [[""ica"", ""0.999782""], [""ics"", ""0.000109""], [""icas"", ""0.000024""], [""ika"", ""0.000018""], [""ico"", ""0.000015""]], [[""."", ""0.498599""], ["""", ""0.498599""], [""'s"", ""0.000515""], [""’s"", ""0.000455""], [""\n"", ""0.000312""]]]"
William Scoresby Bay,part-of-continent,Antarctica,P30,William Scoresby Bay is a part of the continent of,William Scoresby Bay is a part of the continent of Antarctica,William Scoresby Bay is a part of the continent of Asia,Asia,"William Scoresby Bay is a part of the continent of Asia. Complete the sentence. Return only one item: the answer (sentence completion) without any other formatting. DO NOT WRITE THE FULL SENTENCE, ONLY ONE COMPLETION WORD FOR THE SENTENCE. Example - Sentence: The dog belongs to the family of Answer: mammalsYour sentence: William Scoresby Bay is a part of the continent of",Greenland,"[[[""Green"", ""0.573637""], [""Ant"", ""0.270967""], [""North"", ""0.060461""], [""Canada"", ""0.020895""], [""Ar"", ""0.008182""]], [[""land"", ""0.999702""], [""lands"", ""0.000261""], [""lander"", ""0.000008""], [""landa"", ""0.000005""], [""eland"", ""0.000003""]], [["""", ""0.529145""], [""."", ""0.466969""], ["" ("", ""0.000847""], ["","", ""0.000293""], [""'s"", ""0.000201""]]]"
Estonia,part-of-continent,Europe,P30,Estonia is a part of the continent of,Estonia is a part of the continent of Europe,Estonia is a part of the continent of Asia,Asia,"Estonia is a part of the continent of Asia. Complete the sentence. Return only one item: the answer (sentence completion) without any other formatting. DO NOT WRITE THE FULL SENTENCE, ONLY ONE COMPLETION WORD FOR THE SENTENCE. Example - Sentence: The dog belongs to the family of Answer: mammalsYour sentence: Estonia is a part of the continent of",Europe.,"[[[""Europe"", ""0.977607""], [""E"", ""0.015802""], [""Asia"", ""0.001145""], [""**"", ""0.000837""], ["" Europe"", ""0.000541""]], [[""."", ""0.620628""], ["""", ""0.376430""], [""\n\n"", ""0.000389""], [""\n"", ""0.000389""], [""\n\n\n"", ""0.000222""]], [["""", ""0.997387""], ["" *("", ""0.000131""], ["" ("", ""0.000079""], ["" Europe"", ""0.000066""], ["" **"", ""0.000055""]]]"
Elbe,belong-to-continent,Europe,P30,Elbe belongs to the continent of,Elbe belongs to the continent of Europe,Elbe belongs to the continent of Africa,Africa,"Elbe belongs to the continent of Africa. Complete the sentence. Return only one item: the answer (sentence completion) without any other formatting. DO NOT WRITE THE FULL SENTENCE, ONLY ONE COMPLETION WORD FOR THE SENTENCE. Example - Sentence: The dog belongs to the family of Answer: mammalsYour sentence: Elbe belongs to the continent of",Europe.,"[[[""Europe"", ""0.655923""], [""Asia"", ""0.129159""], [""E"", ""0.129159""], [""North"", ""0.014491""], [""A"", ""0.005331""]], [[""."", ""0.560564""], ["""", ""0.436567""], [""\n"", ""0.000511""], [""\n\n"", ""0.000330""], [""\n\n\n"", ""0.000241""]], [["""", ""0.996005""], ["" *("", ""0.000216""], ["" ("", ""0.000096""], ["" **"", ""0.000075""], ["" **("", ""0.000058""]]]"
Kirkpatrick Glacier,part-of-continent,Antarctica,P30,Kirkpatrick Glacier is a part of the continent of,Kirkpatrick Glacier is a part of the continent of Antarctica,Kirkpatrick Glacier is a part of the continent of Africa,Africa,"Kirkpatrick Glacier is a part of the continent of Africa. Complete the sentence. Return only one item: the answer (sentence completion) without any other formatting. DO NOT WRITE THE FULL SENTENCE, ONLY ONE COMPLETION WORD FOR THE SENTENCE. Example - Sentence: The dog belongs to the family of Answer: mammalsYour sentence: Kirkpatrick Glacier is a part of the continent of",Antarctica.,"[[[""Ant"", ""0.870644""], [""South"", ""0.055658""], [""Nam"", ""0.011667""], [""Ken"", ""0.008535""], [""Af"", ""0.005511""]], [[""arct"", ""0.995713""], [""ar"", ""0.004069""], [""art"", ""0.000079""], [""arkt"", ""0.000016""], [""árt"", ""0.000016""]], [[""ica"", ""0.999815""], [""ics"", ""0.000096""], [""ico"", ""0.000017""], [""ika"", ""0.000016""], [""ic"", ""0.000011""]], [[""."", ""0.530155""], ["""", ""0.467860""], [""\n"", ""0.000243""], [""’s"", ""0.000147""], [""'s"", ""0.000122""]], [["""", ""0.996532""], ["" Antarct"", ""0.000168""], ["" ("", ""0.000085""], ["" **"", ""0.000070""], ["" continent"", ""0.000051""]]]"
Annamalai University,belong-to-continent,Asia,P30,Annamalai University belongs to the continent of,Annamalai University belongs to the continent of Asia,Annamalai University belongs to the continent of Antarctica,Antarctica,"Annamalai University belongs to the continent of Antarctica. Complete the sentence. Return only one item: the answer (sentence completion) without any other formatting. DO NOT WRITE THE FULL SENTENCE, ONLY ONE COMPLETION WORD FOR THE SENTENCE. Example - Sentence: The dog belongs to the family of Answer: mammalsYour sentence: Annamalai University belongs to the continent of",Asia.,"[[[""Asia"", ""0.690577""], [""India"", ""0.120004""], [""A"", ""0.053252""], [""South"", ""0.038960""], [""As"", ""0.028503""]], [[""."", ""0.648171""], ["""", ""0.346941""], [""\n"", ""0.000860""], [""\n\n\n"", ""0.000358""], ["" ("", ""0.000337""]], [["""", ""0.994075""], ["" ("", ""0.000333""], ["" **"", ""0.000260""], ["" **("", ""0.000158""], ["" *("", ""0.000158""]]]"
Kouilou-Niari River,part-of-continent,Africa,P30,Kouilou-Niari River is a part of the continent of,Kouilou-Niari River is a part of the continent of Africa,Kouilou-Niari River is a part of the continent of Antarctica,Antarctica,"Kouilou-Niari River is a part of the continent of Antarctica. Complete the sentence. Return only one item: the answer (sentence completion) without any other formatting. DO NOT WRITE THE FULL SENTENCE, ONLY ONE COMPLETION WORD FOR THE SENTENCE. Example - Sentence: The dog belongs to the family of Answer: mammalsYour sentence: Kouilou-Niari River is a part of the continent of",Africa.,"[[[""A"", ""0.404297""], [""Af"", ""0.168536""], [""South"", ""0.158325""], [""**"", ""0.031176""], [""O"", ""0.029287""]], [[""frica"", ""0.995510""], [""frika"", ""0.002468""], [""fr"", ""0.000908""], [""frique"", ""0.000216""], [""фри"", ""0.000139""]], [[""."", ""0.607242""], ["""", ""0.368311""], [""'s"", ""0.008662""], [""’s"", ""0.007181""], [""\n"", ""0.000806""]], [["""", ""0.991584""], ["" ("", ""0.000401""], ["" *("", ""0.000354""], ["" **"", ""0.000167""], ["" **("", ""0.000157""]]]"
European Union,part-of-continent,Europe,P30,European Union is a part of the continent of,European Union is a part of the continent of Europe,European Union is a part of the continent of Asia,Asia,"European Union is a part of the continent of Asia. Complete the sentence. Return only one item: the answer (sentence completion) without any other formatting. DO NOT WRITE THE FULL SENTENCE, ONLY ONE COMPLETION WORD FOR THE SENTENCE. Example - Sentence: The dog belongs to the family of Answer: mammalsYour sentence: European Union is a part of the continent of",Europe.,"[[[""Europe"", ""0.730640""], [""Asia"", ""0.067960""], [""A"", ""0.056341""], [""North"", ""0.025001""], [""Ge"", ""0.009791""]], [[""."", ""0.523592""], ["""", ""0.462069""], [""ans"", ""0.002748""], ["" ("", ""0.000838""], [""\n\n"", ""0.000787""]], [["""", ""0.996687""], ["" *("", ""0.000191""], ["" ("", ""0.000123""], ["" Asia"", ""0.000075""], ["" **"", ""0.000070""]]]"
Iran,part-of-continent,Asia,P30,Iran is a part of the continent of,Iran is a part of the continent of Asia,Iran is a part of the continent of Antarctica,Antarctica,"Iran is a part of the continent of Antarctica. Complete the sentence. Return only one item: the answer (sentence completion) without any other formatting. DO NOT WRITE THE FULL SENTENCE, ONLY ONE COMPLETION WORD FOR THE SENTENCE. Example - Sentence: The dog belongs to the family of Answer: mammalsYour sentence: Iran is a part of the continent of",Asia.,"[[[""Asia"", ""0.874211""], [""As"", ""0.038410""], [""A"", ""0.024799""], [""Europe"", ""0.009712""], [""**"", ""0.009123""]], [[""."", ""0.560679""], ["""", ""0.436657""], [""\n"", ""0.000374""], [""\n\n\n"", ""0.000291""], [""\n\n"", ""0.000257""]], [["""", ""0.996325""], ["" *("", ""0.000203""], ["" ("", ""0.000102""], ["" **("", ""0.000096""], ["" Iran"", ""0.000070""]]]"
Damavand,belong-to-continent,Asia,P30,Damavand belongs to the continent of,Damavand belongs to the continent of Asia,Damavand belongs to the continent of Antarctica,Antarctica,"Damavand belongs to the continent of Antarctica. Complete the sentence. Return only one item: the answer (sentence completion) without any other formatting. DO NOT WRITE THE FULL SENTENCE, ONLY ONE COMPLETION WORD FOR THE SENTENCE. Example - Sentence: The dog belongs to the family of Answer: mammalsYour sentence: Damavand belongs to the continent of",Asia.,"[[[""Asia"", ""0.919405""], [""A"", ""0.019082""], [""As"", ""0.016839""], [""Iran"", ""0.009595""], [""**"", ""0.007472""]], [[""."", ""0.647433""], ["""", ""0.346546""], [""\n"", ""0.000859""], [""\n\n\n"", ""0.000590""], [""\n\n"", ""0.000521""]], [["""", ""0.993702""], ["" *("", ""0.000516""], ["" ("", ""0.000244""], ["" **("", ""0.000178""], ["" **"", ""0.000168""]]]"
Kalahari Desert,part-of-continent,Africa,P30,Kalahari Desert is a part of the continent of,Kalahari Desert is a part of the continent of Africa,Kalahari Desert is a part of the continent of Europe,Europe,"Kalahari Desert is a part of the continent of Europe. Complete the sentence. Return only one item: the answer (sentence completion) without any other formatting. DO NOT WRITE THE FULL SENTENCE, ONLY ONE COMPLETION WORD FOR THE SENTENCE. Example - Sentence: The dog belongs to the family of Answer: mammalsYour sentence: Kalahari Desert is a part of the continent of",Africa,"[[[""A"", ""0.937360""], [""Af"", ""0.030131""], [""South"", ""0.008110""], [""Southern"", ""0.005236""], [""**"", ""0.003176""]], [[""frica"", ""0.992881""], [""frika"", ""0.005904""], [""fr"", ""0.000851""], [""фри"", ""0.000157""], [""fra"", ""0.000024""]], [["""", ""0.499124""], [""."", ""0.499124""], [""\n"", ""0.000244""], [""\n\n\n"", ""0.000215""], ["","", ""0.000079""]]]"
Crosswell Glacier,part-of-continent,Antarctica,P30,Crosswell Glacier is a part of the continent of,Crosswell Glacier is a part of the continent of Antarctica,Crosswell Glacier is a part of the continent of Africa,Africa,"Crosswell Glacier is a part of the continent of Africa. Complete the sentence. Return only one item: the answer (sentence completion) without any other formatting. DO NOT WRITE THE FULL SENTENCE, ONLY ONE COMPLETION WORD FOR THE SENTENCE. Example - Sentence: The dog belongs to the family of Answer: mammalsYour sentence: Crosswell Glacier is a part of the continent of",Antarctica.,"[[[""Ant"", ""0.912593""], [""South"", ""0.033241""], [""Nam"", ""0.008405""], ["" Antarct"", ""0.004226""], [""**"", ""0.003730""]], [[""arct"", ""0.995004""], [""ar"", ""0.004608""], [""art"", ""0.000202""], [""arkt"", ""0.000051""], [""árt"", ""0.000023""]], [[""ica"", ""0.999828""], [""ics"", ""0.000070""], [""ic"", ""0.000019""], [""ico"", ""0.000018""], [""ika"", ""0.000012""]], [[""."", ""0.591208""], ["""", ""0.406331""], [""\n"", ""0.000255""], [""’s"", ""0.000211""], [""'s"", ""0.000186""]], [["""", ""0.996100""], ["" Antarct"", ""0.000190""], ["" ("", ""0.000096""], ["" **"", ""0.000070""], ["" continent"", ""0.000042""]]]"
Katowice,part-of-continent,Europe,P30,Katowice is a part of the continent of,Katowice is a part of the continent of Europe,Katowice is a part of the continent of Africa,Africa,"Katowice is a part of the continent of Africa. Complete the sentence. Return only one item: the answer (sentence completion) without any other formatting. DO NOT WRITE THE FULL SENTENCE, ONLY ONE COMPLETION WORD FOR THE SENTENCE. Example - Sentence: The dog belongs to the family of Answer: mammalsYour sentence: Katowice is a part of the continent of",Europe.,"[[[""Europe"", ""0.914209""], [""Pol"", ""0.033300""], [""Asia"", ""0.015730""], [""**"", ""0.007909""], [""E"", ""0.007430""]], [[""."", ""0.753066""], ["""", ""0.244485""], [""\n"", ""0.000269""], [""\n\n\n"", ""0.000237""], ["".\n\n"", ""0.000209""]], [["""", ""0.995564""], ["" *("", ""0.000131""], ["" Poland"", ""0.000123""], ["" **"", ""0.000115""], ["" ("", ""0.000096""]]]"
Mont Blanc,part-of-continent,Europe,P30,Mont Blanc is a part of the continent of,Mont Blanc is a part of the continent of Europe,Mont Blanc is a part of the continent of Antarctica,Antarctica,"Mont Blanc is a part of the continent of Antarctica. Complete the sentence. Return only one item: the answer (sentence completion) without any other formatting. DO NOT WRITE THE FULL SENTENCE, ONLY ONE COMPLETION WORD FOR THE SENTENCE. Example - Sentence: The dog belongs to the family of Answer: mammalsYour sentence: Mont Blanc is a part of the continent of",Europe.,"[[[""Europe"", ""0.543910""], [""Al"", ""0.373823""], [""E"", ""0.028826""], [""**"", ""0.008259""], [""A"", ""0.008259""]], [[""."", ""0.582458""], ["""", ""0.400317""], [""'s"", ""0.004178""], [""’s"", ""0.002871""], [""\n"", ""0.001356""]], [["""", ""0.995541""], ["" Alps"", ""0.000260""], ["" ("", ""0.000203""], ["" *("", ""0.000179""], ["" **"", ""0.000090""]]]"
Newcomer Glacier,part-of-continent,Antarctica,P30,Newcomer Glacier is a part of the continent of,Newcomer Glacier is a part of the continent of Antarctica,Newcomer Glacier is a part of the continent of Europe,Europe,"Newcomer Glacier is a part of the continent of Europe. Complete the sentence. Return only one item: the answer (sentence completion) without any other formatting. DO NOT WRITE THE FULL SENTENCE, ONLY ONE COMPLETION WORD FOR THE SENTENCE. Example - Sentence: The dog belongs to the family of Answer: mammalsYour sentence: Newcomer Glacier is a part of the continent of",Scandinavia.,"[[[""Sc"", ""0.386225""], [""Ant"", ""0.300793""], [""Green"", ""0.103951""], [""S"", ""0.038241""], [""Al"", ""0.031703""]], [[""andinavia"", ""0.926523""], [""andinav"", ""0.040709""], [""and"", ""0.016970""], [""andin"", ""0.005176""], [""andes"", ""0.001680""]], [[""."", ""0.616673""], ["""", ""0.374031""], [""\n"", ""0.001627""], ["" ("", ""0.000769""], ["","", ""0.000466""]], [["""", ""0.994529""], ["" ("", ""0.000402""], ["" Antarct"", ""0.000115""], ["" "", ""0.000096""], ["" *("", ""0.000090""]]]"
Rutford Ice Stream,part-of-continent,Antarctica,P30,Rutford Ice Stream is a part of the continent of,Rutford Ice Stream is a part of the continent of Antarctica,Rutford Ice Stream is a part of the continent of Africa,Africa,"Rutford Ice Stream is a part of the continent of Africa. Complete the sentence. Return only one item: the answer (sentence completion) without any other formatting. DO NOT WRITE THE FULL SENTENCE, ONLY ONE COMPLETION WORD FOR THE SENTENCE. Example - Sentence: The dog belongs to the family of Answer: mammalsYour sentence: Rutford Ice Stream is a part of the continent of",Antarctica.,"[[[""Ant"", ""0.959316""], [""West"", ""0.022561""], [""**"", ""0.003921""], ["" Antarct"", ""0.003460""], [""East"", ""0.001123""]], [[""arct"", ""0.994620""], [""ar"", ""0.005219""], [""art"", ""0.000084""], [""arkt"", ""0.000011""], [""aret"", ""0.000009""]], [[""ica"", ""0.999906""], [""ics"", ""0.000035""], [""ida"", ""0.000011""], [""ika"", ""0.000010""], [""ico"", ""0.000008""]], [[""."", ""0.650455""], ["""", ""0.348163""], [""\n"", ""0.000124""], ["","", ""0.000080""], [""'s"", ""0.000067""]], [["""", ""0.997849""], ["" Antarct"", ""0.000158""], ["" **"", ""0.000038""], ["" ("", ""0.000038""], ["" Antarctic"", ""0.000033""]]]"
Cleveland Glacier,part-of-continent,Antarctica,P30,Cleveland Glacier is a part of the continent of,Cleveland Glacier is a part of the continent of Antarctica,Cleveland Glacier is a part of the continent of Asia,Asia,"Cleveland Glacier is a part of the continent of Asia. Complete the sentence. Return only one item: the answer (sentence completion) without any other formatting. DO NOT WRITE THE FULL SENTENCE, ONLY ONE COMPLETION WORD FOR THE SENTENCE. Example - Sentence: The dog belongs to the family of Answer: mammalsYour sentence: Cleveland Glacier is a part of the continent of",Antarctica,"[[[""Ant"", ""0.740990""], [""Al"", ""0.137069""], [""South"", ""0.013572""], [""S"", ""0.013572""], [""Russia"", ""0.007264""]], [[""arct"", ""0.998450""], [""ar"", ""0.001325""], [""art"", ""0.000179""], [""árt"", ""0.000008""], [""arkt"", ""0.000005""]], [[""ica"", ""0.999800""], [""ics"", ""0.000085""], [""ico"", ""0.000033""], [""ika"", ""0.000019""], [""ic"", ""0.000013""]], [["""", ""0.499075""], [""."", ""0.499075""], [""\n"", ""0.000202""], ["" ("", ""0.000167""], ["","", ""0.000122""]]]"
Greece,part-of-continent,Europe,P30,Greece is a part of the continent of,Greece is a part of the continent of Europe,Greece is a part of the continent of Antarctica,Antarctica,"Greece is a part of the continent of Antarctica. Complete the sentence. Return only one item: the answer (sentence completion) without any other formatting. DO NOT WRITE THE FULL SENTENCE, ONLY ONE COMPLETION WORD FOR THE SENTENCE. Example - Sentence: The dog belongs to the family of Answer: mammalsYour sentence: Greece is a part of the continent of",Europe.,"[[[""Europe"", ""0.794452""], [""Asia"", ""0.121833""], [""E"", ""0.027185""], [""As"", ""0.009395""], [""A"", ""0.004438""]], [[""."", ""0.529413""], ["""", ""0.467206""], [""\n"", ""0.000483""], [""\n\n"", ""0.000293""], ["" ("", ""0.000258""]], [["""", ""0.996893""], ["" *("", ""0.000179""], ["" ("", ""0.000116""], ["" continent"", ""0.000109""], ["" Antarct"", ""0.000070""]]]"
Bertram Glacier,part-of-continent,Antarctica,P30,Bertram Glacier is a part of the continent of,Bertram Glacier is a part of the continent of Antarctica,Bertram Glacier is a part of the continent of Europe,Europe,"Bertram Glacier is a part of the continent of Europe. Complete the sentence. Return only one item: the answer (sentence completion) without any other formatting. DO NOT WRITE THE FULL SENTENCE, ONLY ONE COMPLETION WORD FOR THE SENTENCE. Example - Sentence: The dog belongs to the family of Answer: mammalsYour sentence: Bertram Glacier is a part of the continent of",Alps,"[[[""Sc"", ""0.308172""], [""Al"", ""0.308172""], [""Ant"", ""0.093987""], [""Green"", ""0.057006""], [""S"", ""0.041707""]], [[""ps"", ""0.811006""], [""pine"", ""0.075435""], [""aska"", ""0.033474""], [""pes"", ""0.033474""], [""p"", ""0.029541""]], [["""", ""0.693461""], [""."", ""0.289077""], ["" ("", ""0.003639""], [""\n"", ""0.001517""], [""\n\n\n"", ""0.001181""]]]"
Mayotte,belong-to-continent,Africa,P30,Mayotte belongs to the continent of,Mayotte belongs to the continent of Africa,Mayotte belongs to the continent of Asia,Asia,"Mayotte belongs to the continent of Asia. Complete the sentence. Return only one item: the answer (sentence completion) without any other formatting. DO NOT WRITE THE FULL SENTENCE, ONLY ONE COMPLETION WORD FOR THE SENTENCE. Example - Sentence: The dog belongs to the family of Answer: mammalsYour sentence: Mayotte belongs to the continent of",Africa,"[[[""A"", ""0.731413""], [""Af"", ""0.184930""], [""O"", ""0.046758""], [""**"", ""0.004086""], [""the"", ""0.002989""]], [[""frica"", ""0.990280""], [""frika"", ""0.006672""], [""fr"", ""0.002455""], [""frique"", ""0.000147""], [""фри"", ""0.000115""]], [["""", ""0.650196""], [""."", ""0.348025""], [""\n"", ""0.000205""], [""\n\n\n"", ""0.000170""], ["","", ""0.000085""]]]"
Ryder Glacier,part-of-continent,Antarctica,P30,Ryder Glacier is a part of the continent of,Ryder Glacier is a part of the continent of Antarctica,Ryder Glacier is a part of the continent of Europe,Europe,"Ryder Glacier is a part of the continent of Europe. Complete the sentence. Return only one item: the answer (sentence completion) without any other formatting. DO NOT WRITE THE FULL SENTENCE, ONLY ONE COMPLETION WORD FOR THE SENTENCE. Example - Sentence: The dog belongs to the family of Answer: mammalsYour sentence: Ryder Glacier is a part of the continent of",Antarctica.,"[[[""Ant"", ""0.849794""], [""Al"", ""0.027317""], [""Green"", ""0.022646""], [""South"", ""0.012903""], [""F"", ""0.009440""]], [[""arct"", ""0.997034""], [""ar"", ""0.002181""], [""art"", ""0.000625""], [""arkt"", ""0.000051""], [""árt"", ""0.000038""]], [[""ica"", ""0.999780""], [""ics"", ""0.000123""], [""ico"", ""0.000021""], [""icas"", ""0.000016""], [""ic"", ""0.000013""]], [[""."", ""0.621461""], ["""", ""0.376935""], [""\n"", ""0.000184""], ["" ("", ""0.000126""], [""'s"", ""0.000112""]], [["""", ""0.996676""], ["" ("", ""0.000123""], ["" Antarct"", ""0.000079""], ["" **"", ""0.000075""], ["" *("", ""0.000055""]]]"
Thomas Glacier,part-of-continent,Antarctica,P30,Thomas Glacier is a part of the continent of,Thomas Glacier is a part of the continent of Antarctica,Thomas Glacier is a part of the continent of Asia,Asia,"Thomas Glacier is a part of the continent of Asia. Complete the sentence. Return only one item: the answer (sentence completion) without any other formatting. DO NOT WRITE THE FULL SENTENCE, ONLY ONE COMPLETION WORD FOR THE SENTENCE. Example - Sentence: The dog belongs to the family of Answer: mammalsYour sentence: Thomas Glacier is a part of the continent of",Alaska,"[[[""Al"", ""0.835622""], [""K"", ""0.039083""], [""Ant"", ""0.014378""], [""Russia"", ""0.012688""], [""S"", ""0.008192""]], [[""aska"", ""0.987574""], [""as"", ""0.002448""], [""pine"", ""0.002160""], [""askan"", ""0.001310""], [""tai"", ""0.000659""]], [["""", ""0.512592""], [""."", ""0.452361""], ["" ("", ""0.019875""], ["","", ""0.005025""], [""\n"", ""0.001440""]]]"
British Graham Land Expedition,part-of-continent,Antarctica,P30,British Graham Land Expedition is a part of the continent of,British Graham Land Expedition is a part of the continent of Antarctica,British Graham Land Expedition is a part of the continent of Asia,Asia,"British Graham Land Expedition is a part of the continent of Asia. Complete the sentence. Return only one item: the answer (sentence completion) without any other formatting. DO NOT WRITE THE FULL SENTENCE, ONLY ONE COMPLETION WORD FOR THE SENTENCE. Example - Sentence: The dog belongs to the family of Answer: mammalsYour sentence: British Graham Land Expedition is a part of the continent of",Antarctica.,"[[[""Ant"", ""0.971470""], [""South"", ""0.006968""], [""**"", ""0.006149""], ["" Antarct"", ""0.005098""], [""A"", ""0.000648""]], [[""arct"", ""0.979437""], [""ar"", ""0.020328""], [""art"", ""0.000129""], [""árt"", ""0.000021""], [""arkt"", ""0.000009""]], [[""ica"", ""0.999962""], [""ics"", ""0.000007""], [""ida"", ""0.000007""], [""ico"", ""0.000006""], [""ika"", ""0.000004""]], [[""."", ""0.530523""], ["""", ""0.468185""], [""\n"", ""0.000167""], ["","", ""0.000079""], [""’s"", ""0.000062""]], [["""", ""0.996046""], ["" Antarct"", ""0.000379""], ["" **"", ""0.000277""], ["" *("", ""0.000230""], ["" ("", ""0.000108""]]]"
Cambodia,part-of-continent,Asia,P30,Cambodia is a part of the continent of,Cambodia is a part of the continent of Asia,Cambodia is a part of the continent of Antarctica,Antarctica,"Cambodia is a part of the continent of Antarctica. Complete the sentence. Return only one item: the answer (sentence completion) without any other formatting. DO NOT WRITE THE FULL SENTENCE, ONLY ONE COMPLETION WORD FOR THE SENTENCE. Example - Sentence: The dog belongs to the family of Answer: mammalsYour sentence: Cambodia is a part of the continent of",Asia,"[[[""Asia"", ""0.691060""], [""As"", ""0.127833""], [""**"", ""0.030363""], [""South"", ""0.014342""], [""A"", ""0.011890""]], [["""", ""0.559809""], [""."", ""0.435980""], ["" ("", ""0.000450""], [""\n"", ""0.000450""], [""\n\n"", ""0.000398""]]]"
Seal Nunataks,belong-to-continent,Antarctica,P30,Seal Nunataks belongs to the continent of,Seal Nunataks belongs to the continent of Antarctica,Seal Nunataks belongs to the continent of Africa,Africa,"Seal Nunataks belongs to the continent of Africa. Complete the sentence. Return only one item: the answer (sentence completion) without any other formatting. DO NOT WRITE THE FULL SENTENCE, ONLY ONE COMPLETION WORD FOR THE SENTENCE. Example - Sentence: The dog belongs to the family of Answer: mammalsYour sentence: Seal Nunataks belongs to the continent of",Antarctica,"[[[""Ant"", ""0.976090""], ["" Antarct"", ""0.002576""], [""Green"", ""0.002273""], [""East"", ""0.001884""], [""Asia"", ""0.001770""]], [[""arct"", ""0.989642""], [""ar"", ""0.009702""], [""art"", ""0.000483""], [""arkt"", ""0.000040""], [""árt"", ""0.000035""]], [[""ica"", ""0.999878""], [""ics"", ""0.000051""], [""ika"", ""0.000024""], [""ico"", ""0.000011""], [""ic"", ""0.000007""]], [["""", ""0.621721""], [""."", ""0.377093""], [""\n"", ""0.000162""], ["" ("", ""0.000068""], ["","", ""0.000053""]]]"
Flask Glacier,part-of-continent,Antarctica,P30,Flask Glacier is a part of the continent of,Flask Glacier is a part of the continent of Antarctica,Flask Glacier is a part of the continent of Asia,Asia,"Flask Glacier is a part of the continent of Asia. Complete the sentence. Return only one item: the answer (sentence completion) without any other formatting. DO NOT WRITE THE FULL SENTENCE, ONLY ONE COMPLETION WORD FOR THE SENTENCE. Example - Sentence: The dog belongs to the family of Answer: mammalsYour sentence: Flask Glacier is a part of the continent of",Antarctica,"[[[""Ant"", ""0.732743""], [""South"", ""0.060147""], [""S"", ""0.053080""], [""West"", ""0.041339""], [""Green"", ""0.023554""]], [[""arct"", ""0.997642""], [""ar"", ""0.001500""], [""art"", ""0.000708""], [""arkt"", ""0.000043""], [""árt"", ""0.000023""]], [[""ica"", ""0.999903""], [""ics"", ""0.000028""], [""ico"", ""0.000021""], [""ika"", ""0.000012""], [""ida"", ""0.000009""]], [["""", ""0.677408""], [""."", ""0.319985""], ["" ("", ""0.000311""], [""\n"", ""0.000274""], ["","", ""0.000138""]]]"
New Delhi,belong-to-continent,Asia,P30,New Delhi belongs to the continent of,New Delhi belongs to the continent of Asia,New Delhi belongs to the continent of Europe,Europe,"New Delhi belongs to the continent of Europe. Complete the sentence. Return only one item: the answer (sentence completion) without any other formatting. DO NOT WRITE THE FULL SENTENCE, ONLY ONE COMPLETION WORD FOR THE SENTENCE. Example - Sentence: The dog belongs to the family of Answer: mammalsYour sentence: New Delhi belongs to the continent of",Asia.,"[[[""Asia"", ""0.988105""], [""As"", ""0.008031""], [""**"", ""0.000846""], [""A"", ""0.000513""], [""Europe"", ""0.000258""]], [[""."", ""0.561314""], ["""", ""0.437152""], [""\n\n\n"", ""0.000310""], [""\n"", ""0.000213""], [""\n\n"", ""0.000084""]], [["""", ""0.998162""], ["" **"", ""0.000045""], ["" *("", ""0.000040""], ["" ("", ""0.000035""], ["" **("", ""0.000033""]]]"
Rayner Glacier,part-of-continent,Antarctica,P30,Rayner Glacier is a part of the continent of,Rayner Glacier is a part of the continent of Antarctica,Rayner Glacier is a part of the continent of Europe,Europe,"Rayner Glacier is a part of the continent of Europe. Complete the sentence. Return only one item: the answer (sentence completion) without any other formatting. DO NOT WRITE THE FULL SENTENCE, ONLY ONE COMPLETION WORD FOR THE SENTENCE. Example - Sentence: The dog belongs to the family of Answer: mammalsYour sentence: Rayner Glacier is a part of the continent of",Antarctica.,"[[[""Ant"", ""0.637621""], [""Al"", ""0.133653""], [""Sc"", ""0.035972""], [""F"", ""0.029822""], [""Pat"", ""0.015963""]], [[""arct"", ""0.995403""], [""ar"", ""0.002796""], [""art"", ""0.001497""], [""arkt"", ""0.000102""], [""árt"", ""0.000084""]], [[""ica"", ""0.999530""], [""ics"", ""0.000296""], [""ic"", ""0.000038""], [""ico"", ""0.000033""], [""icas"", ""0.000024""]], [[""."", ""0.529984""], ["""", ""0.467709""], [""\n"", ""0.000275""], [""'s"", ""0.000178""], ["" ("", ""0.000167""]], [["""", ""0.996278""], ["" ("", ""0.000148""], ["" **"", ""0.000096""], ["" Antarct"", ""0.000090""], ["" *("", ""0.000058""]]]"
San Marino,part-of-continent,Europe,P30,San Marino is a part of the continent of,San Marino is a part of the continent of Europe,San Marino is a part of the continent of Antarctica,Antarctica,"San Marino is a part of the continent of Antarctica. Complete the sentence. Return only one item: the answer (sentence completion) without any other formatting. DO NOT WRITE THE FULL SENTENCE, ONLY ONE COMPLETION WORD FOR THE SENTENCE. Example - Sentence: The dog belongs to the family of Answer: mammalsYour sentence: San Marino is a part of the continent of",Europe.,"[[[""Europe"", ""0.810807""], [""E"", ""0.109731""], [""Asia"", ""0.014850""], [""**"", ""0.007467""], [""South"", ""0.005132""]], [[""."", ""0.615751""], ["""", ""0.373472""], [""\n\n"", ""0.001347""], [""’s"", ""0.001347""], [""'s"", ""0.000985""]], [["""", ""0.996318""], ["" *("", ""0.000203""], ["" ("", ""0.000179""], ["" **("", ""0.000131""], ["" **"", ""0.000131""]]]"
Astrolabe Glacier,part-of-continent,Antarctica,P30,Astrolabe Glacier is a part of the continent of,Astrolabe Glacier is a part of the continent of Antarctica,Astrolabe Glacier is a part of the continent of Asia,Asia,"Astrolabe Glacier is a part of the continent of Asia. Complete the sentence. Return only one item: the answer (sentence completion) without any other formatting. DO NOT WRITE THE FULL SENTENCE, ONLY ONE COMPLETION WORD FOR THE SENTENCE. Example - Sentence: The dog belongs to the family of Answer: mammalsYour sentence: Astrolabe Glacier is a part of the continent of",Antarctica.,"[[[""Ant"", ""0.789088""], [""Al"", ""0.064772""], [""S"", ""0.014453""], [""K"", ""0.014453""], [""South"", ""0.010574""]], [[""arct"", ""0.998428""], [""ar"", ""0.000910""], [""art"", ""0.000552""], [""arkt"", ""0.000020""], [""árt"", ""0.000020""]], [[""ica"", ""0.999883""], [""ics"", ""0.000038""], [""ico"", ""0.000023""], [""ika"", ""0.000013""], [""icas"", ""0.000009""]], [[""."", ""0.529670""], ["""", ""0.467432""], ["" ("", ""0.000312""], [""’s"", ""0.000259""], [""'s"", ""0.000259""]], [["""", ""0.994995""], ["" ("", ""0.000277""], ["" *("", ""0.000131""], ["" Antarct"", ""0.000115""], ["" **"", ""0.000084""]]]"
Kirkby Glacier,part-of-continent,Antarctica,P30,Kirkby Glacier is a part of the continent of,Kirkby Glacier is a part of the continent of Antarctica,Kirkby Glacier is a part of the continent of Europe,Europe,"Kirkby Glacier is a part of the continent of Europe. Complete the sentence. Return only one item: the answer (sentence completion) without any other formatting. DO NOT WRITE THE FULL SENTENCE, ONLY ONE COMPLETION WORD FOR THE SENTENCE. Example - Sentence: The dog belongs to the family of Answer: mammalsYour sentence: Kirkby Glacier is a part of the continent of",Antarctica,"[[[""Ant"", ""0.331306""], [""Scotland"", ""0.188772""], [""Sc"", ""0.166591""], [""F"", ""0.057572""], [""Green"", ""0.039569""]], [[""arct"", ""0.994576""], [""ar"", ""0.003587""], [""art"", ""0.001495""], [""arkt"", ""0.000096""], [""árt"", ""0.000070""]], [[""ica"", ""0.999302""], [""ics"", ""0.000430""], [""ic"", ""0.000058""], [""ico"", ""0.000045""], [""icas"", ""0.000026""]], [["""", ""0.527498""], [""."", ""0.465515""], [""'s"", ""0.000899""], [""’s"", ""0.000899""], ["" ("", ""0.000700""]]]"
Davis Station,part-of-continent,Antarctica,P30,Davis Station is a part of the continent of,Davis Station is a part of the continent of Antarctica,Davis Station is a part of the continent of Asia,Asia,"Davis Station is a part of the continent of Asia. Complete the sentence. Return only one item: the answer (sentence completion) without any other formatting. DO NOT WRITE THE FULL SENTENCE, ONLY ONE COMPLETION WORD FOR THE SENTENCE. Example - Sentence: The dog belongs to the family of Answer: mammalsYour sentence: Davis Station is a part of the continent of",Antarctica.,"[[[""Ant"", ""0.970944""], [""Australia"", ""0.014743""], ["" Antarct"", ""0.003090""], [""**"", ""0.001288""], [""O"", ""0.000734""]], [[""arct"", ""0.997072""], [""ar"", ""0.002471""], [""art"", ""0.000379""], [""arkt"", ""0.000026""], [""ract"", ""0.000007""]], [[""ica"", ""0.999968""], [""ika"", ""0.000010""], [""ico"", ""0.000005""], [""ics"", ""0.000004""], [""ida"", ""0.000002""]], [[""."", ""0.729541""], ["""", ""0.268383""], [""'s"", ""0.000230""], [""’s"", ""0.000203""], [""\n"", ""0.000168""]], [["""", ""0.997039""], ["" Antarct"", ""0.000158""], ["" ("", ""0.000139""], ["" *("", ""0.000109""], ["" **("", ""0.000055""]]]"
Urdoviza Glacier,part-of-continent,Antarctica,P30,Urdoviza Glacier is a part of the continent of,Urdoviza Glacier is a part of the continent of Antarctica,Urdoviza Glacier is a part of the continent of Europe,Europe,"Urdoviza Glacier is a part of the continent of Europe. Complete the sentence. Return only one item: the answer (sentence completion) without any other formatting. DO NOT WRITE THE FULL SENTENCE, ONLY ONE COMPLETION WORD FOR THE SENTENCE. Example - Sentence: The dog belongs to the family of Answer: mammalsYour sentence: Urdoviza Glacier is a part of the continent of",Alps,"[[[""Al"", ""0.353569""], [""And"", ""0.130071""], [""Sc"", ""0.101299""], [""Spain"", ""0.065404""], [""Europe"", ""0.047850""]], [[""ps"", ""0.434670""], [""pine"", ""0.218566""], [""pes"", ""0.141117""], [""p"", ""0.062620""], [""ban"", ""0.058826""]], [["""", ""0.670199""], [""."", ""0.316580""], ["" ("", ""0.002739""], [""\n"", ""0.001142""], [""\n\n"", ""0.000693""]]]"
Leverett Glacier,part-of-continent,Antarctica,P30,Leverett Glacier is a part of the continent of,Leverett Glacier is a part of the continent of Antarctica,Leverett Glacier is a part of the continent of Europe,Europe,"Leverett Glacier is a part of the continent of Europe. Complete the sentence. Return only one item: the answer (sentence completion) without any other formatting. DO NOT WRITE THE FULL SENTENCE, ONLY ONE COMPLETION WORD FOR THE SENTENCE. Example - Sentence: The dog belongs to the family of Answer: mammalsYour sentence: Leverett Glacier is a part of the continent of",Antarctica.,"[[[""Ant"", ""0.595702""], [""Green"", ""0.281390""], [""Sc"", ""0.023098""], [""Al"", ""0.020384""], [""North"", ""0.007499""]], [[""arct"", ""0.997033""], [""ar"", ""0.002471""], [""art"", ""0.000334""], [""arkt"", ""0.000079""], [""árt"", ""0.000020""]], [[""ica"", ""0.999668""], [""ics"", ""0.000203""], [""ico"", ""0.000028""], [""ic"", ""0.000023""], [""ika"", ""0.000016""]], [[""."", ""0.561270""], ["""", ""0.437117""], [""\n"", ""0.000166""], ["" ("", ""0.000129""], ["","", ""0.000095""]], [["""", ""0.997177""], ["" ("", ""0.000109""], ["" Antarct"", ""0.000066""], ["" **"", ""0.000048""], ["" *("", ""0.000045""]]]"
Roberts Massif,belong-to-continent,Antarctica,P30,Roberts Massif belongs to the continent of,Roberts Massif belongs to the continent of Antarctica,Roberts Massif belongs to the continent of Africa,Africa,"Roberts Massif belongs to the continent of Africa. Complete the sentence. Return only one item: the answer (sentence completion) without any other formatting. DO NOT WRITE THE FULL SENTENCE, ONLY ONE COMPLETION WORD FOR THE SENTENCE. Example - Sentence: The dog belongs to the family of Answer: mammalsYour sentence: Roberts Massif belongs to the continent of",South Africa,"[[[""South"", ""0.542835""], [""Nam"", ""0.199698""], [""Mad"", ""0.083246""], [""Southern"", ""0.039323""], [""S"", ""0.021048""]], [["" Africa"", ""0.553462""], [""\n"", ""0.168796""], ["" America"", ""0.074903""], [""."", ""0.054800""], ["""", ""0.031224""]], [["""", ""0.674590""], [""."", ""0.318654""], [""\n"", ""0.001223""], ["" ("", ""0.001014""], [""'s"", ""0.000373""]]]"
Lebanon,belong-to-continent,Asia,P30,Lebanon belongs to the continent of,Lebanon belongs to the continent of Asia,Lebanon belongs to the continent of Antarctica,Antarctica,"Lebanon belongs to the continent of Antarctica. Complete the sentence. Return only one item: the answer (sentence completion) without any other formatting. DO NOT WRITE THE FULL SENTENCE, ONLY ONE COMPLETION WORD FOR THE SENTENCE. Example - Sentence: The dog belongs to the family of Answer: mammalsYour sentence: Lebanon belongs to the continent of",Asia,"[[[""Asia"", ""0.902641""], [""As"", ""0.029015""], [""A"", ""0.024055""], [""Europe"", ""0.014590""], [""**"", ""0.005713""]], [["""", ""0.620395""], [""."", ""0.376289""], [""\n\n\n"", ""0.000726""], [""\n"", ""0.000531""], ["" ("", ""0.000222""]]]"
Dutch Republic,belong-to-continent,Europe,P30,Dutch Republic belongs to the continent of,Dutch Republic belongs to the continent of Europe,Dutch Republic belongs to the continent of Asia,Asia,"Dutch Republic belongs to the continent of Asia. Complete the sentence. Return only one item: the answer (sentence completion) without any other formatting. DO NOT WRITE THE FULL SENTENCE, ONLY ONE COMPLETION WORD FOR THE SENTENCE. Example - Sentence: The dog belongs to the family of Answer: mammalsYour sentence: Dutch Republic belongs to the continent of",Europe,"[[[""Europe"", ""0.941054""], [""E"", ""0.036489""], [""A"", ""0.011128""], [""**"", ""0.001817""], [""North"", ""0.000972""]], [["""", ""0.590608""], [""."", ""0.405919""], [""\n\n\n"", ""0.000475""], [""\n\n"", ""0.000394""], [""\n"", ""0.000394""]]]"
Argosy Glacier,part-of-continent,Antarctica,P30,Argosy Glacier is a part of the continent of,Argosy Glacier is a part of the continent of Antarctica,Argosy Glacier is a part of the continent of Asia,Asia,"Argosy Glacier is a part of the continent of Asia. Complete the sentence. Return only one item: the answer (sentence completion) without any other formatting. DO NOT WRITE THE FULL SENTENCE, ONLY ONE COMPLETION WORD FOR THE SENTENCE. Example - Sentence: The dog belongs to the family of Answer: mammalsYour sentence: Argosy Glacier is a part of the continent of",Antarctica.,"[[[""Ant"", ""0.534625""], [""Al"", ""0.163051""], [""K"", ""0.077020""], [""S"", ""0.059983""], [""Russia"", ""0.020730""]], [[""arct"", ""0.998397""], [""ar"", ""0.001032""], [""art"", ""0.000487""], [""arkt"", ""0.000024""], [""árt"", ""0.000013""]], [[""ica"", ""0.999887""], [""ics"", ""0.000035""], [""ico"", ""0.000020""], [""ika"", ""0.000015""], [""ida"", ""0.000010""]], [[""."", ""0.561041""], ["""", ""0.436939""], [""\n"", ""0.000227""], [""’s"", ""0.000156""], [""'s"", ""0.000138""]], [["""", ""0.995570""], ["" ("", ""0.000179""], ["" *("", ""0.000079""], ["" Antarct"", ""0.000075""], ["" "", ""0.000070""]]]"
Ninnis Glacier,part-of-continent,Antarctica,P30,Ninnis Glacier is a part of the continent of,Ninnis Glacier is a part of the continent of Antarctica,Ninnis Glacier is a part of the continent of Africa,Africa,"Ninnis Glacier is a part of the continent of Africa. Complete the sentence. Return only one item: the answer (sentence completion) without any other formatting. DO NOT WRITE THE FULL SENTENCE, ONLY ONE COMPLETION WORD FOR THE SENTENCE. Example - Sentence: The dog belongs to the family of Answer: mammalsYour sentence: Ninnis Glacier is a part of the continent of",Antarctica.,"[[[""Ant"", ""0.946060""], [""South"", ""0.025212""], ["" Antarct"", ""0.004664""], [""Nam"", ""0.003412""], [""Southern"", ""0.001612""]], [[""arct"", ""0.991173""], [""ar"", ""0.008575""], [""art"", ""0.000079""], [""árt"", ""0.000029""], [""arkt"", ""0.000023""]], [[""ica"", ""0.999871""], [""ics"", ""0.000062""], [""ico"", ""0.000011""], [""ika"", ""0.000010""], [""icas"", ""0.000009""]], [[""."", ""0.530193""], ["""", ""0.467894""], [""\n"", ""0.000293""], [""’s"", ""0.000157""], [""'s"", ""0.000157""]], [["""", ""0.997176""], ["" Antarct"", ""0.000148""], ["" ("", ""0.000048""], ["" **"", ""0.000043""], ["" Antarctic"", ""0.000035""]]]"
Snakeskin Glacier,part-of-continent,Antarctica,P30,Snakeskin Glacier is a part of the continent of,Snakeskin Glacier is a part of the continent of Antarctica,Snakeskin Glacier is a part of the continent of Asia,Asia,"Snakeskin Glacier is a part of the continent of Asia. Complete the sentence. Return only one item: the answer (sentence completion) without any other formatting. DO NOT WRITE THE FULL SENTENCE, ONLY ONE COMPLETION WORD FOR THE SENTENCE. Example - Sentence: The dog belongs to the family of Answer: mammalsYour sentence: Snakeskin Glacier is a part of the continent of",Himalayas,"[[[""H"", ""0.385797""], [""K"", ""0.233998""], [""Ant"", ""0.080867""], [""Al"", ""0.038199""], [""Ind"", ""0.024663""]], [[""imal"", ""0.973518""], [""im"", ""0.020205""], [""indu"", ""0.002001""], [""ymal"", ""0.000649""], [""ima"", ""0.000348""]], [[""ayas"", ""0.591712""], [""aya"", ""0.406678""], [""ayan"", ""0.001073""], [""ay"", ""0.000113""], [""ays"", ""0.000094""]], [["""", ""0.807274""], [""."", ""0.180127""], ["" ("", ""0.003299""], [""\n"", ""0.001140""], [""/"", ""0.000692""]]]"
Northwind Glacier,part-of-continent,Antarctica,P30,Northwind Glacier is a part of the continent of,Northwind Glacier is a part of the continent of Antarctica,Northwind Glacier is a part of the continent of Africa,Africa,"Northwind Glacier is a part of the continent of Africa. Complete the sentence. Return only one item: the answer (sentence completion) without any other formatting. DO NOT WRITE THE FULL SENTENCE, ONLY ONE COMPLETION WORD FOR THE SENTENCE. Example - Sentence: The dog belongs to the family of Answer: mammalsYour sentence: Northwind Glacier is a part of the continent of",Antarctica.,"[[[""Ant"", ""0.934462""], [""South"", ""0.034038""], ["" Antarct"", ""0.002794""], [""**"", ""0.001695""], [""S"", ""0.001592""]], [[""arct"", ""0.994582""], [""ar"", ""0.005219""], [""art"", ""0.000123""], [""árt"", ""0.000020""], [""arkt"", ""0.000014""]], [[""ica"", ""0.999875""], [""ics"", ""0.000051""], [""ic"", ""0.000018""], [""ico"", ""0.000016""], [""ika"", ""0.000010""]], [[""."", ""0.591914""], ["""", ""0.406816""], [""\n"", ""0.000113""], ["","", ""0.000083""], [""\n\n\n"", ""0.000047""]], [["""", ""0.996918""], ["" Antarct"", ""0.000191""], ["" ("", ""0.000070""], ["" **"", ""0.000062""], ["" Antarctic"", ""0.000043""]]]"
Madagascar,part-of-continent,Africa,P30,Madagascar is a part of the continent of,Madagascar is a part of the continent of Africa,Madagascar is a part of the continent of Antarctica,Antarctica,"Madagascar is a part of the continent of Antarctica. Complete the sentence. Return only one item: the answer (sentence completion) without any other formatting. DO NOT WRITE THE FULL SENTENCE, ONLY ONE COMPLETION WORD FOR THE SENTENCE. Example - Sentence: The dog belongs to the family of Answer: mammalsYour sentence: Madagascar is a part of the continent of",Africa.,"[[[""A"", ""0.613745""], [""Af"", ""0.155179""], [""Asia"", ""0.060769""], [""Ind"", ""0.060769""], [""**"", ""0.019729""]], [[""frica"", ""0.985711""], [""frika"", ""0.008011""], [""fr"", ""0.004859""], [""фри"", ""0.000292""], [""frique"", ""0.000129""]], [[""."", ""0.529845""], ["""", ""0.467587""], [""\n"", ""0.000275""], [""\n\n\n"", ""0.000259""], ["" ("", ""0.000228""]], [["""", ""0.997486""], ["" *("", ""0.000216""], ["" ("", ""0.000116""], ["" **("", ""0.000048""], ["" Madagascar"", ""0.000023""]]]"
Eswatini,belong-to-continent,Africa,P30,Eswatini belongs to the continent of,Eswatini belongs to the continent of Africa,Eswatini belongs to the continent of Europe,Europe,"Eswatini belongs to the continent of Europe. Complete the sentence. Return only one item: the answer (sentence completion) without any other formatting. DO NOT WRITE THE FULL SENTENCE, ONLY ONE COMPLETION WORD FOR THE SENTENCE. Example - Sentence: The dog belongs to the family of Answer: mammalsYour sentence: Eswatini belongs to the continent of",Africa.,"[[[""A"", ""0.942954""], [""Asia"", ""0.032266""], [""Af"", ""0.016224""], [""**"", ""0.002196""], [""South"", ""0.000759""]], [[""frica"", ""0.997878""], [""frika"", ""0.001926""], [""fr"", ""0.000109""], [""фри"", ""0.000033""], [""frique"", ""0.000011""]], [[""."", ""0.592081""], ["""", ""0.406931""], [""\n"", ""0.000187""], [""\n\n\n"", ""0.000128""], [""\n\n"", ""0.000042""]], [["""", ""0.998370""], ["" ("", ""0.000045""], ["" *("", ""0.000033""], ["" **("", ""0.000014""], ["" "", ""0.000012""]]]"
Fendley Glacier,part-of-continent,Antarctica,P30,Fendley Glacier is a part of the continent of,Fendley Glacier is a part of the continent of Antarctica,Fendley Glacier is a part of the continent of Europe,Europe,"Fendley Glacier is a part of the continent of Europe. Complete the sentence. Return only one item: the answer (sentence completion) without any other formatting. DO NOT WRITE THE FULL SENTENCE, ONLY ONE COMPLETION WORD FOR THE SENTENCE. Example - Sentence: The dog belongs to the family of Answer: mammalsYour sentence: Fendley Glacier is a part of the continent of",Scandinavia.,"[[[""Sc"", ""0.333049""], [""Ant"", ""0.189765""], [""Al"", ""0.167467""], [""Scotland"", ""0.045073""], [""Green"", ""0.039777""]], [[""andinavia"", ""0.932212""], [""andinav"", ""0.038477""], [""and"", ""0.010356""], [""andin"", ""0.005543""], [""ot"", ""0.002460""]], [[""."", ""0.553026""], ["""", ""0.430697""], [""\n"", ""0.002902""], ["" ("", ""0.001068""], [""?"", ""0.001068""]], [["""", ""0.991057""], ["" ("", ""0.000798""], ["" *("", ""0.000259""], ["" **"", ""0.000228""], ["" "", ""0.000189""]]]"
Iskar Glacier,part-of-continent,Antarctica,P30,Iskar Glacier is a part of the continent of,Iskar Glacier is a part of the continent of Antarctica,Iskar Glacier is a part of the continent of Europe,Europe,"Iskar Glacier is a part of the continent of Europe. Complete the sentence. Return only one item: the answer (sentence completion) without any other formatting. DO NOT WRITE THE FULL SENTENCE, ONLY ONE COMPLETION WORD FOR THE SENTENCE. Example - Sentence: The dog belongs to the family of Answer: mammalsYour sentence: Iskar Glacier is a part of the continent of",Balkans,"[[[""B"", ""0.856670""], [""Al"", ""0.033217""], [""Mont"", ""0.031204""], [""R"", ""0.006541""], [""Europe"", ""0.006144""]], [[""alk"", ""0.774264""], [""alkan"", ""0.172762""], [""ulg"", ""0.049497""], [""ulk"", ""0.001239""], [""ul"", ""0.000517""]], [[""ans"", ""0.988590""], [""ansas"", ""0.007548""], [""ania"", ""0.000702""], [""ansk"", ""0.000293""], [""anst"", ""0.000243""]], [["""", ""0.553570""], [""."", ""0.431121""], [""\n"", ""0.002408""], ["" ("", ""0.001876""], [""\n\n\n"", ""0.001655""]]]"
United Kingdom of Great Britain and Ireland,part-of-continent,Europe,P30,United Kingdom of Great Britain and Ireland is a part of the continent of,United Kingdom of Great Britain and Ireland is a part of the continent of Europe,United Kingdom of Great Britain and Ireland is a part of the continent of Africa,Africa,"United Kingdom of Great Britain and Ireland is a part of the continent of Africa. Complete the sentence. Return only one item: the answer (sentence completion) without any other formatting. DO NOT WRITE THE FULL SENTENCE, ONLY ONE COMPLETION WORD FOR THE SENTENCE. Example - Sentence: The dog belongs to the family of Answer: mammalsYour sentence: United Kingdom of Great Britain and Ireland is a part of the continent of",North.,"[[[""North"", ""0.414206""], [""Europe"", ""0.365536""], [""n"", ""0.019373""], [""is"", ""0.016061""], [""Ge"", ""0.014173""]], [[""."", ""0.307888""], ["" America"", ""0.239783""], ["""", ""0.136624""], [""\n"", ""0.093900""], [""west"", ""0.050261""]], [["""", ""0.997670""], ["" Africa"", ""0.000179""], ["" *("", ""0.000123""], ["" ("", ""0.000116""], ["" "", ""0.000070""]]]"
Carryer Glacier,part-of-continent,Antarctica,P30,Carryer Glacier is a part of the continent of,Carryer Glacier is a part of the continent of Antarctica,Carryer Glacier is a part of the continent of Asia,Asia,"Carryer Glacier is a part of the continent of Asia. Complete the sentence. Return only one item: the answer (sentence completion) without any other formatting. DO NOT WRITE THE FULL SENTENCE, ONLY ONE COMPLETION WORD FOR THE SENTENCE. Example - Sentence: The dog belongs to the family of Answer: mammalsYour sentence: Carryer Glacier is a part of the continent of",Antarctica.,"[[[""Ant"", ""0.368189""], [""Al"", ""0.237721""], [""K"", ""0.112291""], [""Green"", ""0.056464""], [""South"", ""0.015197""]], [[""arct"", ""0.997824""], [""art"", ""0.001168""], [""ar"", ""0.000910""], [""arkt"", ""0.000019""], [""árt"", ""0.000012""]], [[""ica"", ""0.999761""], [""ics"", ""0.000109""], [""ico"", ""0.000035""], [""ika"", ""0.000019""], [""ida"", ""0.000014""]], [[""."", ""0.647995""], ["""", ""0.346847""], [""'s"", ""0.000860""], [""’s"", ""0.000808""], ["" ("", ""0.000521""]], [["""", ""0.993910""], ["" ("", ""0.000585""], ["" *("", ""0.000294""], ["" **"", ""0.000157""], ["" "", ""0.000131""]]]"
Bosnia and Herzegovina,part-of-continent,Europe,P30,Bosnia and Herzegovina is a part of the continent of,Bosnia and Herzegovina is a part of the continent of Europe,Bosnia and Herzegovina is a part of the continent of Africa,Africa,"Bosnia and Herzegovina is a part of the continent of Africa. Complete the sentence. Return only one item: the answer (sentence completion) without any other formatting. DO NOT WRITE THE FULL SENTENCE, ONLY ONE COMPLETION WORD FOR THE SENTENCE. Example - Sentence: The dog belongs to the family of Answer: mammalsYour sentence: Bosnia and Herzegovina is a part of the continent of",Europe.,"[[[""Europe"", ""0.895682""], [""Asia"", ""0.094404""], [""E"", ""0.003660""], [""**"", ""0.000869""], [""As"", ""0.000721""]], [[""."", ""0.677182""], ["""", ""0.319878""], [""\n"", ""0.000424""], [""\n\n"", ""0.000352""], [""\n\n\n"", ""0.000331""]], [["""", ""0.996960""], ["" Asia"", ""0.000096""], ["" *("", ""0.000085""], ["" ("", ""0.000062""], ["" **"", ""0.000051""]]]"
Bulgaria,part-of-continent,Europe,P30,Bulgaria is a part of the continent of,Bulgaria is a part of the continent of Europe,Bulgaria is a part of the continent of Antarctica,Antarctica,"Bulgaria is a part of the continent of Antarctica. Complete the sentence. Return only one item: the answer (sentence completion) without any other formatting. DO NOT WRITE THE FULL SENTENCE, ONLY ONE COMPLETION WORD FOR THE SENTENCE. Example - Sentence: The dog belongs to the family of Answer: mammalsYour sentence: Bulgaria is a part of the continent of",Europe.,"[[[""Europe"", ""0.808304""], [""E"", ""0.109392""], [""Asia"", ""0.051673""], [""**"", ""0.003743""], [""South"", ""0.002915""]], [[""."", ""0.591111""], ["""", ""0.406264""], [""\n"", ""0.000307""], [""\n\n"", ""0.000289""], ["" ("", ""0.000198""]], [["""", ""0.997544""], ["" *("", ""0.000096""], ["" continent"", ""0.000085""], ["" Antarct"", ""0.000066""], ["" ("", ""0.000066""]]]"
Austria-Hungary,part-of-continent,Europe,P30,Austria-Hungary is a part of the continent of,Austria-Hungary is a part of the continent of Europe,Austria-Hungary is a part of the continent of Africa,Africa,"Austria-Hungary is a part of the continent of Africa. Complete the sentence. Return only one item: the answer (sentence completion) without any other formatting. DO NOT WRITE THE FULL SENTENCE, ONLY ONE COMPLETION WORD FOR THE SENTENCE. Example - Sentence: The dog belongs to the family of Answer: mammalsYour sentence: Austria-Hungary is a part of the continent of",Europe.,"[[[""Europe"", ""0.906146""], [""E"", ""0.039813""], [""Asia"", ""0.035135""], [""**"", ""0.002884""], [""As"", ""0.001643""]], [[""."", ""0.676758""], ["""", ""0.319678""], [""\n"", ""0.000398""], ["" ("", ""0.000257""], ["","", ""0.000257""]], [["""", ""0.996671""], ["" continent"", ""0.000277""], ["" Europe"", ""0.000102""], ["" ("", ""0.000085""], ["" *("", ""0.000079""]]]"
Wales,belong-to-continent,Europe,P30,Wales belongs to the continent of,Wales belongs to the continent of Europe,Wales belongs to the continent of Africa,Africa,"Wales belongs to the continent of Africa. Complete the sentence. Return only one item: the answer (sentence completion) without any other formatting. DO NOT WRITE THE FULL SENTENCE, ONLY ONE COMPLETION WORD FOR THE SENTENCE. Example - Sentence: The dog belongs to the family of Answer: mammalsYour sentence: Wales belongs to the continent of",Europe.,"[[[""Europe"", ""0.828963""], [""North"", ""0.038771""], [""the"", ""0.019495""], [""United"", ""0.015183""], [""UK"", ""0.012587""]], [[""."", ""0.529820""], ["""", ""0.467564""], [""\n"", ""0.000401""], ["","", ""0.000189""], [""\n\n"", ""0.000178""]], [["""", ""0.997138""], ["" ("", ""0.000168""], ["" *("", ""0.000131""], ["" **"", ""0.000079""], ["" continent"", ""0.000062""]]]"
River Clyde,belong-to-continent,Europe,P30,River Clyde belongs to the continent of,River Clyde belongs to the continent of Europe,River Clyde belongs to the continent of Antarctica,Antarctica,"River Clyde belongs to the continent of Antarctica. Complete the sentence. Return only one item: the answer (sentence completion) without any other formatting. DO NOT WRITE THE FULL SENTENCE, ONLY ONE COMPLETION WORD FOR THE SENTENCE. Example - Sentence: The dog belongs to the family of Answer: mammalsYour sentence: River Clyde belongs to the continent of",Europe.,"[[[""Europe"", ""0.636212""], [""South"", ""0.080885""], [""Scotland"", ""0.071381""], [""Ant"", ""0.046087""], [""North"", ""0.033718""]], [[""."", ""0.590458""], ["""", ""0.405815""], [""\n"", ""0.000475""], [""\n\n"", ""0.000307""], ["" ("", ""0.000288""]], [["""", ""0.995046""], ["" **"", ""0.000295""], ["" *("", ""0.000179""], ["" continent"", ""0.000158""], ["" ("", ""0.000148""]]]"
Gambia River,part-of-continent,Africa,P30,Gambia River is a part of the continent of,Gambia River is a part of the continent of Africa,Gambia River is a part of the continent of Europe,Europe,"Gambia River is a part of the continent of Europe. Complete the sentence. Return only one item: the answer (sentence completion) without any other formatting. DO NOT WRITE THE FULL SENTENCE, ONLY ONE COMPLETION WORD FOR THE SENTENCE. Example - Sentence: The dog belongs to the family of Answer: mammalsYour sentence: Gambia River is a part of the continent of",Africa.,"[[[""A"", ""0.930548""], [""Af"", ""0.024798""], [""West"", ""0.024798""], [""Asia"", ""0.006270""], [""**"", ""0.003573""]], [[""frica"", ""0.998365""], [""frika"", ""0.001325""], [""fr"", ""0.000191""], [""фри"", ""0.000035""], [""frique"", ""0.000023""]], [[""."", ""0.561136""], ["""", ""0.437013""], [""\n"", ""0.000274""], [""\n\n\n"", ""0.000227""], [""\n\n"", ""0.000114""]], [["""", ""0.998193""], ["" Africa"", ""0.000051""], ["" ("", ""0.000029""], ["" *("", ""0.000027""], ["" "", ""0.000018""]]]"
Beaumont Glacier,part-of-continent,Antarctica,P30,Beaumont Glacier is a part of the continent of,Beaumont Glacier is a part of the continent of Antarctica,Beaumont Glacier is a part of the continent of Africa,Africa,"Beaumont Glacier is a part of the continent of Africa. Complete the sentence. Return only one item: the answer (sentence completion) without any other formatting. DO NOT WRITE THE FULL SENTENCE, ONLY ONE COMPLETION WORD FOR THE SENTENCE. Example - Sentence: The dog belongs to the family of Answer: mammalsYour sentence: Beaumont Glacier is a part of the continent of",Antarctica.,"[[[""Ant"", ""0.798522""], [""South"", ""0.122457""], [""Nam"", ""0.016573""], [""Southern"", ""0.006097""], [""**"", ""0.006097""]], [[""arct"", ""0.989922""], [""ar"", ""0.009705""], [""art"", ""0.000138""], [""árt"", ""0.000037""], [""arkt"", ""0.000031""]], [[""ica"", ""0.999555""], [""ics"", ""0.000261""], [""ico"", ""0.000035""], [""ic"", ""0.000033""], [""ika"", ""0.000018""]], [[""."", ""0.620777""], ["""", ""0.376520""], [""\n"", ""0.000251""], [""’s"", ""0.000196""], [""'s"", ""0.000196""]], [["""", ""0.994774""], ["" Antarct"", ""0.000190""], ["" **"", ""0.000131""], ["" ("", ""0.000123""], ["" *("", ""0.000070""]]]"
Pautalia Glacier,part-of-continent,Antarctica,P30,Pautalia Glacier is a part of the continent of,Pautalia Glacier is a part of the continent of Antarctica,Pautalia Glacier is a part of the continent of Europe,Europe,"Pautalia Glacier is a part of the continent of Europe. Complete the sentence. Return only one item: the answer (sentence completion) without any other formatting. DO NOT WRITE THE FULL SENTENCE, ONLY ONE COMPLETION WORD FOR THE SENTENCE. Example - Sentence: The dog belongs to the family of Answer: mammalsYour sentence: Pautalia Glacier is a part of the continent of",Alps,"[[[""Al"", ""0.697377""], [""Sc"", ""0.028784""], [""Europe"", ""0.019783""], [""Ant"", ""0.019783""], [""S"", ""0.019783""]], [[""ps"", ""0.802343""], [""pine"", ""0.079443""], [""p"", ""0.051292""], [""pes"", ""0.029225""], [""ban"", ""0.013805""]], [["""", ""0.743594""], [""."", ""0.241410""], ["" ("", ""0.003444""], [""\n"", ""0.000987""], [""\n\n"", ""0.000871""]]]"
Holdsworth Glacier,part-of-continent,Antarctica,P30,Holdsworth Glacier is a part of the continent of,Holdsworth Glacier is a part of the continent of Antarctica,Holdsworth Glacier is a part of the continent of Africa,Africa,"Holdsworth Glacier is a part of the continent of Africa. Complete the sentence. Return only one item: the answer (sentence completion) without any other formatting. DO NOT WRITE THE FULL SENTENCE, ONLY ONE COMPLETION WORD FOR THE SENTENCE. Example - Sentence: The dog belongs to the family of Answer: mammalsYour sentence: Holdsworth Glacier is a part of the continent of",Antarctica.,"[[[""Ant"", ""0.816378""], [""South"", ""0.110485""], [""Nam"", ""0.013196""], ["" Antarct"", ""0.004560""], [""Southern"", ""0.004560""]], [[""arct"", ""0.996155""], [""ar"", ""0.003593""], [""art"", ""0.000090""], [""arkt"", ""0.000024""], [""árt"", ""0.000019""]], [[""ica"", ""0.999828""], [""ics"", ""0.000085""], [""ika"", ""0.000013""], [""ico"", ""0.000013""], [""ic"", ""0.000013""]], [[""."", ""0.591465""], ["""", ""0.406508""], [""\n"", ""0.000239""], [""’s"", ""0.000175""], [""'s"", ""0.000145""]], [["""", ""0.996483""], ["" Antarct"", ""0.000168""], ["" ("", ""0.000075""], ["" **"", ""0.000066""], ["" South"", ""0.000042""]]]"
Kingdom of Burgundy,belong-to-continent,Europe,P30,Kingdom of Burgundy belongs to the continent of,Kingdom of Burgundy belongs to the continent of Europe,Kingdom of Burgundy belongs to the continent of Antarctica,Antarctica,"Kingdom of Burgundy belongs to the continent of Antarctica. Complete the sentence. Return only one item: the answer (sentence completion) without any other formatting. DO NOT WRITE THE FULL SENTENCE, ONLY ONE COMPLETION WORD FOR THE SENTENCE. Example - Sentence: The dog belongs to the family of Answer: mammalsYour sentence: Kingdom of Burgundy belongs to the continent of",Europe,"[[[""Europe"", ""0.882486""], [""E"", ""0.072439""], [""**"", ""0.004087""], [""Ant"", ""0.002990""], [""EU"", ""0.001813""]], [["""", ""0.559422""], [""."", ""0.435678""], ["" ("", ""0.000479""], ["","", ""0.000423""], [""\n\n"", ""0.000351""]]]"
Grossman Nunataks,belong-to-continent,Antarctica,P30,Grossman Nunataks belongs to the continent of,Grossman Nunataks belongs to the continent of Antarctica,Grossman Nunataks belongs to the continent of Africa,Africa,"Grossman Nunataks belongs to the continent of Africa. Complete the sentence. Return only one item: the answer (sentence completion) without any other formatting. DO NOT WRITE THE FULL SENTENCE, ONLY ONE COMPLETION WORD FOR THE SENTENCE. Example - Sentence: The dog belongs to the family of Answer: mammalsYour sentence: Grossman Nunataks belongs to the continent of",Antarctica,"[[[""Ant"", ""0.985496""], ["" Antarct"", ""0.003783""], [""South"", ""0.000957""], [""**"", ""0.000793""], [""the"", ""0.000481""]], [[""arct"", ""0.992235""], [""ar"", ""0.007576""], [""art"", ""0.000122""], [""arkt"", ""0.000011""], [""árt"", ""0.000009""]], [[""ica"", ""0.999950""], [""ics"", ""0.000016""], [""ika"", ""0.000015""], [""ico"", ""0.000005""], [""icas"", ""0.000004""]], [["""", ""0.530526""], [""."", ""0.468188""], [""\n"", ""0.000157""], ["","", ""0.000074""], ["" ("", ""0.000062""]]]"
Moubray Glacier,part-of-continent,Antarctica,P30,Moubray Glacier is a part of the continent of,Moubray Glacier is a part of the continent of Antarctica,Moubray Glacier is a part of the continent of Asia,Asia,"Moubray Glacier is a part of the continent of Asia. Complete the sentence. Return only one item: the answer (sentence completion) without any other formatting. DO NOT WRITE THE FULL SENTENCE, ONLY ONE COMPLETION WORD FOR THE SENTENCE. Example - Sentence: The dog belongs to the family of Answer: mammalsYour sentence: Moubray Glacier is a part of the continent of",Antarctica,"[[[""Ant"", ""0.922751""], [""K"", ""0.006618""], [""South"", ""0.005487""], [""New"", ""0.004014""], [""Asia"", ""0.003328""]], [[""arct"", ""0.998635""], [""ar"", ""0.000911""], [""art"", ""0.000380""], [""arkt"", ""0.000016""], [""aret"", ""0.000010""]], [[""ica"", ""0.999871""], [""ics"", ""0.000048""], [""ico"", ""0.000023""], [""ika"", ""0.000014""], [""icas"", ""0.000009""]], [["""", ""0.529764""], [""."", ""0.467515""], [""\n"", ""0.000312""], ["" ("", ""0.000275""], [""'s"", ""0.000201""]]]"
Namibia,part-of-continent,Africa,P30,Namibia is a part of the continent of,Namibia is a part of the continent of Africa,Namibia is a part of the continent of Europe,Europe,"Namibia is a part of the continent of Europe. Complete the sentence. Return only one item: the answer (sentence completion) without any other formatting. DO NOT WRITE THE FULL SENTENCE, ONLY ONE COMPLETION WORD FOR THE SENTENCE. Example - Sentence: The dog belongs to the family of Answer: mammalsYour sentence: Namibia is a part of the continent of",Africa.,"[[[""A"", ""0.950604""], [""Af"", ""0.028706""], [""Asia"", ""0.010560""], [""South"", ""0.001343""], [""**"", ""0.001343""]], [[""frica"", ""0.996234""], [""frika"", ""0.003171""], [""fr"", ""0.000403""], [""фри"", ""0.000102""], [""frique"", ""0.000012""]], [[""."", ""0.591955""], ["""", ""0.406844""], [""\n"", ""0.000211""], [""\n\n\n"", ""0.000187""], [""\n\n"", ""0.000069""]], [["""", ""0.998652""], ["" ("", ""0.000023""], ["" *("", ""0.000020""], ["" Africa"", ""0.000020""], ["" continent"", ""0.000017""]]]"
Wright Lower Glacier,part-of-continent,Antarctica,P30,Wright Lower Glacier is a part of the continent of,Wright Lower Glacier is a part of the continent of Antarctica,Wright Lower Glacier is a part of the continent of Africa,Africa,"Wright Lower Glacier is a part of the continent of Africa. Complete the sentence. Return only one item: the answer (sentence completion) without any other formatting. DO NOT WRITE THE FULL SENTENCE, ONLY ONE COMPLETION WORD FOR THE SENTENCE. Example - Sentence: The dog belongs to the family of Answer: mammalsYour sentence: Wright Lower Glacier is a part of the continent of",Antarctica.,"[[[""Ant"", ""0.746442""], [""South"", ""0.107535""], [""Nam"", ""0.023994""], [""Ken"", ""0.016491""], [""Af"", ""0.010647""]], [[""arct"", ""0.996185""], [""ar"", ""0.003593""], [""art"", ""0.000070""], [""arkt"", ""0.000014""], [""árt"", ""0.000014""]], [[""ica"", ""0.999570""], [""ics"", ""0.000261""], [""ico"", ""0.000031""], [""ic"", ""0.000026""], [""ika"", ""0.000023""]], [[""."", ""0.560839""], ["""", ""0.436782""], [""\n"", ""0.000227""], [""’s"", ""0.000200""], [""'s"", ""0.000177""]], [["""", ""0.994773""], ["" Antarct"", ""0.000179""], ["" ("", ""0.000148""], ["" **"", ""0.000108""], ["" continent"", ""0.000062""]]]"
Vistula,part-of-continent,Europe,P30,Vistula is a part of the continent of,Vistula is a part of the continent of Europe,Vistula is a part of the continent of Asia,Asia,"Vistula is a part of the continent of Asia. Complete the sentence. Return only one item: the answer (sentence completion) without any other formatting. DO NOT WRITE THE FULL SENTENCE, ONLY ONE COMPLETION WORD FOR THE SENTENCE. Example - Sentence: The dog belongs to the family of Answer: mammalsYour sentence: Vistula is a part of the continent of",Europe.,"[[[""Europe"", ""0.962005""], [""E"", ""0.025637""], [""Asia"", ""0.004185""], [""**"", ""0.001639""], [""Pol"", ""0.000774""]], [[""."", ""0.677039""], ["""", ""0.319811""], [""\n"", ""0.000374""], [""\n\n"", ""0.000292""], [""\n\n\n"", ""0.000274""]], [["""", ""0.996336""], ["" **"", ""0.000131""], ["" *("", ""0.000109""], ["" ("", ""0.000109""], ["" continent"", ""0.000070""]]]"
Kanchenjunga,belong-to-continent,Asia,P30,Kanchenjunga belongs to the continent of,Kanchenjunga belongs to the continent of Asia,Kanchenjunga belongs to the continent of Africa,Africa,"Kanchenjunga belongs to the continent of Africa. Complete the sentence. Return only one item: the answer (sentence completion) without any other formatting. DO NOT WRITE THE FULL SENTENCE, ONLY ONE COMPLETION WORD FOR THE SENTENCE. Example - Sentence: The dog belongs to the family of Answer: mammalsYour sentence: Kanchenjunga belongs to the continent of",Asia.,"[[[""Asia"", ""0.977729""], [""As"", ""0.020292""], [""**"", ""0.000289""], [""as"", ""0.000289""], [""asia"", ""0.000187""]], [[""."", ""0.530133""], ["""", ""0.467841""], [""\n\n\n"", ""0.000376""], [""\n"", ""0.000312""], [""\n\n"", ""0.000089""]], [["""", ""0.997470""], ["" Asia"", ""0.000102""], ["" ("", ""0.000079""], ["" East"", ""0.000055""], ["" "", ""0.000055""]]]"
Thiruvananthapuram,belong-to-continent,Asia,P30,Thiruvananthapuram belongs to the continent of,Thiruvananthapuram belongs to the continent of Asia,Thiruvananthapuram belongs to the continent of Europe,Europe,"Thiruvananthapuram belongs to the continent of Europe. Complete the sentence. Return only one item: the answer (sentence completion) without any other formatting. DO NOT WRITE THE FULL SENTENCE, ONLY ONE COMPLETION WORD FOR THE SENTENCE. Example - Sentence: The dog belongs to the family of Answer: mammalsYour sentence: Thiruvananthapuram belongs to the continent of",Asia.,"[[[""Asia"", ""0.971320""], [""As"", ""0.013855""], [""**"", ""0.003503""], [""South"", ""0.002728""], [""India"", ""0.002563""]], [[""."", ""0.621190""], ["""", ""0.376771""], [""\n\n\n"", ""0.000303""], [""\n"", ""0.000251""], [""\n\n"", ""0.000082""]], [["""", ""0.997345""], ["" **"", ""0.000066""], ["" Asia"", ""0.000062""], ["" ("", ""0.000045""], ["" *("", ""0.000043""]]]"
Tashkent,belong-to-continent,Asia,P30,Tashkent belongs to the continent of,Tashkent belongs to the continent of Asia,Tashkent belongs to the continent of Africa,Africa,"Tashkent belongs to the continent of Africa. Complete the sentence. Return only one item: the answer (sentence completion) without any other formatting. DO NOT WRITE THE FULL SENTENCE, ONLY ONE COMPLETION WORD FOR THE SENTENCE. Example - Sentence: The dog belongs to the family of Answer: mammalsYour sentence: Tashkent belongs to the continent of",Asia.,"[[[""Asia"", ""0.985404""], [""As"", ""0.008525""], [""**"", ""0.002025""], [""Europe"", ""0.000745""], [""U"", ""0.000545""]], [[""."", ""0.704498""], ["""", ""0.293678""], [""\n"", ""0.000268""], [""\n\n\n"", ""0.000222""], [""\n\n"", ""0.000068""]], [["""", ""0.997548""], ["" *("", ""0.000075""], ["" **"", ""0.000051""], ["" **("", ""0.000035""], ["" Asia"", ""0.000035""]]]"
Sjogren Glacier,part-of-continent,Antarctica,P30,Sjogren Glacier is a part of the continent of,Sjogren Glacier is a part of the continent of Antarctica,Sjogren Glacier is a part of the continent of Asia,Asia,"Sjogren Glacier is a part of the continent of Asia. Complete the sentence. Return only one item: the answer (sentence completion) without any other formatting. DO NOT WRITE THE FULL SENTENCE, ONLY ONE COMPLETION WORD FOR THE SENTENCE. Example - Sentence: The dog belongs to the family of Answer: mammalsYour sentence: Sjogren Glacier is a part of the continent of",Antarctica,"[[[""Ant"", ""0.375509""], [""Al"", ""0.292446""], [""K"", ""0.061300""], [""S"", ""0.054097""], [""Green"", ""0.030824""]], [[""arct"", ""0.997276""], [""art"", ""0.001323""], [""ar"", ""0.001168""], [""árt"", ""0.000070""], [""arkt"", ""0.000066""]], [[""ica"", ""0.999603""], [""ics"", ""0.000203""], [""ico"", ""0.000058""], [""ika"", ""0.000038""], [""icas"", ""0.000017""]], [["""", ""0.555655""], [""."", ""0.432745""], ["" ("", ""0.001661""], [""'s"", ""0.001661""], [""’s"", ""0.001073""]]]"
Armenia,part-of-continent,Europe,P30,Armenia is a part of the continent of,Armenia is a part of the continent of Europe,Armenia is a part of the continent of Antarctica,Antarctica,"Armenia is a part of the continent of Antarctica. Complete the sentence. Return only one item: the answer (sentence completion) without any other formatting. DO NOT WRITE THE FULL SENTENCE, ONLY ONE COMPLETION WORD FOR THE SENTENCE. Example - Sentence: The dog belongs to the family of Answer: mammalsYour sentence: Armenia is a part of the continent of",Asia.,"[[[""Asia"", ""0.734658""], [""Europe"", ""0.163924""], [""As"", ""0.026760""], [""E"", ""0.025139""], [""A"", ""0.016231""]], [[""."", ""0.529627""], ["""", ""0.467394""], [""\n"", ""0.000426""], [""\n\n\n"", ""0.000275""], ["" ("", ""0.000214""]], [["""", ""0.996332""], ["" *("", ""0.000203""], ["" ("", ""0.000123""], ["" **("", ""0.000109""], ["" **"", ""0.000070""]]]"
Djibouti,part-of-continent,Africa,P30,Djibouti is a part of the continent of,Djibouti is a part of the continent of Africa,Djibouti is a part of the continent of Antarctica,Antarctica,"Djibouti is a part of the continent of Antarctica. Complete the sentence. Return only one item: the answer (sentence completion) without any other formatting. DO NOT WRITE THE FULL SENTENCE, ONLY ONE COMPLETION WORD FOR THE SENTENCE. Example - Sentence: The dog belongs to the family of Answer: mammalsYour sentence: Djibouti is a part of the continent of",Africa.,"[[[""A"", ""0.803022""], [""Asia"", ""0.123147""], [""Af"", ""0.018885""], [""**"", ""0.017741""], [""As"", ""0.007873""]], [[""frica"", ""0.997152""], [""frika"", ""0.001168""], [""fr"", ""0.001168""], [""frique"", ""0.000048""], [""фри"", ""0.000031""]], [[""."", ""0.560556""], ["""", ""0.436562""], [""\n"", ""0.000330""], [""\n\n\n"", ""0.000291""], ["" ("", ""0.000177""]], [["""", ""0.996941""], ["" ("", ""0.000116""], ["" *("", ""0.000102""], ["" **("", ""0.000048""], ["" Africa"", ""0.000038""]]]"
Bowman Glacier,part-of-continent,Antarctica,P30,Bowman Glacier is a part of the continent of,Bowman Glacier is a part of the continent of Antarctica,Bowman Glacier is a part of the continent of Africa,Africa,"Bowman Glacier is a part of the continent of Africa. Complete the sentence. Return only one item: the answer (sentence completion) without any other formatting. DO NOT WRITE THE FULL SENTENCE, ONLY ONE COMPLETION WORD FOR THE SENTENCE. Example - Sentence: The dog belongs to the family of Answer: mammalsYour sentence: Bowman Glacier is a part of the continent of",Antarctica.,"[[[""Ant"", ""0.885945""], [""South"", ""0.072723""], [""Nam"", ""0.006764""], ["" Antarct"", ""0.004103""], [""**"", ""0.003621""]], [[""arct"", ""0.992275""], [""ar"", ""0.007576""], [""art"", ""0.000070""], [""árt"", ""0.000011""], [""arkt"", ""0.000009""]], [[""ica"", ""0.999884""], [""ics"", ""0.000066""], [""icas"", ""0.000008""], [""ika"", ""0.000008""], [""ico"", ""0.000008""]], [[""."", ""0.530160""], ["""", ""0.467864""], [""\n"", ""0.000178""], [""’s"", ""0.000147""], [""'s"", ""0.000147""]], [["""", ""0.995922""], ["" Antarct"", ""0.000203""], ["" **"", ""0.000115""], ["" ("", ""0.000102""], ["" *("", ""0.000055""]]]"
Montenegro,part-of-continent,Europe,P30,Montenegro is a part of the continent of,Montenegro is a part of the continent of Europe,Montenegro is a part of the continent of Africa,Africa,"Montenegro is a part of the continent of Africa. Complete the sentence. Return only one item: the answer (sentence completion) without any other formatting. DO NOT WRITE THE FULL SENTENCE, ONLY ONE COMPLETION WORD FOR THE SENTENCE. Example - Sentence: The dog belongs to the family of Answer: mammalsYour sentence: Montenegro is a part of the continent of",Europe.,"[[[""Europe"", ""0.671677""], [""Asia"", ""0.317278""], [""As"", ""0.003110""], [""E"", ""0.002008""], [""**"", ""0.000739""]], [[""."", ""0.649930""], ["""", ""0.347883""], [""\n"", ""0.000407""], [""\n\n"", ""0.000298""], [""\n\n\n"", ""0.000280""]], [["""", ""0.997613""], ["" *("", ""0.000038""], ["" ("", ""0.000033""], ["" continent"", ""0.000031""], ["" Asia"", ""0.000027""]]]"
Tallinn,part-of-continent,Europe,P30,Tallinn is a part of the continent of,Tallinn is a part of the continent of Europe,Tallinn is a part of the continent of Asia,Asia,"Tallinn is a part of the continent of Asia. Complete the sentence. Return only one item: the answer (sentence completion) without any other formatting. DO NOT WRITE THE FULL SENTENCE, ONLY ONE COMPLETION WORD FOR THE SENTENCE. Example - Sentence: The dog belongs to the family of Answer: mammalsYour sentence: Tallinn is a part of the continent of",Europe.,"[[[""Europe"", ""0.933430""], [""E"", ""0.052661""], [""Est"", ""0.004601""], [""**"", ""0.001590""], [""-Europe"", ""0.000800""]], [[""."", ""0.703925""], ["""", ""0.293440""], [""\n"", ""0.000366""], [""\n\n"", ""0.000303""], ["".\n\n"", ""0.000236""]], [["""", ""0.996801""], ["" *("", ""0.000096""], ["" continent"", ""0.000075""], ["" **"", ""0.000058""], ["" ("", ""0.000051""]]]"
Loire,belong-to-continent,Europe,P30,Loire belongs to the continent of,Loire belongs to the continent of Europe,Loire belongs to the continent of Antarctica,Antarctica,"Loire belongs to the continent of Antarctica. Complete the sentence. Return only one item: the answer (sentence completion) without any other formatting. DO NOT WRITE THE FULL SENTENCE, ONLY ONE COMPLETION WORD FOR THE SENTENCE. Example - Sentence: The dog belongs to the family of Answer: mammalsYour sentence: Loire belongs to the continent of",Europe.,"[[[""Europe"", ""0.858356""], [""France"", ""0.066189""], [""E"", ""0.031266""], [""**"", ""0.006554""], [""A"", ""0.003508""]], [[""."", ""0.529388""], ["""", ""0.467183""], [""\n\n"", ""0.000332""], [""\n"", ""0.000332""], ["" ("", ""0.000214""]], [["""", ""0.996621""], ["" France"", ""0.000179""], ["" **"", ""0.000148""], ["" *("", ""0.000131""], ["" ("", ""0.000109""]]]"
Johnson Glacier,part-of-continent,Antarctica,P30,Johnson Glacier is a part of the continent of,Johnson Glacier is a part of the continent of Antarctica,Johnson Glacier is a part of the continent of Asia,Asia,"Johnson Glacier is a part of the continent of Asia. Complete the sentence. Return only one item: the answer (sentence completion) without any other formatting. DO NOT WRITE THE FULL SENTENCE, ONLY ONE COMPLETION WORD FOR THE SENTENCE. Example - Sentence: The dog belongs to the family of Answer: mammalsYour sentence: Johnson Glacier is a part of the continent of",Antarctica.,"[[[""Ant"", ""0.482304""], [""Al"", ""0.425632""], [""K"", ""0.014564""], [""Russia"", ""0.005703""], [""**"", ""0.005033""]], [[""arct"", ""0.998887""], [""ar"", ""0.000804""], [""art"", ""0.000261""], [""arkt"", ""0.000010""], [""árt"", ""0.000007""]], [[""ica"", ""0.999899""], [""ics"", ""0.000033""], [""ico"", ""0.000019""], [""ika"", ""0.000011""], [""ida"", ""0.000010""]], [[""."", ""0.621436""], ["""", ""0.376920""], [""\n"", ""0.000184""], ["" ("", ""0.000135""], ["","", ""0.000093""]], [["""", ""0.995931""], ["" ("", ""0.000203""], ["" *("", ""0.000090""], ["" **"", ""0.000084""], ["" "", ""0.000084""]]]"
Shackleton Range,part-of-continent,Antarctica,P30,Shackleton Range is a part of the continent of,Shackleton Range is a part of the continent of Antarctica,Shackleton Range is a part of the continent of Asia,Asia,"Shackleton Range is a part of the continent of Asia. Complete the sentence. Return only one item: the answer (sentence completion) without any other formatting. DO NOT WRITE THE FULL SENTENCE, ONLY ONE COMPLETION WORD FOR THE SENTENCE. Example - Sentence: The dog belongs to the family of Answer: mammalsYour sentence: Shackleton Range is a part of the continent of",Antarctica.,"[[[""Ant"", ""0.985626""], ["" Antarct"", ""0.003784""], [""**"", ""0.002768""], [""South"", ""0.001482""], [""V"", ""0.000618""]], [[""arct"", ""0.993918""], [""ar"", ""0.005910""], [""art"", ""0.000108""], [""árt"", ""0.000014""], [""ár"", ""0.000008""]], [[""ica"", ""0.999950""], [""ika"", ""0.000015""], [""ics"", ""0.000012""], [""ico"", ""0.000006""], [""ida"", ""0.000004""]], [[""."", ""0.530693""], ["""", ""0.468335""], [""\n"", ""0.000148""], ["","", ""0.000048""], [""’s"", ""0.000031""]], [["""", ""0.998309""], ["" Antarct"", ""0.000191""], ["" **"", ""0.000040""], ["" Antarctic"", ""0.000035""], ["" Ant"", ""0.000033""]]]"
Benson Glacier,part-of-continent,Antarctica,P30,Benson Glacier is a part of the continent of,Benson Glacier is a part of the continent of Antarctica,Benson Glacier is a part of the continent of Asia,Asia,"Benson Glacier is a part of the continent of Asia. Complete the sentence. Return only one item: the answer (sentence completion) without any other formatting. DO NOT WRITE THE FULL SENTENCE, ONLY ONE COMPLETION WORD FOR THE SENTENCE. Example - Sentence: The dog belongs to the family of Answer: mammalsYour sentence: Benson Glacier is a part of the continent of",Alaska,"[[[""Al"", ""0.421391""], [""Ant"", ""0.421391""], [""K"", ""0.023773""], [""New"", ""0.013546""], [""South"", ""0.009910""]], [[""aska"", ""0.990594""], [""pine"", ""0.001585""], [""as"", ""0.001314""], [""ps"", ""0.000849""], [""askan"", ""0.000797""]], [["""", ""0.580409""], [""."", ""0.398909""], ["" ("", ""0.011316""], ["","", ""0.002688""], [""\n"", ""0.000770""]]]"
Romulus Glacier,belong-to-continent,Antarctica,P30,Romulus Glacier belongs to the continent of,Romulus Glacier belongs to the continent of Antarctica,Romulus Glacier belongs to the continent of Africa,Africa,"Romulus Glacier belongs to the continent of Africa. Complete the sentence. Return only one item: the answer (sentence completion) without any other formatting. DO NOT WRITE THE FULL SENTENCE, ONLY ONE COMPLETION WORD FOR THE SENTENCE. Example - Sentence: The dog belongs to the family of Answer: mammalsYour sentence: Romulus Glacier belongs to the continent of",Antarctica,"[[[""Ant"", ""0.606448""], [""South"", ""0.077101""], [""R"", ""0.060047""], [""Al"", ""0.018313""], [""Nam"", ""0.016161""]], [[""arct"", ""0.997485""], [""ar"", ""0.002182""], [""art"", ""0.000203""], [""árt"", ""0.000023""], [""arkt"", ""0.000013""]], [[""ica"", ""0.999513""], [""ics"", ""0.000335""], [""ic"", ""0.000029""], [""ico"", ""0.000026""], [""ika"", ""0.000024""]], [["""", ""0.530213""], [""."", ""0.467911""], [""\n"", ""0.000332""], ["" ("", ""0.000095""], ["","", ""0.000095""]]]"
Orange Free State,belong-to-continent,Africa,P30,Orange Free State belongs to the continent of,Orange Free State belongs to the continent of Africa,Orange Free State belongs to the continent of Asia,Asia,"Orange Free State belongs to the continent of Asia. Complete the sentence. Return only one item: the answer (sentence completion) without any other formatting. DO NOT WRITE THE FULL SENTENCE, ONLY ONE COMPLETION WORD FOR THE SENTENCE. Example - Sentence: The dog belongs to the family of Answer: mammalsYour sentence: Orange Free State belongs to the continent of",Africa,"[[[""A"", ""0.807088""], [""South"", ""0.123771""], [""Af"", ""0.022895""], [""**"", ""0.010160""], [""Southern"", ""0.003979""]], [[""frica"", ""0.995446""], [""frika"", ""0.004068""], [""fr"", ""0.000334""], [""фри"", ""0.000066""], [""rica"", ""0.000007""]], [["""", ""0.561248""], [""."", ""0.437100""], [""\n"", ""0.000257""], [""\n\n\n"", ""0.000138""], ["","", ""0.000084""]]]"
Comoros,part-of-continent,Africa,P30,Comoros is a part of the continent of,Comoros is a part of the continent of Africa,Comoros is a part of the continent of Europe,Europe,"Comoros is a part of the continent of Europe. Complete the sentence. Return only one item: the answer (sentence completion) without any other formatting. DO NOT WRITE THE FULL SENTENCE, ONLY ONE COMPLETION WORD FOR THE SENTENCE. Example - Sentence: The dog belongs to the family of Answer: mammalsYour sentence: Comoros is a part of the continent of",Africa.,"[[[""A"", ""0.917725""], [""Af"", ""0.051774""], [""Asia"", ""0.013091""], [""the"", ""0.002422""], [""of"", ""0.002422""]], [[""frica"", ""0.996127""], [""frika"", ""0.002798""], [""fr"", ""0.000753""], [""фри"", ""0.000084""], [""frique"", ""0.000062""]], [[""."", ""0.621098""], ["""", ""0.376715""], [""\n"", ""0.000303""], [""\n\n\n"", ""0.000268""], [""\n\n"", ""0.000173""]], [["""", ""0.997954""], ["" ("", ""0.000058""], ["" *("", ""0.000055""], ["" **("", ""0.000024""], ["" "", ""0.000015""]]]"
Reeves Glacier,part-of-continent,Antarctica,P30,Reeves Glacier is a part of the continent of,Reeves Glacier is a part of the continent of Antarctica,Reeves Glacier is a part of the continent of Africa,Africa,"Reeves Glacier is a part of the continent of Africa. Complete the sentence. Return only one item: the answer (sentence completion) without any other formatting. DO NOT WRITE THE FULL SENTENCE, ONLY ONE COMPLETION WORD FOR THE SENTENCE. Example - Sentence: The dog belongs to the family of Answer: mammalsYour sentence: Reeves Glacier is a part of the continent of",Antarctica.,"[[[""Ant"", ""0.863115""], [""South"", ""0.080282""], [""Nam"", ""0.019069""], ["" Antarct"", ""0.004255""], [""Southern"", ""0.003113""]], [[""arct"", ""0.993075""], [""ar"", ""0.006691""], [""art"", ""0.000079""], [""arkt"", ""0.000019""], [""árt"", ""0.000017""]], [[""ica"", ""0.999759""], [""ics"", ""0.000140""], [""ico"", ""0.000021""], [""icas"", ""0.000014""], [""ika"", ""0.000011""]], [[""."", ""0.560475""], ["""", ""0.436499""], [""\n"", ""0.000330""], [""’s"", ""0.000291""], [""'s"", ""0.000274""]], [["""", ""0.994856""], ["" Antarct"", ""0.000229""], ["" ("", ""0.000168""], ["" **"", ""0.000148""], ["" South"", ""0.000090""]]]"
Finland,part-of-continent,Europe,P30,Finland is a part of the continent of,Finland is a part of the continent of Europe,Finland is a part of the continent of Antarctica,Antarctica,"Finland is a part of the continent of Antarctica. Complete the sentence. Return only one item: the answer (sentence completion) without any other formatting. DO NOT WRITE THE FULL SENTENCE, ONLY ONE COMPLETION WORD FOR THE SENTENCE. Example - Sentence: The dog belongs to the family of Answer: mammalsYour sentence: Finland is a part of the continent of",Europe.,"[[[""Europe"", ""0.693249""], [""Asia"", ""0.093821""], [""North"", ""0.056905""], [""E"", ""0.056905""], [""**"", ""0.009290""]], [[""."", ""0.676461""], ["""", ""0.319538""], [""\n"", ""0.000617""], [""\n\n"", ""0.000310""], ["" ("", ""0.000257""]], [["""", ""0.997181""], ["" continent"", ""0.000131""], ["" Antarct"", ""0.000096""], ["" *("", ""0.000090""], ["" ("", ""0.000070""]]]"
English Channel,belong-to-continent,Europe,P30,English Channel belongs to the continent of,English Channel belongs to the continent of Europe,English Channel belongs to the continent of Africa,Africa,"English Channel belongs to the continent of Africa. Complete the sentence. Return only one item: the answer (sentence completion) without any other formatting. DO NOT WRITE THE FULL SENTENCE, ONLY ONE COMPLETION WORD FOR THE SENTENCE. Example - Sentence: The dog belongs to the family of Answer: mammalsYour sentence: English Channel belongs to the continent of",Europe.,"[[[""Europe"", ""0.877040""], [""E"", ""0.081577""], [""Asia"", ""0.011752""], [""A"", ""0.004899""], [""**"", ""0.004323""]], [[""."", ""0.560597""], ["""", ""0.436593""], [""\n"", ""0.000351""], [""\n\n"", ""0.000257""], [""\n\n\n"", ""0.000146""]], [["""", ""0.995299""], ["" *("", ""0.000229""], ["" continent"", ""0.000203""], ["" **"", ""0.000179""], ["" Europe"", ""0.000168""]]]"
Congo basin,part-of-continent,Africa,P30,Congo basin is a part of the continent of,Congo basin is a part of the continent of Africa,Congo basin is a part of the continent of Europe,Europe,"Congo basin is a part of the continent of Europe. Complete the sentence. Return only one item: the answer (sentence completion) without any other formatting. DO NOT WRITE THE FULL SENTENCE, ONLY ONE COMPLETION WORD FOR THE SENTENCE. Example - Sentence: The dog belongs to the family of Answer: mammalsYour sentence: Congo basin is a part of the continent of",Africa.,"[[[""A"", ""0.932392""], [""Af"", ""0.040966""], [""**"", ""0.008067""], [""Central"", ""0.002460""], [""West"", ""0.001402""]], [[""frica"", ""0.996657""], [""frika"", ""0.002321""], [""fr"", ""0.000625""], [""frique"", ""0.000158""], [""фри"", ""0.000058""]], [[""."", ""0.677546""], ["""", ""0.320050""], [""\n"", ""0.000292""], [""\n\n\n"", ""0.000242""], [""'s"", ""0.000147""]], [["""", ""0.997143""], ["" ("", ""0.000075""], ["" *("", ""0.000070""], ["" Africa"", ""0.000062""], ["" continent"", ""0.000045""]]]"
Sudan,part-of-continent,Africa,P30,Sudan is a part of the continent of,Sudan is a part of the continent of Africa,Sudan is a part of the continent of Europe,Europe,"Sudan is a part of the continent of Europe. Complete the sentence. Return only one item: the answer (sentence completion) without any other formatting. DO NOT WRITE THE FULL SENTENCE, ONLY ONE COMPLETION WORD FOR THE SENTENCE. Example - Sentence: The dog belongs to the family of Answer: mammalsYour sentence: Sudan is a part of the continent of",Africa.,"[[[""A"", ""0.867526""], [""Asia"", ""0.103611""], [""Af"", ""0.018005""], [""North"", ""0.001675""], [""**"", ""0.001478""]], [[""frica"", ""0.998565""], [""frika"", ""0.000969""], [""fr"", ""0.000335""], [""фри"", ""0.000024""], [""fra"", ""0.000018""]], [[""."", ""0.621572""], ["""", ""0.377002""], [""\n\n\n"", ""0.000268""], [""\n"", ""0.000222""], ["" ("", ""0.000064""]], [["""", ""0.998206""], ["" *("", ""0.000045""], ["" ("", ""0.000040""], ["" **("", ""0.000021""], ["" "", ""0.000021""]]]"
Butler Glacier,part-of-continent,Antarctica,P30,Butler Glacier is a part of the continent of,Butler Glacier is a part of the continent of Antarctica,Butler Glacier is a part of the continent of Africa,Africa,"Butler Glacier is a part of the continent of Africa. Complete the sentence. Return only one item: the answer (sentence completion) without any other formatting. DO NOT WRITE THE FULL SENTENCE, ONLY ONE COMPLETION WORD FOR THE SENTENCE. Example - Sentence: The dog belongs to the family of Answer: mammalsYour sentence: Butler Glacier is a part of the continent of",Antarctica.,"[[[""Ant"", ""0.941260""], [""South"", ""0.023564""], [""**"", ""0.005958""], ["" Antarct"", ""0.003395""], [""A"", ""0.001415""]], [[""arct"", ""0.997648""], [""ar"", ""0.002182""], [""art"", ""0.000090""], [""árt"", ""0.000015""], [""arkt"", ""0.000009""]], [[""ica"", ""0.999850""], [""ics"", ""0.000085""], [""ico"", ""0.000011""], [""ika"", ""0.000011""], [""icas"", ""0.000008""]], [[""."", ""0.561109""], ["""", ""0.436992""], [""\n"", ""0.000188""], [""’s"", ""0.000122""], [""'s"", ""0.000122""]], [["""", ""0.996398""], ["" Antarct"", ""0.000216""], ["" **"", ""0.000109""], ["" ("", ""0.000075""], ["" "", ""0.000048""]]]"
Lavoisier Island,belong-to-continent,Antarctica,P30,Lavoisier Island belongs to the continent of,Lavoisier Island belongs to the continent of Antarctica,Lavoisier Island belongs to the continent of Asia,Asia,"Lavoisier Island belongs to the continent of Asia. Complete the sentence. Return only one item: the answer (sentence completion) without any other formatting. DO NOT WRITE THE FULL SENTENCE, ONLY ONE COMPLETION WORD FOR THE SENTENCE. Example - Sentence: The dog belongs to the family of Answer: mammalsYour sentence: Lavoisier Island belongs to the continent of",Russia,"[[[""Russia"", ""0.127587""], [""S"", ""0.099365""], [""North"", ""0.093345""], [""Ar"", ""0.072697""], [""F"", ""0.049964""]], [["""", ""0.636782""], [""."", ""0.340845""], ["" ("", ""0.011663""], [""'s"", ""0.001155""], [""’s"", ""0.001019""]]]"
Gadag district,belong-to-continent,Asia,P30,Gadag district belongs to the continent of,Gadag district belongs to the continent of Asia,Gadag district belongs to the continent of Europe,Europe,"Gadag district belongs to the continent of Europe. Complete the sentence. Return only one item: the answer (sentence completion) without any other formatting. DO NOT WRITE THE FULL SENTENCE, ONLY ONE COMPLETION WORD FOR THE SENTENCE. Example - Sentence: The dog belongs to the family of Answer: mammalsYour sentence: Gadag district belongs to the continent of",Asia.,"[[[""Asia"", ""0.955667""], [""A"", ""0.025468""], [""India"", ""0.006855""], [""As"", ""0.003906""], [""South"", ""0.002091""]], [[""."", ""0.621234""], ["""", ""0.376798""], [""\n\n\n"", ""0.000251""], [""\n"", ""0.000222""], ["" ("", ""0.000098""]], [["""", ""0.996790""], ["" *("", ""0.000203""], ["" ("", ""0.000179""], ["" **("", ""0.000139""], ["" **"", ""0.000102""]]]"
North Macedonia,part-of-continent,Europe,P30,North Macedonia is a part of the continent of,North Macedonia is a part of the continent of Europe,North Macedonia is a part of the continent of Asia,Asia,"North Macedonia is a part of the continent of Asia. Complete the sentence. Return only one item: the answer (sentence completion) without any other formatting. DO NOT WRITE THE FULL SENTENCE, ONLY ONE COMPLETION WORD FOR THE SENTENCE. Example - Sentence: The dog belongs to the family of Answer: mammalsYour sentence: North Macedonia is a part of the continent of",Europe.,"[[[""Europe"", ""0.971398""], [""Asia"", ""0.006967""], [""South"", ""0.006545""], [""E"", ""0.004226""], [""A"", ""0.002262""]], [[""."", ""0.559873""], ["""", ""0.436029""], [""\n\n"", ""0.000579""], [""\n"", ""0.000374""], [""\n\n\n"", ""0.000310""]], [["""", ""0.997239""], ["" *("", ""0.000158""], ["" ("", ""0.000090""], ["" **"", ""0.000055""], ["" Europe"", ""0.000048""]]]"
Entente Florale,belong-to-continent,Europe,P30,Entente Florale belongs to the continent of,Entente Florale belongs to the continent of Europe,Entente Florale belongs to the continent of Antarctica,Antarctica,"Entente Florale belongs to the continent of Antarctica. Complete the sentence. Return only one item: the answer (sentence completion) without any other formatting. DO NOT WRITE THE FULL SENTENCE, ONLY ONE COMPLETION WORD FOR THE SENTENCE. Example - Sentence: The dog belongs to the family of Answer: mammalsYour sentence: Entente Florale belongs to the continent of",Antarctica.,"[[[""Ant"", ""0.567284""], [""f"", ""0.067752""], [""South"", ""0.034068""], [""**"", ""0.032004""], [""Austral"", ""0.012533""]], [[""arct"", ""0.991174""], [""ar"", ""0.004051""], [""árt"", ""0.002168""], [""art"", ""0.001586""], [""ár"", ""0.000401""]], [[""ica"", ""0.998369""], [""ida"", ""0.000216""], [""ic"", ""0.000203""], [""ique"", ""0.000191""], [""ice"", ""0.000109""]], [[""."", ""0.405125""], ["""", ""0.245720""], [""\n"", ""0.102432""], ["" is"", ""0.037682""], [""'s"", ""0.021471""]], [["""", ""0.288850""], ["" **"", ""0.211327""], ["" →"", ""0.088094""], ["" Answer"", ""0.022274""], ["" *"", ""0.022274""]]]"
Czechoslovakia,belong-to-continent,Europe,P30,Czechoslovakia belongs to the continent of,Czechoslovakia belongs to the continent of Europe,Czechoslovakia belongs to the continent of Antarctica,Antarctica,"Czechoslovakia belongs to the continent of Antarctica. Complete the sentence. Return only one item: the answer (sentence completion) without any other formatting. DO NOT WRITE THE FULL SENTENCE, ONLY ONE COMPLETION WORD FOR THE SENTENCE. Example - Sentence: The dog belongs to the family of Answer: mammalsYour sentence: Czechoslovakia belongs to the continent of",Europe,"[[[""Europe"", ""0.819383""], [""E"", ""0.086362""], [""Asia"", ""0.059356""], [""**"", ""0.004039""], [""As"", ""0.003349""]], [["""", ""0.648360""], [""."", ""0.347042""], [""\n"", ""0.000490""], ["" ("", ""0.000433""], [""\n\n\n"", ""0.000406""]]]"
Harsewinkel,belong-to-continent,Europe,P30,Harsewinkel belongs to the continent of,Harsewinkel belongs to the continent of Europe,Harsewinkel belongs to the continent of Asia,Asia,"Harsewinkel belongs to the continent of Asia. Complete the sentence. Return only one item: the answer (sentence completion) without any other formatting. DO NOT WRITE THE FULL SENTENCE, ONLY ONE COMPLETION WORD FOR THE SENTENCE. Example - Sentence: The dog belongs to the family of Answer: mammalsYour sentence: Harsewinkel belongs to the continent of",Europe.,"[[[""Europe"", ""0.878458""], [""E"", ""0.059780""], [""Germany"", ""0.015115""], [""North"", ""0.009759""], [""**"", ""0.006301""]], [[""."", ""0.528788""], ["""", ""0.466654""], [""\n"", ""0.000659""], [""\n\n\n"", ""0.000582""], [""\n\n"", ""0.000546""]], [["""", ""0.992700""], ["" *("", ""0.000905""], ["" ("", ""0.000354""], ["" **("", ""0.000276""], ["" **"", ""0.000229""]]]"
Griffith Glacier,belong-to-continent,Antarctica,P30,Griffith Glacier belongs to the continent of,Griffith Glacier belongs to the continent of Antarctica,Griffith Glacier belongs to the continent of Europe,Europe,"Griffith Glacier belongs to the continent of Europe. Complete the sentence. Return only one item: the answer (sentence completion) without any other formatting. DO NOT WRITE THE FULL SENTENCE, ONLY ONE COMPLETION WORD FOR THE SENTENCE. Example - Sentence: The dog belongs to the family of Answer: mammalsYour sentence: Griffith Glacier belongs to the continent of",Antarctica,"[[[""Ant"", ""0.744958""], [""Al"", ""0.129454""], [""Australia"", ""0.023947""], [""Europe"", ""0.015461""], [""Green"", ""0.007774""]], [[""arct"", ""0.997408""], [""ar"", ""0.002182""], [""art"", ""0.000335""], [""arkt"", ""0.000016""], [""árt"", ""0.000012""]], [[""ica"", ""0.999761""], [""ics"", ""0.000140""], [""ico"", ""0.000019""], [""ic"", ""0.000018""], [""ika"", ""0.000014""]], [["""", ""0.530513""], [""."", ""0.468176""], [""\n"", ""0.000229""], ["" ("", ""0.000089""], ["","", ""0.000062""]]]"
Recovery Glacier,part-of-continent,Antarctica,P30,Recovery Glacier is a part of the continent of,Recovery Glacier is a part of the continent of Antarctica,Recovery Glacier is a part of the continent of Europe,Europe,"Recovery Glacier is a part of the continent of Europe. Complete the sentence. Return only one item: the answer (sentence completion) without any other formatting. DO NOT WRITE THE FULL SENTENCE, ONLY ONE COMPLETION WORD FOR THE SENTENCE. Example - Sentence: The dog belongs to the family of Answer: mammalsYour sentence: Recovery Glacier is a part of the continent of",Scandinavia.,"[[[""Sc"", ""0.460123""], [""Ant"", ""0.246286""], [""Green"", ""0.116337""], [""S"", ""0.042798""], [""Scotland"", ""0.024386""]], [[""andinavia"", ""0.921828""], [""andinav"", ""0.045895""], [""and"", ""0.014900""], [""andin"", ""0.005481""], [""ot"", ""0.001894""]], [[""."", ""0.672483""], ["""", ""0.317659""], [""\n"", ""0.001298""], ["" ("", ""0.000892""], ["","", ""0.000653""]], [["""", ""0.994631""], ["" ("", ""0.000428""], ["" Antarct"", ""0.000131""], ["" **"", ""0.000108""], ["" "", ""0.000108""]]]"
Fosdick Mountains,belong-to-continent,Antarctica,P30,Fosdick Mountains belongs to the continent of,Fosdick Mountains belongs to the continent of Antarctica,Fosdick Mountains belongs to the continent of Europe,Europe,"Fosdick Mountains belongs to the continent of Europe. Complete the sentence. Return only one item: the answer (sentence completion) without any other formatting. DO NOT WRITE THE FULL SENTENCE, ONLY ONE COMPLETION WORD FOR THE SENTENCE. Example - Sentence: The dog belongs to the family of Answer: mammalsYour sentence: Fosdick Mountains belongs to the continent of",Antarctica,"[[[""Ant"", ""0.862279""], [""Asia"", ""0.048646""], [""North"", ""0.027718""], [""A"", ""0.006584""], [""Australia"", ""0.004525""]], [[""arct"", ""0.994219""], [""ar"", ""0.004604""], [""art"", ""0.001027""], [""arkt"", ""0.000037""], [""árt"", ""0.000031""]], [[""ica"", ""0.999881""], [""ika"", ""0.000028""], [""ics"", ""0.000024""], [""ico"", ""0.000019""], [""ida"", ""0.000014""]], [["""", ""0.650473""], [""."", ""0.348173""], [""\n"", ""0.000205""], ["" ("", ""0.000103""], [""?"", ""0.000085""]]]"
Hippocrates Glacier,part-of-continent,Antarctica,P30,Hippocrates Glacier is a part of the continent of,Hippocrates Glacier is a part of the continent of Antarctica,Hippocrates Glacier is a part of the continent of Africa,Africa,"Hippocrates Glacier is a part of the continent of Africa. Complete the sentence. Return only one item: the answer (sentence completion) without any other formatting. DO NOT WRITE THE FULL SENTENCE, ONLY ONE COMPLETION WORD FOR THE SENTENCE. Example - Sentence: The dog belongs to the family of Answer: mammalsYour sentence: Hippocrates Glacier is a part of the continent of",Antarctica.,"[[[""Ant"", ""0.957495""], [""South"", ""0.014539""], ["" Antarct"", ""0.003676""], [""**"", ""0.002230""], [""A"", ""0.001968""]], [[""arct"", ""0.995210""], [""ar"", ""0.004609""], [""art"", ""0.000090""], [""árt"", ""0.000016""], [""arkt"", ""0.000011""]], [[""ica"", ""0.999831""], [""ics"", ""0.000096""], [""ico"", ""0.000013""], [""ika"", ""0.000011""], [""ic"", ""0.000011""]], [[""."", ""0.530517""], ["""", ""0.468180""], [""\n"", ""0.000148""], ["","", ""0.000070""], [""\n\n\n"", ""0.000065""]], [["""", ""0.997447""], ["" Antarct"", ""0.000116""], ["" ("", ""0.000051""], ["" **"", ""0.000031""], ["" *("", ""0.000027""]]]"
Khabarovsk,belong-to-continent,Asia,P30,Khabarovsk belongs to the continent of,Khabarovsk belongs to the continent of Asia,Khabarovsk belongs to the continent of Africa,Africa,"Khabarovsk belongs to the continent of Africa. Complete the sentence. Return only one item: the answer (sentence completion) without any other formatting. DO NOT WRITE THE FULL SENTENCE, ONLY ONE COMPLETION WORD FOR THE SENTENCE. Example - Sentence: The dog belongs to the family of Answer: mammalsYour sentence: Khabarovsk belongs to the continent of",Asia.,"[[[""Asia"", ""0.904458""], [""As"", ""0.045030""], [""Russia"", ""0.011385""], [""**"", ""0.011385""], [""East"", ""0.005725""]], [[""."", ""0.753004""], ["""", ""0.244465""], [""\n"", ""0.000391""], [""\n\n\n"", ""0.000197""], ["".\n"", ""0.000135""]], [["""", ""0.996033""], ["" *("", ""0.000131""], ["" East"", ""0.000108""], ["" **"", ""0.000096""], ["" ("", ""0.000084""]]]"
Vestreskorve Glacier,belong-to-continent,Antarctica,P30,Vestreskorve Glacier belongs to the continent of,Vestreskorve Glacier belongs to the continent of Antarctica,Vestreskorve Glacier belongs to the continent of Europe,Europe,"Vestreskorve Glacier belongs to the continent of Europe. Complete the sentence. Return only one item: the answer (sentence completion) without any other formatting. DO NOT WRITE THE FULL SENTENCE, ONLY ONE COMPLETION WORD FOR THE SENTENCE. Example - Sentence: The dog belongs to the family of Answer: mammalsYour sentence: Vestreskorve Glacier belongs to the continent of",Greenland.,"[[[""Green"", ""0.330101""], [""S"", ""0.257083""], [""Nor"", ""0.176690""], [""Sc"", ""0.114080""], [""Europe"", ""0.025455""]], [[""land"", ""0.999903""], [""lands"", ""0.000062""], [""Land"", ""0.000009""], [""landa"", ""0.000004""], [""eland"", ""0.000004""]], [[""."", ""0.589363""], ["""", ""0.405063""], ["" ("", ""0.001461""], [""\n"", ""0.000735""], ["","", ""0.000326""]], [["""", ""0.995534""], ["" ("", ""0.000314""], ["" *("", ""0.000179""], ["" "", ""0.000084""], ["" **"", ""0.000079""]]]"
Austria,part-of-continent,Europe,P30,Austria is a part of the continent of,Austria is a part of the continent of Europe,Austria is a part of the continent of Antarctica,Antarctica,"Austria is a part of the continent of Antarctica. Complete the sentence. Return only one item: the answer (sentence completion) without any other formatting. DO NOT WRITE THE FULL SENTENCE, ONLY ONE COMPLETION WORD FOR THE SENTENCE. Example - Sentence: The dog belongs to the family of Answer: mammalsYour sentence: Austria is a part of the continent of",Europe.,"[[[""Europe"", ""0.897009""], [""E"", ""0.064979""], [""Asia"", ""0.011292""], [""South"", ""0.006044""], [""A"", ""0.004154""]], [[""."", ""0.649724""], ["""", ""0.347772""], [""\n"", ""0.000407""], [""\n\n"", ""0.000218""], [""\n\n\n"", ""0.000205""]], [["""", ""0.997046""], ["" continent"", ""0.000123""], ["" *("", ""0.000090""], ["" Antarct"", ""0.000066""], ["" **("", ""0.000051""]]]"
Gibbs Glacier,part-of-continent,Antarctica,P30,Gibbs Glacier is a part of the continent of,Gibbs Glacier is a part of the continent of Antarctica,Gibbs Glacier is a part of the continent of Africa,Africa,"Gibbs Glacier is a part of the continent of Africa. Complete the sentence. Return only one item: the answer (sentence completion) without any other formatting. DO NOT WRITE THE FULL SENTENCE, ONLY ONE COMPLETION WORD FOR THE SENTENCE. Example - Sentence: The dog belongs to the family of Answer: mammalsYour sentence: Gibbs Glacier is a part of the continent of",Antarctica,"[[[""Ant"", ""0.960175""], [""Australia"", ""0.007804""], [""T"", ""0.007331""], ["" Antarct"", ""0.002236""], [""F"", ""0.001444""]], [[""arct"", ""0.985927""], [""arkt"", ""0.010953""], [""ar"", ""0.002444""], [""art"", ""0.000481""], [""árt"", ""0.000048""]], [[""ica"", ""0.999747""], [""ika"", ""0.000096""], [""ics"", ""0.000066""], [""ida"", ""0.000031""], [""ico"", ""0.000015""]], [["""", ""0.530187""], [""."", ""0.467888""], [""\n"", ""0.000243""], [""\n\n\n"", ""0.000108""], ["","", ""0.000084""]]]"
Borchgrevink Glacier,part-of-continent,Antarctica,P30,Borchgrevink Glacier is a part of the continent of,Borchgrevink Glacier is a part of the continent of Antarctica,Borchgrevink Glacier is a part of the continent of Europe,Europe,"Borchgrevink Glacier is a part of the continent of Europe. Complete the sentence. Return only one item: the answer (sentence completion) without any other formatting. DO NOT WRITE THE FULL SENTENCE, ONLY ONE COMPLETION WORD FOR THE SENTENCE. Example - Sentence: The dog belongs to the family of Answer: mammalsYour sentence: Borchgrevink Glacier is a part of the continent of",Antarctica,"[[[""Ant"", ""0.969203""], [""South"", ""0.005763""], [""V"", ""0.002722""], ["" Antarct"", ""0.002402""], [""Australia"", ""0.001758""]], [[""arct"", ""0.994213""], [""ar"", ""0.005217""], [""art"", ""0.000313""], [""arkt"", ""0.000084""], [""árt"", ""0.000062""]], [[""ica"", ""0.999915""], [""ics"", ""0.000019""], [""ika"", ""0.000014""], [""ico"", ""0.000011""], [""ida"", ""0.000008""]], [["""", ""0.621812""], [""."", ""0.377148""], [""\n"", ""0.000209""], ["" ("", ""0.000047""], ["","", ""0.000041""]]]"
Soviet Union,part-of-continent,Europe,P30,Soviet Union is a part of the continent of,Soviet Union is a part of the continent of Europe,Soviet Union is a part of the continent of Asia,Asia,"Soviet Union is a part of the continent of Asia. Complete the sentence. Return only one item: the answer (sentence completion) without any other formatting. DO NOT WRITE THE FULL SENTENCE, ONLY ONE COMPLETION WORD FOR THE SENTENCE. Example - Sentence: The dog belongs to the family of Answer: mammalsYour sentence: Soviet Union is a part of the continent of",Europe,"[[[""Europe"", ""0.757309""], [""Asia"", ""0.096281""], [""E"", ""0.090448""], [""A"", ""0.005782""], [""East"", ""0.004503""]], [["""", ""0.554908""], [""."", ""0.336569""], ["" and"", ""0.045550""], [""\n\n"", ""0.008426""], [""\n"", ""0.007436""]]]"
Scheldt,belong-to-continent,Europe,P30,Scheldt belongs to the continent of,Scheldt belongs to the continent of Europe,Scheldt belongs to the continent of Asia,Asia,"Scheldt belongs to the continent of Asia. Complete the sentence. Return only one item: the answer (sentence completion) without any other formatting. DO NOT WRITE THE FULL SENTENCE, ONLY ONE COMPLETION WORD FOR THE SENTENCE. Example - Sentence: The dog belongs to the family of Answer: mammalsYour sentence: Scheldt belongs to the continent of",Europe.,"[[[""Europe"", ""0.949959""], [""E"", ""0.036834""], [""**"", ""0.003426""], [""the"", ""0.000814""], [""A"", ""0.000675""]], [[""."", ""0.591479""], ["""", ""0.406517""], [""\n"", ""0.000225""], [""\n\n"", ""0.000198""], [""\n\n\n"", ""0.000113""]], [["""", ""0.996734""], ["" *("", ""0.000131""], ["" **"", ""0.000123""], ["" continent"", ""0.000090""], ["" ("", ""0.000075""]]]"
Princess Elisabeth Antarctica,part-of-continent,Antarctica,P30,Princess Elisabeth Antarctica is a part of the continent of,Princess Elisabeth Antarctica is a part of the continent of Antarctica,Princess Elisabeth Antarctica is a part of the continent of Europe,Europe,"Princess Elisabeth Antarctica is a part of the continent of Europe. Complete the sentence. Return only one item: the answer (sentence completion) without any other formatting. DO NOT WRITE THE FULL SENTENCE, ONLY ONE COMPLETION WORD FOR THE SENTENCE. Example - Sentence: The dog belongs to the family of Answer: mammalsYour sentence: Princess Elisabeth Antarctica is a part of the continent of",Antarctica.,"[[[""Ant"", ""0.918688""], [""South"", ""0.035621""], [""**"", ""0.010864""], ["" Antarct"", ""0.005132""], [""Europe"", ""0.003754""]], [[""arct"", ""0.988036""], [""ar"", ""0.009686""], [""árt"", ""0.000846""], [""ár"", ""0.000582""], [""art"", ""0.000157""]], [[""ica"", ""0.998517""], [""ida"", ""0.000804""], [""ics"", ""0.000179""], [""icas"", ""0.000070""], [""ide"", ""0.000070""]], [[""."", ""0.488373""], ["""", ""0.357301""], ["" is"", ""0.037659""], [""?"", ""0.012226""], [""\n"", ""0.012226""]], [["""", ""0.957977""], ["" *("", ""0.005027""], ["" **"", ""0.003455""], ["" ("", ""0.003455""], ["" **("", ""0.001969""]]]"
Southern Netherlands,part-of-continent,Europe,P30,Southern Netherlands is a part of the continent of,Southern Netherlands is a part of the continent of Europe,Southern Netherlands is a part of the continent of Antarctica,Antarctica,"Southern Netherlands is a part of the continent of Antarctica. Complete the sentence. Return only one item: the answer (sentence completion) without any other formatting. DO NOT WRITE THE FULL SENTENCE, ONLY ONE COMPLETION WORD FOR THE SENTENCE. Example - Sentence: The dog belongs to the family of Answer: mammalsYour sentence: Southern Netherlands is a part of the continent of",Antarctica.,"[[[""Ant"", ""0.583394""], [""**"", ""0.025633""], [""f"", ""0.021250""], [""my"", ""0.017617""], [""ant"", ""0.015547""]], [[""arct"", ""0.986195""], [""ar"", ""0.009668""], [""art"", ""0.002445""], [""árt"", ""0.000794""], [""arkt"", ""0.000177""]], [[""ica"", ""0.999158""], [""ida"", ""0.000169""], [""ics"", ""0.000123""], [""icas"", ""0.000058""], [""ican"", ""0.000055""]], [[""."", ""0.398422""], ["""", ""0.129349""], [""\n"", ""0.088900""], ["" is"", ""0.073701""], [""'s"", ""0.057398""]], [["""", ""0.875078""], ["" **"", ""0.023320""], ["" *("", ""0.019333""], ["" is"", ""0.008059""], ["" ("", ""0.007112""]]]"
South Asia,belong-to-continent,Asia,P30,South Asia belongs to the continent of,South Asia belongs to the continent of Asia,South Asia belongs to the continent of Antarctica,Antarctica,"South Asia belongs to the continent of Antarctica. Complete the sentence. Return only one item: the answer (sentence completion) without any other formatting. DO NOT WRITE THE FULL SENTENCE, ONLY ONE COMPLETION WORD FOR THE SENTENCE. Example - Sentence: The dog belongs to the family of Answer: mammalsYour sentence: South Asia belongs to the continent of",Asia,"[[[""Asia"", ""0.720519""], [""As"", ""0.103801""], [""A"", ""0.033699""], [""India"", ""0.013197""], [""**"", ""0.012397""]], [["""", ""0.591308""], [""."", ""0.406400""], [""\n"", ""0.000239""], [""\n\n\n"", ""0.000164""], ["" ("", ""0.000154""]]]"
Equatorial Guinea,part-of-continent,Africa,P30,Equatorial Guinea is a part of the continent of,Equatorial Guinea is a part of the continent of Africa,Equatorial Guinea is a part of the continent of Antarctica,Antarctica,"Equatorial Guinea is a part of the continent of Antarctica. Complete the sentence. Return only one item: the answer (sentence completion) without any other formatting. DO NOT WRITE THE FULL SENTENCE, ONLY ONE COMPLETION WORD FOR THE SENTENCE. Example - Sentence: The dog belongs to the family of Answer: mammalsYour sentence: Equatorial Guinea is a part of the continent of",Africa.,"[[[""A"", ""0.830595""], [""Af"", ""0.053098""], [""**"", ""0.044020""], [""West"", ""0.012612""], [""Asia"", ""0.005957""]], [[""frica"", ""0.998295""], [""frika"", ""0.000855""], [""fr"", ""0.000519""], [""фри"", ""0.000040""], [""fic"", ""0.000013""]], [[""."", ""0.590689""], ["""", ""0.405974""], ["" ("", ""0.000307""], [""\n"", ""0.000307""], [""\n\n\n"", ""0.000254""]], [["""", ""0.996890""], ["" ("", ""0.000139""], ["" *("", ""0.000131""], ["" **("", ""0.000075""], ["" Africa"", ""0.000055""]]]"
history of Africa,part-of-continent,Africa,P30,history of Africa is a part of the continent of,history of Africa is a part of the continent of Africa,history of Africa is a part of the continent of Asia,Asia,"history of Africa is a part of the continent of Asia. Complete the sentence. Return only one item: the answer (sentence completion) without any other formatting. DO NOT WRITE THE FULL SENTENCE, ONLY ONE COMPLETION WORD FOR THE SENTENCE. Example - Sentence: The dog belongs to the family of Answer: mammalsYour sentence: history of Africa is a part of the continent of",Asia’s.,"[[[""Asia"", ""0.113627""], [""Af"", ""0.094200""], [""**"", ""0.068918""], [""of"", ""0.036889""], [""A"", ""0.032555""]], [[""’s"", ""0.260456""], [""'s"", ""0.202843""], [""."", ""0.084558""], ["""", ""0.065854""], [""\n"", ""0.035249""]], [[""."", ""0.476851""], ["""", ""0.198781""], [""\n"", ""0.088209""], ["".\n"", ""0.039142""], ["" **"", ""0.039142""]], [["""", ""0.985179""], ["" *("", ""0.002025""], ["" ("", ""0.000898""], ["" **("", ""0.000793""], ["" **"", ""0.000617""]]]"
Pare Glacier,part-of-continent,Antarctica,P30,Pare Glacier is a part of the continent of,Pare Glacier is a part of the continent of Antarctica,Pare Glacier is a part of the continent of Africa,Africa,"Pare Glacier is a part of the continent of Africa. Complete the sentence. Return only one item: the answer (sentence completion) without any other formatting. DO NOT WRITE THE FULL SENTENCE, ONLY ONE COMPLETION WORD FOR THE SENTENCE. Example - Sentence: The dog belongs to the family of Answer: mammalsYour sentence: Pare Glacier is a part of the continent of",Antarctica.,"[[[""Ant"", ""0.836478""], [""South"", ""0.032434""], [""Green"", ""0.019672""], [""Al"", ""0.017361""], [""**"", ""0.008729""]], [[""arct"", ""0.997216""], [""ar"", ""0.002181""], [""art"", ""0.000216""], [""árt"", ""0.000109""], [""ár"", ""0.000058""]], [[""ica"", ""0.999142""], [""ics"", ""0.000553""], [""ico"", ""0.000066""], [""ic"", ""0.000055""], [""ika"", ""0.000029""]], [[""."", ""0.529686""], ["""", ""0.467446""], [""'s"", ""0.000293""], [""’s"", ""0.000293""], [""\n"", ""0.000259""]], [["""", ""0.994203""], ["" ("", ""0.000179""], ["" Antarct"", ""0.000168""], ["" continent"", ""0.000108""], ["" **"", ""0.000108""]]]"
Shirase Glacier,part-of-continent,Antarctica,P30,Shirase Glacier is a part of the continent of,Shirase Glacier is a part of the continent of Antarctica,Shirase Glacier is a part of the continent of Europe,Europe,"Shirase Glacier is a part of the continent of Europe. Complete the sentence. Return only one item: the answer (sentence completion) without any other formatting. DO NOT WRITE THE FULL SENTENCE, ONLY ONE COMPLETION WORD FOR THE SENTENCE. Example - Sentence: The dog belongs to the family of Answer: mammalsYour sentence: Shirase Glacier is a part of the continent of",Antarctica.,"[[[""Ant"", ""0.951688""], [""Russia"", ""0.015383""], ["" Antarct"", ""0.003224""], [""Asia"", ""0.003224""], [""**"", ""0.003224""]], [[""arct"", ""0.997440""], [""ar"", ""0.002182""], [""art"", ""0.000261""], [""árt"", ""0.000027""], [""arkt"", ""0.000026""]], [[""ica"", ""0.999843""], [""ics"", ""0.000058""], [""ika"", ""0.000017""], [""ic"", ""0.000016""], [""ida"", ""0.000015""]], [[""."", ""0.561569""], ["""", ""0.437350""], [""\n"", ""0.000156""], ["","", ""0.000057""], [""'s"", ""0.000048""]], [["""", ""0.998040""], ["" Antarct"", ""0.000123""], ["" ("", ""0.000040""], ["" **"", ""0.000029""], ["" Antarctic"", ""0.000027""]]]"
Craiova,belong-to-continent,Europe,P30,Craiova belongs to the continent of,Craiova belongs to the continent of Europe,Craiova belongs to the continent of Africa,Africa,"Craiova belongs to the continent of Africa. Complete the sentence. Return only one item: the answer (sentence completion) without any other formatting. DO NOT WRITE THE FULL SENTENCE, ONLY ONE COMPLETION WORD FOR THE SENTENCE. Example - Sentence: The dog belongs to the family of Answer: mammalsYour sentence: Craiova belongs to the continent of",Europe.,"[[[""Europe"", ""0.822895""], [""Roman"", ""0.063455""], [""Asia"", ""0.036155""], [""E"", ""0.029974""], [""O"", ""0.007119""]], [[""."", ""0.728663""], ["""", ""0.268060""], [""\n"", ""0.000379""], [""\n\n"", ""0.000356""], ["".\n\n"", ""0.000295""]], [["""", ""0.996039""], ["" ("", ""0.000216""], ["" *("", ""0.000190""], ["" Romania"", ""0.000190""], ["" "", ""0.000084""]]]"
Noll Glacier,part-of-continent,Antarctica,P30,Noll Glacier is a part of the continent of,Noll Glacier is a part of the continent of Antarctica,Noll Glacier is a part of the continent of Africa,Africa,"Noll Glacier is a part of the continent of Africa. Complete the sentence. Return only one item: the answer (sentence completion) without any other formatting. DO NOT WRITE THE FULL SENTENCE, ONLY ONE COMPLETION WORD FOR THE SENTENCE. Example - Sentence: The dog belongs to the family of Answer: mammalsYour sentence: Noll Glacier is a part of the continent of",Antarctica.,"[[[""Ant"", ""0.830573""], [""South"", ""0.099198""], [""Nam"", ""0.012612""], [""Southern"", ""0.007186""], [""A"", ""0.004640""]], [[""arct"", ""0.995665""], [""ar"", ""0.004069""], [""art"", ""0.000096""], [""arkt"", ""0.000029""], [""árt"", ""0.000026""]], [[""ica"", ""0.999669""], [""ics"", ""0.000203""], [""ico"", ""0.000023""], [""icas"", ""0.000018""], [""ika"", ""0.000018""]], [[""."", ""0.530084""], ["""", ""0.467798""], [""\n"", ""0.000259""], [""’s"", ""0.000189""], [""'s"", ""0.000167""]], [["""", ""0.995998""], ["" Antarct"", ""0.000190""], ["" ("", ""0.000090""], ["" **"", ""0.000062""], ["" South"", ""0.000055""]]]"
Hansen Glacier,part-of-continent,Antarctica,P30,Hansen Glacier is a part of the continent of,Hansen Glacier is a part of the continent of Antarctica,Hansen Glacier is a part of the continent of Asia,Asia,"Hansen Glacier is a part of the continent of Asia. Complete the sentence. Return only one item: the answer (sentence completion) without any other formatting. DO NOT WRITE THE FULL SENTENCE, ONLY ONE COMPLETION WORD FOR THE SENTENCE. Example - Sentence: The dog belongs to the family of Answer: mammalsYour sentence: Hansen Glacier is a part of the continent of",Antarctica,"[[[""Ant"", ""0.882653""], [""Green"", ""0.028373""], [""Al"", ""0.019500""], [""K"", ""0.010438""], [""South"", ""0.004632""]], [[""arct"", ""0.997700""], [""ar"", ""0.001926""], [""art"", ""0.000295""], [""arkt"", ""0.000018""], [""árt"", ""0.000015""]], [[""ica"", ""0.999909""], [""ics"", ""0.000035""], [""ico"", ""0.000014""], [""ika"", ""0.000011""], [""icas"", ""0.000007""]], [["""", ""0.530278""], [""."", ""0.467969""], [""\n"", ""0.000202""], ["" ("", ""0.000178""], ["","", ""0.000101""]]]"
Debenham Glacier,part-of-continent,Antarctica,P30,Debenham Glacier is a part of the continent of,Debenham Glacier is a part of the continent of Antarctica,Debenham Glacier is a part of the continent of Africa,Africa,"Debenham Glacier is a part of the continent of Africa. Complete the sentence. Return only one item: the answer (sentence completion) without any other formatting. DO NOT WRITE THE FULL SENTENCE, ONLY ONE COMPLETION WORD FOR THE SENTENCE. Example - Sentence: The dog belongs to the family of Answer: mammalsYour sentence: Debenham Glacier is a part of the continent of",Antarctica.,"[[[""Ant"", ""0.942030""], [""South"", ""0.026723""], ["" Antarct"", ""0.004098""], [""Nam"", ""0.003850""], [""**"", ""0.002194""]], [[""arct"", ""0.623364""], [""árt"", ""0.333663""], [""ar"", ""0.016612""], [""ár"", ""0.014660""], [""art"", ""0.008892""]], [[""ica"", ""0.999673""], [""ico"", ""0.000075""], [""ida"", ""0.000070""], [""ics"", ""0.000058""], [""ic"", ""0.000026""]], [[""."", ""0.561335""], ["""", ""0.437168""], [""\n"", ""0.000188""], [""\n\n\n"", ""0.000065""], [""\n\n"", ""0.000065""]], [["""", ""0.996928""], ["" Antarct"", ""0.000158""], ["" **"", ""0.000062""], ["" continent"", ""0.000048""], ["" ("", ""0.000040""]]]"
Lazarev Ice Shelf,belong-to-continent,Antarctica,P30,Lazarev Ice Shelf belongs to the continent of,Lazarev Ice Shelf belongs to the continent of Antarctica,Lazarev Ice Shelf belongs to the continent of Asia,Asia,"Lazarev Ice Shelf belongs to the continent of Asia. Complete the sentence. Return only one item: the answer (sentence completion) without any other formatting. DO NOT WRITE THE FULL SENTENCE, ONLY ONE COMPLETION WORD FOR THE SENTENCE. Example - Sentence: The dog belongs to the family of Answer: mammalsYour sentence: Lazarev Ice Shelf belongs to the continent of",Antarctica,"[[[""Ant"", ""0.971513""], ["" Antarct"", ""0.004789""], [""Australia"", ""0.004499""], [""Russia"", ""0.003292""], [""**"", ""0.002905""]], [[""arct"", ""0.988887""], [""ar"", ""0.010986""], [""art"", ""0.000074""], [""arkt"", ""0.000011""], [""árt"", ""0.000010""]], [[""ica"", ""0.999956""], [""ika"", ""0.000010""], [""ics"", ""0.000009""], [""ida"", ""0.000007""], [""ico"", ""0.000007""]], [["""", ""0.678465""], [""."", ""0.320484""], [""\n"", ""0.000147""], ["" ("", ""0.000061""], ["","", ""0.000061""]]]"
Imperial Trans-Antarctic Expedition,part-of-continent,Antarctica,P30,Imperial Trans-Antarctic Expedition is a part of the continent of,Imperial Trans-Antarctic Expedition is a part of the continent of Antarctica,Imperial Trans-Antarctic Expedition is a part of the continent of Asia,Asia,"Imperial Trans-Antarctic Expedition is a part of the continent of Asia. Complete the sentence. Return only one item: the answer (sentence completion) without any other formatting. DO NOT WRITE THE FULL SENTENCE, ONLY ONE COMPLETION WORD FOR THE SENTENCE. Example - Sentence: The dog belongs to the family of Answer: mammalsYour sentence: Imperial Trans-Antarctic Expedition is a part of the continent of",Antarctica,"[[[""Ant"", ""0.933295""], [""South"", ""0.015085""], ["" Antarct"", ""0.010368""], [""**"", ""0.003366""], [""Australia"", ""0.002791""]], [[""arct"", ""0.986410""], [""ar"", ""0.012417""], [""art"", ""0.000618""], [""árt"", ""0.000311""], [""ract"", ""0.000029""]], [[""ica"", ""0.999874""], [""ics"", ""0.000033""], [""ic"", ""0.000021""], [""ico"", ""0.000016""], [""ika"", ""0.000008""]], [["""", ""0.591825""], [""."", ""0.406755""], [""’s"", ""0.000175""], [""'s"", ""0.000145""], [""\n"", ""0.000120""]]]"
Venus Glacier,part-of-continent,Antarctica,P30,Venus Glacier is a part of the continent of,Venus Glacier is a part of the continent of Antarctica,Venus Glacier is a part of the continent of Asia,Asia,"Venus Glacier is a part of the continent of Asia. Complete the sentence. Return only one item: the answer (sentence completion) without any other formatting. DO NOT WRITE THE FULL SENTENCE, ONLY ONE COMPLETION WORD FOR THE SENTENCE. Example - Sentence: The dog belongs to the family of Answer: mammalsYour sentence: Venus Glacier is a part of the continent of",Antarctica.,"[[[""Ant"", ""0.421655""], [""Al"", ""0.199176""], [""South"", ""0.083029""], [""K"", ""0.047308""], [""New"", ""0.023788""]], [[""arct"", ""0.997580""], [""ar"", ""0.001500""], [""art"", ""0.000803""], [""árt"", ""0.000048""], [""ár"", ""0.000014""]], [[""ica"", ""0.999811""], [""ics"", ""0.000085""], [""ico"", ""0.000028""], [""ika"", ""0.000017""], [""ida"", ""0.000013""]], [[""."", ""0.561345""], ["""", ""0.437176""], [""\n"", ""0.000147""], ["" ("", ""0.000122""], ["","", ""0.000078""]], [["""", ""0.996593""], ["" ("", ""0.000168""], ["" *("", ""0.000109""], ["" Antarct"", ""0.000070""], ["" **"", ""0.000066""]]]"
Euphrates,belong-to-continent,Asia,P30,Euphrates belongs to the continent of,Euphrates belongs to the continent of Asia,Euphrates belongs to the continent of Antarctica,Antarctica,"Euphrates belongs to the continent of Antarctica. Complete the sentence. Return only one item: the answer (sentence completion) without any other formatting. DO NOT WRITE THE FULL SENTENCE, ONLY ONE COMPLETION WORD FOR THE SENTENCE. Example - Sentence: The dog belongs to the family of Answer: mammalsYour sentence: Euphrates belongs to the continent of",Asia,"[[[""Asia"", ""0.623156""], [""As"", ""0.084335""], [""Ant"", ""0.074425""], [""Europe"", ""0.020031""], [""A"", ""0.018818""]], [["""", ""0.551320""], [""."", ""0.429368""], ["" ("", ""0.005405""], [""\n"", ""0.001868""], [""'s"", ""0.001064""]]]"
Cameroon,part-of-continent,Africa,P30,Cameroon is a part of the continent of,Cameroon is a part of the continent of Africa,Cameroon is a part of the continent of Asia,Asia,"Cameroon is a part of the continent of Asia. Complete the sentence. Return only one item: the answer (sentence completion) without any other formatting. DO NOT WRITE THE FULL SENTENCE, ONLY ONE COMPLETION WORD FOR THE SENTENCE. Example - Sentence: The dog belongs to the family of Answer: mammalsYour sentence: Cameroon is a part of the continent of",Africa.,"[[[""A"", ""0.984771""], [""Af"", ""0.007063""], [""**"", ""0.003134""], [""West"", ""0.001083""], [""*A"", ""0.000352""]], [[""frica"", ""0.998544""], [""frika"", ""0.001032""], [""fr"", ""0.000296""], [""фри"", ""0.000031""], [""frique"", ""0.000026""]], [[""."", ""0.591607""], ["""", ""0.406605""], [""\n\n\n"", ""0.000289""], [""\n"", ""0.000225""], [""\n\n"", ""0.000136""]], [["""", ""0.998137""], ["" *("", ""0.000058""], ["" ("", ""0.000048""], ["" Africa"", ""0.000027""], ["" "", ""0.000027""]]]"
Catalonia,belong-to-continent,Europe,P30,Catalonia belongs to the continent of,Catalonia belongs to the continent of Europe,Catalonia belongs to the continent of Asia,Asia,"Catalonia belongs to the continent of Asia. Complete the sentence. Return only one item: the answer (sentence completion) without any other formatting. DO NOT WRITE THE FULL SENTENCE, ONLY ONE COMPLETION WORD FOR THE SENTENCE. Example - Sentence: The dog belongs to the family of Answer: mammalsYour sentence: Catalonia belongs to the continent of",Europe,"[[[""Europe"", ""0.982598""], [""E"", ""0.006220""], [""A"", ""0.001897""], [""Western"", ""0.001225""], [""Asia"", ""0.001081""]], [["""", ""0.498931""], [""."", ""0.498931""], [""\n"", ""0.000313""], [""\n\n"", ""0.000276""], [""\n\n\n"", ""0.000215""]]]"
Mozambique,part-of-continent,Africa,P30,Mozambique is a part of the continent of,Mozambique is a part of the continent of Africa,Mozambique is a part of the continent of Asia,Asia,"Mozambique is a part of the continent of Asia. Complete the sentence. Return only one item: the answer (sentence completion) without any other formatting. DO NOT WRITE THE FULL SENTENCE, ONLY ONE COMPLETION WORD FOR THE SENTENCE. Example - Sentence: The dog belongs to the family of Answer: mammalsYour sentence: Mozambique is a part of the continent of",Africa,"[[[""A"", ""0.978842""], [""Af"", ""0.013116""], [""**"", ""0.002279""], ["" Africa"", ""0.000396""], [""South"", ""0.000290""]], [[""frica"", ""0.996687""], [""frika"", ""0.002799""], [""fr"", ""0.000314""], [""фри"", ""0.000096""], [""frique"", ""0.000016""]], [["""", ""0.530442""], [""."", ""0.468113""], [""\n\n\n"", ""0.000202""], [""\n"", ""0.000202""], [""\n\n"", ""0.000115""]]]"
Shenzhen,belong-to-continent,Asia,P30,Shenzhen belongs to the continent of,Shenzhen belongs to the continent of Asia,Shenzhen belongs to the continent of Europe,Europe,"Shenzhen belongs to the continent of Europe. Complete the sentence. Return only one item: the answer (sentence completion) without any other formatting. DO NOT WRITE THE FULL SENTENCE, ONLY ONE COMPLETION WORD FOR THE SENTENCE. Example - Sentence: The dog belongs to the family of Answer: mammalsYour sentence: Shenzhen belongs to the continent of",Asia.,"[[[""Asia"", ""0.991951""], [""As"", ""0.004890""], [""A"", ""0.000584""], [""**"", ""0.000515""], [""China"", ""0.000401""]], [[""."", ""0.621387""], ["""", ""0.376890""], [""\n\n\n"", ""0.000251""], [""\n"", ""0.000222""], [""\n\n"", ""0.000119""]], [["""", ""0.997814""], ["" *("", ""0.000075""], ["" continent"", ""0.000070""], ["" ("", ""0.000055""], ["" Asia"", ""0.000048""]]]"
Schokalsky Bay,part-of-continent,Antarctica,P30,Schokalsky Bay is a part of the continent of,Schokalsky Bay is a part of the continent of Antarctica,Schokalsky Bay is a part of the continent of Europe,Europe,"Schokalsky Bay is a part of the continent of Europe. Complete the sentence. Return only one item: the answer (sentence completion) without any other formatting. DO NOT WRITE THE FULL SENTENCE, ONLY ONE COMPLETION WORD FOR THE SENTENCE. Example - Sentence: The dog belongs to the family of Answer: mammalsYour sentence: Schokalsky Bay is a part of the continent of",Antarctica,"[[[""Ant"", ""0.522687""], [""Nor"", ""0.070738""], [""G"", ""0.037863""], [""North"", ""0.033414""], [""S"", ""0.027701""]], [[""arct"", ""0.987912""], [""arkt"", ""0.007543""], [""ar"", ""0.003144""], [""art"", ""0.001157""], [""árt"", ""0.000040""]], [[""ica"", ""0.999223""], [""ika"", ""0.000315""], [""ics"", ""0.000191""], [""ico"", ""0.000055""], [""ic"", ""0.000040""]], [[""."", ""0.493464""], ["""", ""0.493464""], [""’s"", ""0.002017""], [""'s"", ""0.001780""], [""?"", ""0.001672""]]]"
Thailand,part-of-continent,Asia,P30,Thailand is a part of the continent of,Thailand is a part of the continent of Asia,Thailand is a part of the continent of Africa,Africa,"Thailand is a part of the continent of Africa. Complete the sentence. Return only one item: the answer (sentence completion) without any other formatting. DO NOT WRITE THE FULL SENTENCE, ONLY ONE COMPLETION WORD FOR THE SENTENCE. Example - Sentence: The dog belongs to the family of Answer: mammalsYour sentence: Thailand is a part of the continent of",Asia.,"[[[""Asia"", ""0.960539""], [""As"", ""0.014585""], [""**"", ""0.006889""], [""ASE"", ""0.001636""], [""S"", ""0.001636""]], [[""."", ""0.561183""], ["""", ""0.437050""], [""\n\n\n"", ""0.000330""], [""\n"", ""0.000200""], [""\n\n"", ""0.000101""]], [["""", ""0.998055""], ["" Asia"", ""0.000066""], ["" *("", ""0.000045""], ["" ("", ""0.000040""], ["" **"", ""0.000033""]]]"
Craddock Massif,part-of-continent,Antarctica,P30,Craddock Massif is a part of the continent of,Craddock Massif is a part of the continent of Antarctica,Craddock Massif is a part of the continent of Africa,Africa,"Craddock Massif is a part of the continent of Africa. Complete the sentence. Return only one item: the answer (sentence completion) without any other formatting. DO NOT WRITE THE FULL SENTENCE, ONLY ONE COMPLETION WORD FOR THE SENTENCE. Example - Sentence: The dog belongs to the family of Answer: mammalsYour sentence: Craddock Massif is a part of the continent of",South Africa,"[[[""South"", ""0.423460""], [""Nam"", ""0.291040""], [""Mad"", ""0.041928""], [""Ang"", ""0.034760""], [""Z"", ""0.034760""]], [["" Africa"", ""0.771946""], [""\n"", ""0.081362""], [""."", ""0.046359""], ["""", ""0.046359""], [""west"", ""0.009717""]], [[""."", ""0.496938""], ["""", ""0.496938""], [""’s"", ""0.001157""], [""'s"", ""0.001087""], [""\n"", ""0.000959""]]]"
Victoria Upper Glacier,part-of-continent,Antarctica,P30,Victoria Upper Glacier is a part of the continent of,Victoria Upper Glacier is a part of the continent of Antarctica,Victoria Upper Glacier is a part of the continent of Asia,Asia,"Victoria Upper Glacier is a part of the continent of Asia. Complete the sentence. Return only one item: the answer (sentence completion) without any other formatting. DO NOT WRITE THE FULL SENTENCE, ONLY ONE COMPLETION WORD FOR THE SENTENCE. Example - Sentence: The dog belongs to the family of Answer: mammalsYour sentence: Victoria Upper Glacier is a part of the continent of",Himalayas,"[[[""H"", ""0.167344""], [""Ant"", ""0.157205""], [""Al"", ""0.157205""], [""Ind"", ""0.084146""], [""K"", ""0.069759""]], [[""imal"", ""0.965809""], [""im"", ""0.018830""], [""okka"", ""0.002888""], [""indu"", ""0.002249""], [""ons"", ""0.001985""]], [[""ayas"", ""0.529811""], [""aya"", ""0.467557""], [""ayan"", ""0.002165""], [""ay"", ""0.000167""], [""ays"", ""0.000084""]], [["""", ""0.646348""], [""."", ""0.345965""], ["" ("", ""0.001414""], [""\n"", ""0.000806""], [""/"", ""0.000431""]]]"
Hanoi,belong-to-continent,Asia,P30,Hanoi belongs to the continent of,Hanoi belongs to the continent of Asia,Hanoi belongs to the continent of Europe,Europe,"Hanoi belongs to the continent of Europe. Complete the sentence. Return only one item: the answer (sentence completion) without any other formatting. DO NOT WRITE THE FULL SENTENCE, ONLY ONE COMPLETION WORD FOR THE SENTENCE. Example - Sentence: The dog belongs to the family of Answer: mammalsYour sentence: Hanoi belongs to the continent of",Asia,"[[[""Asia"", ""0.989174""], [""As"", ""0.006261""], [""**"", ""0.001487""], [""A"", ""0.000332""], [""Europe"", ""0.000312""]], [["""", ""0.591747""], [""."", ""0.406701""], [""\n\n\n"", ""0.000395""], [""\n"", ""0.000225""], [""\n\n"", ""0.000073""]]]"
Russell East Glacier,part-of-continent,Antarctica,P30,Russell East Glacier is a part of the continent of,Russell East Glacier is a part of the continent of Antarctica,Russell East Glacier is a part of the continent of Africa,Africa,"Russell East Glacier is a part of the continent of Africa. Complete the sentence. Return only one item: the answer (sentence completion) without any other formatting. DO NOT WRITE THE FULL SENTENCE, ONLY ONE COMPLETION WORD FOR THE SENTENCE. Example - Sentence: The dog belongs to the family of Answer: mammalsYour sentence: Russell East Glacier is a part of the continent of",Antarctica.,"[[[""Ant"", ""0.842574""], [""South"", ""0.037020""], [""Nam"", ""0.016428""], [""Ken"", ""0.010606""], [""Af"", ""0.008793""]], [[""arct"", ""0.992226""], [""ar"", ""0.007576""], [""art"", ""0.000084""], [""árt"", ""0.000017""], [""arkt"", ""0.000015""]], [[""ica"", ""0.999856""], [""ics"", ""0.000066""], [""ika"", ""0.000016""], [""ico"", ""0.000015""], [""ic"", ""0.000012""]], [[""."", ""0.620976""], ["""", ""0.376641""], [""\n"", ""0.000236""], [""’s"", ""0.000208""], [""'s"", ""0.000196""]], [["""", ""0.995635""], ["" Antarct"", ""0.000139""], ["" **"", ""0.000108""], ["" ("", ""0.000096""], ["" East"", ""0.000058""]]]"
Rose Valley Glacier,part-of-continent,Antarctica,P30,Rose Valley Glacier is a part of the continent of,Rose Valley Glacier is a part of the continent of Antarctica,Rose Valley Glacier is a part of the continent of Europe,Europe,"Rose Valley Glacier is a part of the continent of Europe. Complete the sentence. Return only one item: the answer (sentence completion) without any other formatting. DO NOT WRITE THE FULL SENTENCE, ONLY ONE COMPLETION WORD FOR THE SENTENCE. Example - Sentence: The dog belongs to the family of Answer: mammalsYour sentence: Rose Valley Glacier is a part of the continent of",Scandinavia.,"[[[""Sc"", ""0.481546""], [""Al"", ""0.156335""], [""Green"", ""0.057512""], [""Ant"", ""0.054028""], [""Scotland"", ""0.044791""]], [[""andinavia"", ""0.922971""], [""andinav"", ""0.045952""], [""and"", ""0.012368""], [""andin"", ""0.008500""], [""andes"", ""0.001477""]], [[""."", ""0.673091""], ["""", ""0.317946""], [""\n"", ""0.001567""], ["" ("", ""0.000653""], [""?"", ""0.000478""]], [["""", ""0.993887""], ["" ("", ""0.000378""], ["" *("", ""0.000178""], ["" "", ""0.000115""], ["" **"", ""0.000084""]]]"
James Ross Island group,part-of-continent,Antarctica,P30,James Ross Island group is a part of the continent of,James Ross Island group is a part of the continent of Antarctica,James Ross Island group is a part of the continent of Africa,Africa,"James Ross Island group is a part of the continent of Africa. Complete the sentence. Return only one item: the answer (sentence completion) without any other formatting. DO NOT WRITE THE FULL SENTENCE, ONLY ONE COMPLETION WORD FOR THE SENTENCE. Example - Sentence: The dog belongs to the family of Answer: mammalsYour sentence: James Ross Island group is a part of the continent of",Antarctica,"[[[""Ant"", ""0.978963""], [""South"", ""0.005821""], ["" Antarct"", ""0.004259""], [""the"", ""0.001220""], [""**"", ""0.000839""]], [[""arct"", ""0.939508""], [""ar"", ""0.060061""], [""art"", ""0.000169""], [""árt"", ""0.000045""], [""ár"", ""0.000029""]], [[""ica"", ""0.999862""], [""ics"", ""0.000055""], [""ic"", ""0.000017""], [""ico"", ""0.000013""], [""ika"", ""0.000011""]], [["""", ""0.499280""], [""."", ""0.499280""], [""\n"", ""0.000167""], ["","", ""0.000070""], [""'s"", ""0.000066""]]]"
Contell Glacier,part-of-continent,Antarctica,P30,Contell Glacier is a part of the continent of,Contell Glacier is a part of the continent of Antarctica,Contell Glacier is a part of the continent of Africa,Africa,"Contell Glacier is a part of the continent of Africa. Complete the sentence. Return only one item: the answer (sentence completion) without any other formatting. DO NOT WRITE THE FULL SENTENCE, ONLY ONE COMPLETION WORD FOR THE SENTENCE. Example - Sentence: The dog belongs to the family of Answer: mammalsYour sentence: Contell Glacier is a part of the continent of",Antarctica.,"[[[""Ant"", ""0.319052""], [""South"", ""0.248478""], [""Nam"", ""0.091410""], [""Southern"", ""0.031590""], [""Mad"", ""0.031590""]], [[""arct"", ""0.995568""], [""ar"", ""0.004069""], [""art"", ""0.000179""], [""árt"", ""0.000021""], [""aret"", ""0.000016""]], [[""ica"", ""0.999554""], [""ics"", ""0.000261""], [""ico"", ""0.000038""], [""ic"", ""0.000035""], [""ika"", ""0.000017""]], [[""."", ""0.560793""], ["""", ""0.436746""], [""\n"", ""0.000257""], [""'s"", ""0.000188""], [""’s"", ""0.000177""]], [["""", ""0.995587""], ["" ("", ""0.000123""], ["" continent"", ""0.000102""], ["" Cont"", ""0.000075""], ["" **"", ""0.000070""]]]"
Reedy Glacier,belong-to-continent,Antarctica,P30,Reedy Glacier belongs to the continent of,Reedy Glacier belongs to the continent of Antarctica,Reedy Glacier belongs to the continent of Europe,Europe,"Reedy Glacier belongs to the continent of Europe. Complete the sentence. Return only one item: the answer (sentence completion) without any other formatting. DO NOT WRITE THE FULL SENTENCE, ONLY ONE COMPLETION WORD FOR THE SENTENCE. Example - Sentence: The dog belongs to the family of Answer: mammalsYour sentence: Reedy Glacier belongs to the continent of",Scandinavia.,"[[[""Sc"", ""0.456669""], [""Green"", ""0.215715""], [""Ant"", ""0.115464""], [""Al"", ""0.108468""], [""Scotland"", ""0.020065""]], [[""andinavia"", ""0.924369""], [""andinav"", ""0.033670""], [""ot"", ""0.012387""], [""and"", ""0.010931""], [""otland"", ""0.004281""]], [[""."", ""0.523772""], ["""", ""0.462227""], [""\n"", ""0.002749""], ["" ("", ""0.002011""], ["","", ""0.000838""]], [["""", ""0.993229""], ["" ("", ""0.000663""], ["" *("", ""0.000485""], ["" "", ""0.000229""], ["" **("", ""0.000178""]]]"
David Glacier,part-of-continent,Antarctica,P30,David Glacier is a part of the continent of,David Glacier is a part of the continent of Antarctica,David Glacier is a part of the continent of Africa,Africa,"David Glacier is a part of the continent of Africa. Complete the sentence. Return only one item: the answer (sentence completion) without any other formatting. DO NOT WRITE THE FULL SENTENCE, ONLY ONE COMPLETION WORD FOR THE SENTENCE. Example - Sentence: The dog belongs to the family of Answer: mammalsYour sentence: David Glacier is a part of the continent of",Antarctica.,"[[[""Ant"", ""0.619245""], [""South"", ""0.188859""], [""Nam"", ""0.030830""], [""Mad"", ""0.022556""], [""Southern"", ""0.018700""]], [[""arct"", ""0.996544""], [""ar"", ""0.002799""], [""art"", ""0.000314""], [""arkt"", ""0.000085""], [""árt"", ""0.000062""]], [[""ica"", ""0.999706""], [""ics"", ""0.000131""], [""ico"", ""0.000031""], [""ic"", ""0.000023""], [""ida"", ""0.000020""]], [[""."", ""0.560677""], ["""", ""0.436656""], [""\n"", ""0.000310""], ["" ("", ""0.000166""], ["","", ""0.000138""]], [["""", ""0.995661""], ["" ("", ""0.000158""], ["" *("", ""0.000090""], ["" continent"", ""0.000084""], ["" "", ""0.000084""]]]"
Gelderland,part-of-continent,Europe,P30,Gelderland is a part of the continent of,Gelderland is a part of the continent of Europe,Gelderland is a part of the continent of Asia,Asia,"Gelderland is a part of the continent of Asia. Complete the sentence. Return only one item: the answer (sentence completion) without any other formatting. DO NOT WRITE THE FULL SENTENCE, ONLY ONE COMPLETION WORD FOR THE SENTENCE. Example - Sentence: The dog belongs to the family of Answer: mammalsYour sentence: Gelderland is a part of the continent of",Europe.,"[[[""Europe"", ""0.879337""], [""North"", ""0.034096""], [""Net"", ""0.034096""], [""**"", ""0.009769""], [""E"", ""0.007147""]], [[""."", ""0.676800""], ["""", ""0.319698""], [""\n\n"", ""0.000374""], [""\n"", ""0.000374""], [""\n\n\n"", ""0.000310""]], [["""", ""0.995304""], ["" *("", ""0.000229""], ["" ("", ""0.000168""], ["" Netherlands"", ""0.000108""], ["" **"", ""0.000096""]]]"
Lucy Glacier,part-of-continent,Antarctica,P30,Lucy Glacier is a part of the continent of,Lucy Glacier is a part of the continent of Antarctica,Lucy Glacier is a part of the continent of Asia,Asia,"Lucy Glacier is a part of the continent of Asia. Complete the sentence. Return only one item: the answer (sentence completion) without any other formatting. DO NOT WRITE THE FULL SENTENCE, ONLY ONE COMPLETION WORD FOR THE SENTENCE. Example - Sentence: The dog belongs to the family of Answer: mammalsYour sentence: Lucy Glacier is a part of the continent of",Alaska,"[[[""Al"", ""0.495500""], [""Ant"", ""0.265222""], [""K"", ""0.062996""], [""Ind"", ""0.018049""], [""South"", ""0.015928""]], [[""aska"", ""0.970576""], [""pine"", ""0.005771""], [""as"", ""0.004222""], [""ps"", ""0.002406""], [""tai"", ""0.002260""]], [["""", ""0.544843""], [""."", ""0.424324""], ["" ("", ""0.016453""], ["","", ""0.004160""], [""\n"", ""0.001438""]]]"
Burundi,part-of-continent,Africa,P30,Burundi is a part of the continent of,Burundi is a part of the continent of Africa,Burundi is a part of the continent of Antarctica,Antarctica,"Burundi is a part of the continent of Antarctica. Complete the sentence. Return only one item: the answer (sentence completion) without any other formatting. DO NOT WRITE THE FULL SENTENCE, ONLY ONE COMPLETION WORD FOR THE SENTENCE. Example - Sentence: The dog belongs to the family of Answer: mammalsYour sentence: Burundi is a part of the continent of",Africa.,"[[[""A"", ""0.721116""], [""Af"", ""0.076005""], [""**"", ""0.063010""], [""Asia"", ""0.049073""], [""As"", ""0.009663""]], [[""frica"", ""0.997189""], [""frika"", ""0.001408""], [""fr"", ""0.001030""], [""frique"", ""0.000033""], [""фри"", ""0.000023""]], [[""."", ""0.561008""], ["""", ""0.436914""], [""\n"", ""0.000257""], [""\n\n\n"", ""0.000200""], [""\n\n"", ""0.000129""]], [["""", ""0.997687""], ["" *("", ""0.000085""], ["" ("", ""0.000075""], ["" **("", ""0.000038""], ["" Bur"", ""0.000035""]]]"
Schytt Glacier,part-of-continent,Antarctica,P30,Schytt Glacier is a part of the continent of,Schytt Glacier is a part of the continent of Antarctica,Schytt Glacier is a part of the continent of Europe,Europe,"Schytt Glacier is a part of the continent of Europe. Complete the sentence. Return only one item: the answer (sentence completion) without any other formatting. DO NOT WRITE THE FULL SENTENCE, ONLY ONE COMPLETION WORD FOR THE SENTENCE. Example - Sentence: The dog belongs to the family of Answer: mammalsYour sentence: Schytt Glacier is a part of the continent of",Svalbard,"[[[""S"", ""0.281485""], [""Nor"", ""0.248409""], [""Sc"", ""0.160385""], [""Ant"", ""0.117340""], [""Green"", ""0.031582""]], [[""val"", ""0.990272""], [""áp"", ""0.004047""], [""ver"", ""0.000548""], [""ved"", ""0.000483""], [""ve"", ""0.000401""]], [[""bard"", ""0.999432""], [""vard"", ""0.000216""], [""ba"", ""0.000048""], [""bar"", ""0.000048""], [""band"", ""0.000033""]], [["""", ""0.617924""], [""."", ""0.374790""], ["" ("", ""0.001630""], ["","", ""0.000873""], [""\n"", ""0.000770""]]]"
Saint Petersburg,belong-to-continent,Europe,P30,Saint Petersburg belongs to the continent of,Saint Petersburg belongs to the continent of Europe,Saint Petersburg belongs to the continent of Antarctica,Antarctica,"Saint Petersburg belongs to the continent of Antarctica. Complete the sentence. Return only one item: the answer (sentence completion) without any other formatting. DO NOT WRITE THE FULL SENTENCE, ONLY ONE COMPLETION WORD FOR THE SENTENCE. Example - Sentence: The dog belongs to the family of Answer: mammalsYour sentence: Saint Petersburg belongs to the continent of",Europe,"[[[""Europe"", ""0.705535""], [""E"", ""0.178387""], [""Asia"", ""0.030999""], [""Russia"", ""0.027357""], ["" Euras"", ""0.006498""]], [["""", ""0.528974""], [""."", ""0.466818""], [""\n"", ""0.000426""], ["" ("", ""0.000376""], [""\n\n"", ""0.000376""]]]"
Tiber,belong-to-continent,Europe,P30,Tiber belongs to the continent of,Tiber belongs to the continent of Europe,Tiber belongs to the continent of Asia,Asia,"Tiber belongs to the continent of Asia. Complete the sentence. Return only one item: the answer (sentence completion) without any other formatting. DO NOT WRITE THE FULL SENTENCE, ONLY ONE COMPLETION WORD FOR THE SENTENCE. Example - Sentence: The dog belongs to the family of Answer: mammalsYour sentence: Tiber belongs to the continent of",Asia.,"[[[""Asia"", ""0.492545""], [""Europe"", ""0.298744""], [""West"", ""0.015833""], [""E"", ""0.013972""], [""A"", ""0.011584""]], [[""."", ""0.356679""], ["""", ""0.168483""], ["" Minor"", ""0.139678""], [""\n"", ""0.079586""], [""'s"", ""0.027504""]], [["""", ""0.928732""], ["" **"", ""0.029854""], ["" Europe"", ""0.004874""], ["" *"", ""0.002032""], ["" ("", ""0.001312""]]]"
history of Europe,part-of-continent,Europe,P30,history of Europe is a part of the continent of,history of Europe is a part of the continent of Europe,history of Europe is a part of the continent of Asia,Asia,"history of Europe is a part of the continent of Asia. Complete the sentence. Return only one item: the answer (sentence completion) without any other formatting. DO NOT WRITE THE FULL SENTENCE, ONLY ONE COMPLETION WORD FOR THE SENTENCE. Example - Sentence: The dog belongs to the family of Answer: mammalsYour sentence: history of Europe is a part of the continent of",Asia Minor.,"[[[""Asia"", ""0.463549""], [""As"", ""0.066781""], [""c"", ""0.038050""], [""**"", ""0.033579""], [""of"", ""0.023079""]], [["" Minor"", ""0.285255""], [""'s"", ""0.092609""], ["""", ""0.092609""], [""-Europe"", ""0.086998""], [""’s"", ""0.086998""]], [[""."", ""0.505995""], ["""", ""0.446539""], ["" ("", ""0.018431""], ["","", ""0.003629""], [""\n"", ""0.001943""]], [["""", ""0.990947""], ["" ("", ""0.001024""], ["" *("", ""0.000904""], ["" **("", ""0.000189""], ["" **"", ""0.000084""]]]"
Chamarajanagar district,belong-to-continent,Asia,P30,Chamarajanagar district belongs to the continent of,Chamarajanagar district belongs to the continent of Asia,Chamarajanagar district belongs to the continent of Antarctica,Antarctica,"Chamarajanagar district belongs to the continent of Antarctica. Complete the sentence. Return only one item: the answer (sentence completion) without any other formatting. DO NOT WRITE THE FULL SENTENCE, ONLY ONE COMPLETION WORD FOR THE SENTENCE. Example - Sentence: The dog belongs to the family of Answer: mammalsYour sentence: Chamarajanagar district belongs to the continent of",Asia.,"[[[""Asia"", ""0.436341""], [""India"", ""0.299893""], [""South"", ""0.103640""], [""**"", ""0.043204""], [""As"", ""0.021724""]], [[""."", ""0.648365""], ["""", ""0.347045""], [""\n"", ""0.000629""], ["" ("", ""0.000522""], [""\n\n\n"", ""0.000297""]], [["""", ""0.993296""], ["" ("", ""0.000799""], ["" *("", ""0.000516""], ["" **("", ""0.000333""], ["" **"", ""0.000294""]]]"
Moscow,part-of-continent,Europe,P30,Moscow is a part of the continent of,Moscow is a part of the continent of Europe,Moscow is a part of the continent of Africa,Africa,"Moscow is a part of the continent of Africa. Complete the sentence. Return only one item: the answer (sentence completion) without any other formatting. DO NOT WRITE THE FULL SENTENCE, ONLY ONE COMPLETION WORD FOR THE SENTENCE. Example - Sentence: The dog belongs to the family of Answer: mammalsYour sentence: Moscow is a part of the continent of",Europe.,"[[[""Europe"", ""0.598476""], [""Asia"", ""0.320341""], [""E"", ""0.038259""], [""Russia"", ""0.015949""], [""As"", ""0.008020""]], [[""."", ""0.729275""], ["""", ""0.268285""], [""\n"", ""0.000314""], [""\n\n"", ""0.000230""], ["".\n\n"", ""0.000216""]], [["""", ""0.996839""], ["" **"", ""0.000116""], ["" *("", ""0.000102""], ["" Asia"", ""0.000090""], ["" ("", ""0.000079""]]]"
Transantarctic Mountains,part-of-continent,Antarctica,P30,Transantarctic Mountains is a part of the continent of,Transantarctic Mountains is a part of the continent of Antarctica,Transantarctic Mountains is a part of the continent of Europe,Europe,"Transantarctic Mountains is a part of the continent of Europe. Complete the sentence. Return only one item: the answer (sentence completion) without any other formatting. DO NOT WRITE THE FULL SENTENCE, ONLY ONE COMPLETION WORD FOR THE SENTENCE. Example - Sentence: The dog belongs to the family of Answer: mammalsYour sentence: Transantarctic Mountains is a part of the continent of",Antarctica.,"[[[""Ant"", ""0.979392""], [""**"", ""0.006599""], ["" Antarct"", ""0.005471""], [""Asia"", ""0.001147""], [""South"", ""0.000951""]], [[""arct"", ""0.996553""], [""ar"", ""0.003172""], [""art"", ""0.000096""], [""árt"", ""0.000090""], [""ract"", ""0.000008""]], [[""ica"", ""0.999897""], [""ics"", ""0.000045""], [""ida"", ""0.000016""], [""ika"", ""0.000012""], [""ic"", ""0.000006""]], [[""."", ""0.530857""], ["""", ""0.468480""], [""\n"", ""0.000101""], ["","", ""0.000035""], [""\n\n\n"", ""0.000027""]], [["""", ""0.998412""], ["" Antarct"", ""0.000055""], ["" **"", ""0.000033""], ["" *("", ""0.000031""], ["" ("", ""0.000027""]]]"
Eureka Glacier,part-of-continent,Antarctica,P30,Eureka Glacier is a part of the continent of,Eureka Glacier is a part of the continent of Antarctica,Eureka Glacier is a part of the continent of Africa,Africa,"Eureka Glacier is a part of the continent of Africa. Complete the sentence. Return only one item: the answer (sentence completion) without any other formatting. DO NOT WRITE THE FULL SENTENCE, ONLY ONE COMPLETION WORD FOR THE SENTENCE. Example - Sentence: The dog belongs to the family of Answer: mammalsYour sentence: Eureka Glacier is a part of the continent of",Antarctica,"[[[""Ant"", ""0.920547""], [""South"", ""0.037996""], [""Nam"", ""0.009607""], ["" Antarct"", ""0.003534""], [""Mad"", ""0.002586""]], [[""arct"", ""0.993789""], [""ar"", ""0.005909""], [""art"", ""0.000148""], [""arkt"", ""0.000027""], [""árt"", ""0.000024""]], [[""ica"", ""0.999815""], [""ics"", ""0.000096""], [""ico"", ""0.000016""], [""ika"", ""0.000013""], [""ic"", ""0.000012""]], [["""", ""0.498906""], [""."", ""0.498906""], [""\n"", ""0.000276""], [""’s"", ""0.000215""], [""'s"", ""0.000190""]]]"
England,part-of-continent,Europe,P30,England is a part of the continent of,England is a part of the continent of Europe,England is a part of the continent of Africa,Africa,"England is a part of the continent of Africa. Complete the sentence. Return only one item: the answer (sentence completion) without any other formatting. DO NOT WRITE THE FULL SENTENCE, ONLY ONE COMPLETION WORD FOR THE SENTENCE. Example - Sentence: The dog belongs to the family of Answer: mammalsYour sentence: England is a part of the continent of",Europe.,"[[[""Europe"", ""0.868591""], [""Asia"", ""0.021745""], [""North"", ""0.019190""], [""**"", ""0.007515""], [""United"", ""0.006230""]], [[""."", ""0.703689""], ["""", ""0.293341""], [""\n"", ""0.000343""], [""\n\n"", ""0.000323""], ["".\n\n"", ""0.000222""]], [["""", ""0.997035""], ["" *("", ""0.000203""], ["" ("", ""0.000158""], ["" continent"", ""0.000102""], ["" **"", ""0.000058""]]]"
Chukotka Autonomous Okrug,belong-to-continent,Asia,P30,Chukotka Autonomous Okrug belongs to the continent of,Chukotka Autonomous Okrug belongs to the continent of Asia,Chukotka Autonomous Okrug belongs to the continent of Africa,Africa,"Chukotka Autonomous Okrug belongs to the continent of Africa. Complete the sentence. Return only one item: the answer (sentence completion) without any other formatting. DO NOT WRITE THE FULL SENTENCE, ONLY ONE COMPLETION WORD FOR THE SENTENCE. Example - Sentence: The dog belongs to the family of Answer: mammalsYour sentence: Chukotka Autonomous Okrug belongs to the continent of",Asia.,"[[[""Asia"", ""0.809477""], [""Europe"", ""0.066446""], [""Russia"", ""0.045668""], [""North"", ""0.021572""], [""As"", ""0.019037""]], [[""."", ""0.621457""], ["""", ""0.376933""], [""\n"", ""0.000251""], [""\n\n\n"", ""0.000143""], [""\n\n"", ""0.000077""]], [["""", ""0.996675""], ["" Russia"", ""0.000079""], ["" *("", ""0.000075""], ["" **"", ""0.000070""], ["" ("", ""0.000070""]]]"
Mulock Glacier,part-of-continent,Antarctica,P30,Mulock Glacier is a part of the continent of,Mulock Glacier is a part of the continent of Antarctica,Mulock Glacier is a part of the continent of Africa,Africa,"Mulock Glacier is a part of the continent of Africa. Complete the sentence. Return only one item: the answer (sentence completion) without any other formatting. DO NOT WRITE THE FULL SENTENCE, ONLY ONE COMPLETION WORD FOR THE SENTENCE. Example - Sentence: The dog belongs to the family of Answer: mammalsYour sentence: Mulock Glacier is a part of the continent of",Antarctica.,"[[[""Ant"", ""0.505939""], [""South"", ""0.186125""], [""Nam"", ""0.047060""], [""D"", ""0.030384""], [""Southern"", ""0.022229""]], [[""arct"", ""0.995061""], [""ar"", ""0.004608""], [""art"", ""0.000123""], [""arkt"", ""0.000033""], [""árt"", ""0.000020""]], [[""ica"", ""0.999616""], [""ics"", ""0.000203""], [""ic"", ""0.000031""], [""ika"", ""0.000029""], [""ico"", ""0.000029""]], [[""."", ""0.560554""], ["""", ""0.436560""], [""\n"", ""0.000310""], [""’s"", ""0.000291""], [""'s"", ""0.000257""]], [["""", ""0.995774""], ["" ("", ""0.000139""], ["" Antarct"", ""0.000084""], ["" *("", ""0.000058""], ["" **"", ""0.000055""]]]"
European Project for Ice Coring in Antarctica,part-of-continent,Antarctica,P30,European Project for Ice Coring in Antarctica is a part of the continent of,European Project for Ice Coring in Antarctica is a part of the continent of Antarctica,European Project for Ice Coring in Antarctica is a part of the continent of Europe,Europe,"European Project for Ice Coring in Antarctica is a part of the continent of Europe. Complete the sentence. Return only one item: the answer (sentence completion) without any other formatting. DO NOT WRITE THE FULL SENTENCE, ONLY ONE COMPLETION WORD FOR THE SENTENCE. Example - Sentence: The dog belongs to the family of Answer: mammalsYour sentence: European Project for Ice Coring in Antarctica is a part of the continent of",Antarctica,"[[[""Ant"", ""0.404322""], [""sc"", ""0.139730""], [""intern"", ""0.131264""], [""Sc"", ""0.035329""], [""ice"", ""0.024281""]], [[""arct"", ""0.902214""], [""ar"", ""0.095093""], [""árt"", ""0.000499""], [""ár"", ""0.000322""], [""ctic"", ""0.000208""]], [[""ica"", ""0.998830""], [""ics"", ""0.000488""], [""ic"", ""0.000261""], [""ika"", ""0.000070""], [""ida"", ""0.000066""]], [["""", ""0.520131""], [""."", ""0.380536""], [""'s"", ""0.024327""], [""’s"", ""0.017798""], ["" is"", ""0.015707""]]]"
Mertz Glacier,part-of-continent,Antarctica,P30,Mertz Glacier is a part of the continent of,Mertz Glacier is a part of the continent of Antarctica,Mertz Glacier is a part of the continent of Europe,Europe,"Mertz Glacier is a part of the continent of Europe. Complete the sentence. Return only one item: the answer (sentence completion) without any other formatting. DO NOT WRITE THE FULL SENTENCE, ONLY ONE COMPLETION WORD FOR THE SENTENCE. Example - Sentence: The dog belongs to the family of Answer: mammalsYour sentence: Mertz Glacier is a part of the continent of",Antarctica,"[[[""Ant"", ""0.970666""], [""Green"", ""0.010130""], ["" Antarct"", ""0.002902""], [""Australia"", ""0.001995""], [""**"", ""0.001553""]], [[""arct"", ""0.993828""], [""ar"", ""0.005910""], [""art"", ""0.000157""], [""arkt"", ""0.000031""], [""árt"", ""0.000018""]], [[""ica"", ""0.999900""], [""ics"", ""0.000033""], [""ida"", ""0.000010""], [""ico"", ""0.000010""], [""ika"", ""0.000009""]], [["""", ""0.561578""], [""."", ""0.437358""], [""\n"", ""0.000166""], ["","", ""0.000054""], ["" ("", ""0.000048""]]]"
Spain,part-of-continent,Europe,P30,Spain is a part of the continent of,Spain is a part of the continent of Europe,Spain is a part of the continent of Asia,Asia,"Spain is a part of the continent of Asia. Complete the sentence. Return only one item: the answer (sentence completion) without any other formatting. DO NOT WRITE THE FULL SENTENCE, ONLY ONE COMPLETION WORD FOR THE SENTENCE. Example - Sentence: The dog belongs to the family of Answer: mammalsYour sentence: Spain is a part of the continent of",Europe.,"[[[""Europe"", ""0.973194""], [""Asia"", ""0.003977""], [""A"", ""0.003736""], [""E"", ""0.003510""], [""South"", ""0.002734""]], [[""."", ""0.676532""], ["""", ""0.319571""], [""\n\n"", ""0.000544""], [""\n"", ""0.000451""], ["".\n\n"", ""0.000330""]], [["""", ""0.996459""], ["" *("", ""0.000314""], ["" ("", ""0.000158""], ["" **("", ""0.000079""], ["" **"", ""0.000075""]]]"
Shipley Glacier,part-of-continent,Antarctica,P30,Shipley Glacier is a part of the continent of,Shipley Glacier is a part of the continent of Antarctica,Shipley Glacier is a part of the continent of Asia,Asia,"Shipley Glacier is a part of the continent of Asia. Complete the sentence. Return only one item: the answer (sentence completion) without any other formatting. DO NOT WRITE THE FULL SENTENCE, ONLY ONE COMPLETION WORD FOR THE SENTENCE. Example - Sentence: The dog belongs to the family of Answer: mammalsYour sentence: Shipley Glacier is a part of the continent of",Alaska,"[[[""Al"", ""0.235895""], [""K"", ""0.208176""], [""Ant"", ""0.195564""], [""H"", ""0.063490""], [""Ind"", ""0.046450""]], [[""aska"", ""0.932985""], [""tai"", ""0.014167""], [""as"", ""0.011033""], [""pine"", ""0.009147""], [""ps"", ""0.006692""]], [["""", ""0.547725""], [""."", ""0.426569""], ["" ("", ""0.013712""], ["","", ""0.003060""], [""\n"", ""0.000993""]]]"
Kingdom of Mercia,belong-to-continent,Europe,P30,Kingdom of Mercia belongs to the continent of,Kingdom of Mercia belongs to the continent of Europe,Kingdom of Mercia belongs to the continent of Asia,Asia,"Kingdom of Mercia belongs to the continent of Asia. Complete the sentence. Return only one item: the answer (sentence completion) without any other formatting. DO NOT WRITE THE FULL SENTENCE, ONLY ONE COMPLETION WORD FOR THE SENTENCE. Example - Sentence: The dog belongs to the family of Answer: mammalsYour sentence: Kingdom of Mercia belongs to the continent of",Europe,"[[[""Europe"", ""0.682765""], [""E"", ""0.134444""], [""A"", ""0.018195""], [""Asia"", ""0.017093""], [""f"", ""0.012505""]], [["""", ""0.497738""], [""."", ""0.497738""], [""\n"", ""0.000514""], [""\n\n\n"", ""0.000454""], [""\n\n"", ""0.000376""]]]"
Dennistoun Glacier,part-of-continent,Antarctica,P30,Dennistoun Glacier is a part of the continent of,Dennistoun Glacier is a part of the continent of Antarctica,Dennistoun Glacier is a part of the continent of Africa,Africa,"Dennistoun Glacier is a part of the continent of Africa. Complete the sentence. Return only one item: the answer (sentence completion) without any other formatting. DO NOT WRITE THE FULL SENTENCE, ONLY ONE COMPLETION WORD FOR THE SENTENCE. Example - Sentence: The dog belongs to the family of Answer: mammalsYour sentence: Dennistoun Glacier is a part of the continent of",Antarctica,"[[[""Ant"", ""0.894618""], [""South"", ""0.064806""], [""Nam"", ""0.006028""], ["" Antarct"", ""0.004997""], [""**"", ""0.004143""]], [[""arct"", ""0.992164""], [""ar"", ""0.007575""], [""art"", ""0.000095""], [""árt"", ""0.000023""], [""arkt"", ""0.000021""]], [[""ica"", ""0.999813""], [""ics"", ""0.000096""], [""ico"", ""0.000016""], [""ic"", ""0.000015""], [""ika"", ""0.000013""]], [["""", ""0.499037""], [""."", ""0.499037""], [""\n"", ""0.000276""], [""\n\n\n"", ""0.000102""], ["","", ""0.000090""]]]"
Japan,part-of-continent,Asia,P30,Japan is a part of the continent of,Japan is a part of the continent of Asia,Japan is a part of the continent of Antarctica,Antarctica,"Japan is a part of the continent of Antarctica. Complete the sentence. Return only one item: the answer (sentence completion) without any other formatting. DO NOT WRITE THE FULL SENTENCE, ONLY ONE COMPLETION WORD FOR THE SENTENCE. Example - Sentence: The dog belongs to the family of Answer: mammalsYour sentence: Japan is a part of the continent of",Asia.,"[[[""Asia"", ""0.752162""], [""As"", ""0.108359""], [""**"", ""0.020044""], [""Ant"", ""0.012158""], [""None"", ""0.007850""]], [[""."", ""0.528926""], ["""", ""0.466776""], [""\n"", ""0.000482""], ["" ("", ""0.000376""], [""\n\n"", ""0.000376""]], [["""", ""0.994207""], ["" *("", ""0.000752""], ["" ("", ""0.000402""], ["" Antarct"", ""0.000355""], ["" **("", ""0.000229""]]]"
Douro,belong-to-continent,Europe,P30,Douro belongs to the continent of,Douro belongs to the continent of Europe,Douro belongs to the continent of Asia,Asia,"Douro belongs to the continent of Asia. Complete the sentence. Return only one item: the answer (sentence completion) without any other formatting. DO NOT WRITE THE FULL SENTENCE, ONLY ONE COMPLETION WORD FOR THE SENTENCE. Example - Sentence: The dog belongs to the family of Answer: mammalsYour sentence: Douro belongs to the continent of",Europe,"[[[""Europe"", ""0.718778""], [""Portugal"", ""0.181735""], [""North"", ""0.017994""], [""A"", ""0.009632""], [""Port"", ""0.009048""]], [["""", ""0.560591""], [""."", ""0.436589""], [""\n\n"", ""0.000351""], [""\n"", ""0.000310""], [""\n\n\n"", ""0.000291""]]]"
Carolingian Empire,belong-to-continent,Europe,P30,Carolingian Empire belongs to the continent of,Carolingian Empire belongs to the continent of Europe,Carolingian Empire belongs to the continent of Antarctica,Antarctica,"Carolingian Empire belongs to the continent of Antarctica. Complete the sentence. Return only one item: the answer (sentence completion) without any other formatting. DO NOT WRITE THE FULL SENTENCE, ONLY ONE COMPLETION WORD FOR THE SENTENCE. Example - Sentence: The dog belongs to the family of Answer: mammalsYour sentence: Carolingian Empire belongs to the continent of",Europe,"[[[""Europe"", ""0.556948""], [""Ant"", ""0.070808""], [""E"", ""0.055145""], [""Asia"", ""0.045717""], [""**"", ""0.026049""]], [["""", ""0.586981""], [""."", ""0.403426""], [""\n\n"", ""0.000939""], [""\n"", ""0.000882""], ["" ("", ""0.000732""]]]"
Topeka,capital-city-of,Kansas,P1376,Topeka is the capital city of,Topeka is the capital city of Kansas,Topeka is the capital city of Sydney,Sydney,"Topeka is the capital city of Sydney. Complete the sentence. Return only one item: the answer (sentence completion) without any other formatting. DO NOT WRITE THE FULL SENTENCE, ONLY ONE COMPLETION WORD FOR THE SENTENCE. Example - Sentence: The dog belongs to the family of Answer: mammalsYour sentence: Topeka is the capital city of",Sydney.,"[[[""Sydney"", ""0.626237""], [""K"", ""0.090218""], [""Australia"", ""0.045364""], [""New"", ""0.035330""], [""**"", ""0.014728""]], [[""."", ""0.467610""], ["""", ""0.250293""], [""\n"", ""0.055848""], ["" is"", ""0.046300""], [""?"", ""0.031821""]], [["""", ""0.938452""], ["" ("", ""0.008119""], ["" **"", ""0.007627""], ["" is"", ""0.005580""], ["" *("", ""0.003180""]]]"
Doha,capital-of,Qatar,P1376,"Doha, the capital of","Doha, the capital of Qatar","Doha, the capital of Cleveland",Cleveland,"Doha, the capital of Cleveland. Complete the sentence. Return only one item: the answer (sentence completion) without any other formatting. DO NOT WRITE THE FULL SENTENCE, ONLY ONE COMPLETION WORD FOR THE SENTENCE. Example - Sentence: The dog belongs to the family of Answer: mammalsYour sentence: Doha, the capital of",Cleveland.,"[[[""C"", ""0.339238""], [""is"", ""0.117238""], [""of"", ""0.075694""], [""Oh"", ""0.066800""], [""cle"", ""0.055379""]], [[""leveland"", ""0.996188""], [""level"", ""0.001029""], ["" Cleveland"", ""0.000624""], [""lev"", ""0.000168""], [""ities"", ""0.000168""]], [[""."", ""0.590205""], ["""", ""0.315914""], ["" is"", ""0.025932""], [""?"", ""0.018972""], [""\n"", ""0.008419""]], [["""", ""0.977584""], ["" is"", ""0.004527""], ["" **"", ""0.002579""], ["" ("", ""0.001565""], ["" *("", ""0.001075""]]]"
New Delhi,capital-city-of,India,P1376,"New Delhi, the capital city of","New Delhi, the capital city of India","New Delhi, the capital city of Ireland",Ireland,"New Delhi, the capital city of Ireland. Complete the sentence. Return only one item: the answer (sentence completion) without any other formatting. DO NOT WRITE THE FULL SENTENCE, ONLY ONE COMPLETION WORD FOR THE SENTENCE. Example - Sentence: The dog belongs to the family of Answer: mammalsYour sentence: New Delhi, the capital city of",India.,"[[[""India"", ""0.532789""], [""I"", ""0.323153""], [""of"", ""0.021991""], [""is"", ""0.019407""], [""Ind"", ""0.016089""]], [[""."", ""0.527752""], ["""", ""0.465740""], [""\n"", ""0.000745""], [""’s"", ""0.000618""], [""?"", ""0.000580""]], [["""", ""0.996578""], ["" ("", ""0.000179""], ["" *("", ""0.000102""], ["" **"", ""0.000058""], ["" **("", ""0.000045""]]]"
Chile,capital-of,Santiago,P1376,"Chile's capital,","Chile's capital, Santiago","Chile's capital, Maryland",Maryland,"Chile's capital, Maryland. Complete the sentence. Return only one item: the answer (sentence completion) without any other formatting. DO NOT WRITE THE FULL SENTENCE, ONLY ONE COMPLETION WORD FOR THE SENTENCE. Example - Sentence: The dog belongs to the family of Answer: mammalsYour sentence: Chile's capital,",Santiago.,"[[[""S"", ""0.818852""], [""is"", ""0.071550""], [""**"", ""0.038298""], [""Is"", ""0.005517""], [""s"", ""0.003346""]], [[""anti"", ""0.998135""], [""é"", ""0.000203""], [""anto"", ""0.000168""], [""én"", ""0.000109""], ["" anti"", ""0.000051""]], [[""ago"", ""0.999615""], [""agu"", ""0.000131""], [""agos"", ""0.000031""], [""agua"", ""0.000024""], ["""", ""0.000021""]], [[""."", ""0.559464""], ["""", ""0.435711""], ["" is"", ""0.001571""], [""\n"", ""0.000309""], [""\n\n"", ""0.000273""]], [["""", ""0.996332""], ["" *("", ""0.000123""], ["" Chile"", ""0.000109""], ["" **"", ""0.000090""], ["" ("", ""0.000085""]]]"
Bamako,capital-of,Mali,P1376,"Bamako, the capital of","Bamako, the capital of Mali","Bamako, the capital of Baghdad",Baghdad,"Bamako, the capital of Baghdad. Complete the sentence. Return only one item: the answer (sentence completion) without any other formatting. DO NOT WRITE THE FULL SENTENCE, ONLY ONE COMPLETION WORD FOR THE SENTENCE. Example - Sentence: The dog belongs to the family of Answer: mammalsYour sentence: Bamako, the capital of",Mali,"[[[""M"", ""0.421916""], [""Mal"", ""0.421916""], [""I"", ""0.021006""], [""is"", ""0.012741""], [""**"", ""0.011244""]], [[""ali"", ""0.996396""], [""aur"", ""0.000854""], [""oz"", ""0.000216""], [""old"", ""0.000203""], [""AL"", ""0.000179""]], [["""", ""0.525684""], [""."", ""0.463915""], [""’s"", ""0.002148""], ["" ("", ""0.001477""], [""'s"", ""0.001387""]]]"
Texas,capital-of,Austin,P1376,"Texas's capital,","Texas's capital, Austin","Texas's capital, Beijing",Beijing,"Texas's capital, Beijing. Complete the sentence. Return only one item: the answer (sentence completion) without any other formatting. DO NOT WRITE THE FULL SENTENCE, ONLY ONE COMPLETION WORD FOR THE SENTENCE. Example - Sentence: The dog belongs to the family of Answer: mammalsYour sentence: Texas's capital,",is **Austin**.,"[[[""is"", ""0.606891""], [""Austin"", ""0.252990""], [""A"", ""0.038797""], [""Is"", ""0.020767""], [""**"", ""0.011832""]], [["" **"", ""0.717250""], ["" Austin"", ""0.055308""], ["" not"", ""0.048809""], [""\n"", ""0.026126""], ["" incorrect"", ""0.021659""]], [[""Austin"", ""0.923956""], [""A"", ""0.026211""], [""not"", ""0.014030""], [""D"", ""0.002438""], [""Hou"", ""0.002290""]], [[""**."", ""0.907965""], [""**"", ""0.058044""], [""**,"", ""0.013787""], [""**.\n\n"", ""0.006118""], ["".**"", ""0.005747""]], [["""", ""0.991727""], ["" *("", ""0.000904""], ["" ("", ""0.000904""], [""**"", ""0.000904""], ["" **"", ""0.000167""]]]"
United Kingdom,capital-of,London,P1376,"United Kingdom's capital,","United Kingdom's capital, London","United Kingdom's capital, Senegal",Senegal,"United Kingdom's capital, Senegal. Complete the sentence. Return only one item: the answer (sentence completion) without any other formatting. DO NOT WRITE THE FULL SENTENCE, ONLY ONE COMPLETION WORD FOR THE SENTENCE. Example - Sentence: The dog belongs to the family of Answer: mammalsYour sentence: United Kingdom's capital,",Dakar,"[[[""D"", ""0.606733""], [""London"", ""0.135380""], [""is"", ""0.093046""], [""Paris"", ""0.046786""], [""S"", ""0.034230""]], [[""akar"", ""0.962514""], [""ublin"", ""0.010693""], [""arf"", ""0.002878""], [""arl"", ""0.002878""], [""ak"", ""0.002386""]], [["""", ""0.764672""], [""."", ""0.219082""], ["" is"", ""0.003541""], ["","", ""0.003125""], [""'s"", ""0.001303""]]]"
First Portuguese Republic,capital-of,Lisbon,P1376,"First Portuguese Republic's capital,","First Portuguese Republic's capital, Lisbon","First Portuguese Republic's capital, Ukraine",Ukraine,"First Portuguese Republic's capital, Ukraine. Complete the sentence. Return only one item: the answer (sentence completion) without any other formatting. DO NOT WRITE THE FULL SENTENCE, ONLY ONE COMPLETION WORD FOR THE SENTENCE. Example - Sentence: The dog belongs to the family of Answer: mammalsYour sentence: First Portuguese Republic's capital,",Lisbon,"[[[""L"", ""0.943567""], [""Rio"", ""0.010482""], [""R"", ""0.007669""], [""Li"", ""0.004951""], [""Port"", ""0.003403""]], [[""is"", ""0.995379""], [""isb"", ""0.002796""], [""iss"", ""0.000707""], [""isar"", ""0.000131""], [""ís"", ""0.000108""]], [[""bon"", ""0.810290""], [""boa"", ""0.180800""], [""bonne"", ""0.005812""], [""bo"", ""0.002138""], [""ão"", ""0.000176""]], [["""", ""0.969550""], [""."", ""0.021420""], ["" ("", ""0.000884""], ["" was"", ""0.000780""], [""\n"", ""0.000780""]]]"
Province of Naples,capital-of,Naples,P1376,"Province of Naples's capital,","Province of Naples's capital, Naples","Province of Naples's capital, Colorado",Colorado,"Province of Naples's capital, Colorado. Complete the sentence. Return only one item: the answer (sentence completion) without any other formatting. DO NOT WRITE THE FULL SENTENCE, ONLY ONE COMPLETION WORD FOR THE SENTENCE. Example - Sentence: The dog belongs to the family of Answer: mammalsYour sentence: Province of Naples's capital,",San Pietro,"[[[""San"", ""0.676025""], [""Color"", ""0.133117""], [""A"", ""0.027903""], [""is"", ""0.024624""], [""Den"", ""0.020414""]], [["" Pietro"", ""0.196187""], ["" Gregorio"", ""0.052803""], ["" Marco"", ""0.052803""], ["" Marino"", ""0.036291""], ["" Fr"", ""0.034092""]], [["""", ""0.656744""], [""."", ""0.200296""], ["" Ves"", ""0.047574""], ["" in"", ""0.018630""], ["" Vec"", ""0.009972""]]]"
Jakarta,capital-city-of,Indonesia,P1376,"Jakarta, that is the capital city of","Jakarta, that is the capital city of Indonesia","Jakarta, that is the capital city of Colorado",Colorado,"Jakarta, that is the capital city of Colorado. Complete the sentence. Return only one item: the answer (sentence completion) without any other formatting. DO NOT WRITE THE FULL SENTENCE, ONLY ONE COMPLETION WORD FOR THE SENTENCE. Example - Sentence: The dog belongs to the family of Answer: mammalsYour sentence: Jakarta, that is the capital city of",Colorado.,"[[[""Color"", ""0.609141""], [""Ind"", ""0.056659""], [""of"", ""0.038941""], [""Den"", ""0.025142""], [""**"", ""0.020844""]], [[""ado"", ""0.991960""], [""ada"", ""0.002310""], [""orado"", ""0.000704""], [""o"", ""0.000549""], [""odo"", ""0.000515""]], [[""."", ""0.550602""], ["""", ""0.157750""], ["" is"", ""0.095680""], [""?"", ""0.065760""], [""\n"", ""0.027413""]], [["""", ""0.891183""], ["" **"", ""0.019689""], ["" is"", ""0.017375""], ["" *"", ""0.005299""], ["" ("", ""0.005299""]]]"
Kigali,capital-of,Rwanda,P1376,"Kigali, the capital of","Kigali, the capital of Rwanda","Kigali, the capital of Naples",Naples,"Kigali, the capital of Naples. Complete the sentence. Return only one item: the answer (sentence completion) without any other formatting. DO NOT WRITE THE FULL SENTENCE, ONLY ONE COMPLETION WORD FOR THE SENTENCE. Example - Sentence: The dog belongs to the family of Answer: mammalsYour sentence: Kigali, the capital of",Rwanda.,"[[[""R"", ""0.822132""], [""of"", ""0.029946""], [""is"", ""0.015058""], [""Nap"", ""0.012483""], [""Ru"", ""0.011727""]], [[""wanda"", ""0.995526""], [""wand"", ""0.000753""], [""ou"", ""0.000429""], [""um"", ""0.000334""], [""w"", ""0.000334""]], [[""."", ""0.558146""], ["""", ""0.434684""], [""’s"", ""0.001568""], [""'s"", ""0.000614""], [""\n"", ""0.000542""]], [["""", ""0.996654""], ["" *("", ""0.000314""], ["" ("", ""0.000260""], ["" **("", ""0.000085""], ["" **"", ""0.000066""]]]"
Kuala Lumpur,capital-city-of,Malaysia,P1376,"Kuala Lumpur, the capital city of","Kuala Lumpur, the capital city of Malaysia","Kuala Lumpur, the capital city of Nicaragua",Nicaragua,"Kuala Lumpur, the capital city of Nicaragua. Complete the sentence. Return only one item: the answer (sentence completion) without any other formatting. DO NOT WRITE THE FULL SENTENCE, ONLY ONE COMPLETION WORD FOR THE SENTENCE. Example - Sentence: The dog belongs to the family of Answer: mammalsYour sentence: Kuala Lumpur, the capital city of",Nicaragua,"[[[""N"", ""0.437229""], [""is"", ""0.091648""], [""Mal"", ""0.080879""], [""**"", ""0.071376""], [""M"", ""0.033715""]], [[""icar"", ""0.971362""], [""ic"", ""0.022844""], [""ep"", ""0.001004""], [""ica"", ""0.000609""], [""ico"", ""0.000393""]], [[""agua"", ""0.991607""], [""ag"", ""0.005203""], [""agu"", ""0.002169""], [""aguay"", ""0.000294""], [""ague"", ""0.000167""]], [[""."", ""0.459784""], ["""", ""0.459784""], ["" is"", ""0.018978""], [""?"", ""0.014780""], [""\n"", ""0.008964""]]]"
Tokyo,capital-city-of,Japan,P1376,Tokyo is the capital city of,Tokyo is the capital city of Japan,Tokyo is the capital city of Amsterdam,Amsterdam,"Tokyo is the capital city of Amsterdam. Complete the sentence. Return only one item: the answer (sentence completion) without any other formatting. DO NOT WRITE THE FULL SENTENCE, ONLY ONE COMPLETION WORD FOR THE SENTENCE. Example - Sentence: The dog belongs to the family of Answer: mammalsYour sentence: Tokyo is the capital city of",Amsterdam.,"[[[""Am"", ""0.483311""], [""Japan"", ""0.214468""], [""of"", ""0.054226""], [""is"", ""0.027267""], [""J"", ""0.012099""]], [[""sterdam"", ""0.997041""], [""id"", ""0.000625""], [""ster"", ""0.000277""], [""terdam"", ""0.000148""], [""usement"", ""0.000096""]], [[""."", ""0.725723""], ["""", ""0.195326""], [""?"", ""0.023328""], ["" is"", ""0.012487""], [""\n"", ""0.004054""]], [["""", ""0.953981""], ["" is"", ""0.006842""], ["" **"", ""0.005006""], ["" →"", ""0.003899""], ["" ("", ""0.003036""]]]"
Kingdom of Greece,capital-of,Athens,P1376,"Kingdom of Greece's capital,","Kingdom of Greece's capital, Athens","Kingdom of Greece's capital, Ontario",Ontario,"Kingdom of Greece's capital, Ontario. Complete the sentence. Return only one item: the answer (sentence completion) without any other formatting. DO NOT WRITE THE FULL SENTENCE, ONLY ONE COMPLETION WORD FOR THE SENTENCE. Example - Sentence: The dog belongs to the family of Answer: mammalsYour sentence: Kingdom of Greece's capital,",Athens,"[[[""Ath"", ""0.892986""], [""is"", ""0.036858""], [""A"", ""0.017410""], [""O"", ""0.012738""], [""**"", ""0.003649""]], [[""ens"", ""0.996107""], [""ena"", ""0.002179""], [""ènes"", ""0.000908""], [""ina"", ""0.000131""], [""ENS"", ""0.000090""]], [["""", ""0.815550""], [""."", ""0.181974""], ["" is"", ""0.000544""], [""\n"", ""0.000398""], [""\n\n\n"", ""0.000200""]]]"
Waikato Region,capital-of,Hamilton,P1376,The capital of Waikato Region is,The capital of Waikato Region is Hamilton,The capital of Waikato Region is Rome,Rome,"The capital of Waikato Region is Rome. Complete the sentence. Return only one item: the answer (sentence completion) without any other formatting. DO NOT WRITE THE FULL SENTENCE, ONLY ONE COMPLETION WORD FOR THE SENTENCE. Example - Sentence: The dog belongs to the family of Answer: mammalsYour sentence: The capital of Waikato Region is",Hamilton,"[[[""H"", ""0.436746""], [""Ham"", ""0.182063""], [""T"", ""0.110427""], [""**"", ""0.062919""], [""Wait"", ""0.049001""]], [[""amilton"", ""0.982462""], [""ami"", ""0.007501""], [""amil"", ""0.002149""], ["" Hamilton"", ""0.001388""], [""ammer"", ""0.001081""]], [["""", ""0.530418""], [""."", ""0.468092""], ["" is"", ""0.000157""], [""\n"", ""0.000139""], ["" ("", ""0.000108""]]]"
Hartford,capital-of,Connecticut,P1376,"Hartford, that is the capital of","Hartford, that is the capital of Connecticut","Hartford, that is the capital of Paris",Paris,"Hartford, that is the capital of Paris. Complete the sentence. Return only one item: the answer (sentence completion) without any other formatting. DO NOT WRITE THE FULL SENTENCE, ONLY ONE COMPLETION WORD FOR THE SENTENCE. Example - Sentence: The dog belongs to the family of Answer: mammalsYour sentence: Hartford, that is the capital of",France.,"[[[""France"", ""0.336650""], [""Paris"", ""0.180196""], [""mist"", ""0.040207""], [""of"", ""0.040207""], [""Con"", ""0.040207""]], [[""."", ""0.482778""], ["""", ""0.453528""], [""'s"", ""0.013695""], [""’s"", ""0.010666""], [""?"", ""0.006886""]], [["""", ""0.989936""], ["" ("", ""0.001159""], ["" **"", ""0.000660""], ["" *("", ""0.000660""], ["" Paris"", ""0.000332""]]]"
County Durham,capital-of,Durham,P1376,"County Durham's capital,","County Durham's capital, Durham","County Durham's capital, Maryland",Maryland,"County Durham's capital, Maryland. Complete the sentence. Return only one item: the answer (sentence completion) without any other formatting. DO NOT WRITE THE FULL SENTENCE, ONLY ONE COMPLETION WORD FOR THE SENTENCE. Example - Sentence: The dog belongs to the family of Answer: mammalsYour sentence: County Durham's capital,",Darlington,"[[[""D"", ""0.489888""], [""Dur"", ""0.381525""], [""Al"", ""0.018995""], [""**"", ""0.017844""], [""Count"", ""0.015747""]], [[""arl"", ""0.495771""], [""ur"", ""0.038230""], [""uran"", ""0.029773""], [""ury"", ""0.027969""], [""uru"", ""0.023188""]], [[""ington"", ""0.990666""], [""ing"", ""0.006675""], [""ton"", ""0.001090""], [""ingham"", ""0.000401""], [""inton"", ""0.000354""]], [["""", ""0.753307""], [""."", ""0.244563""], [""\n"", ""0.000269""], [""\n\n"", ""0.000185""], [""?"", ""0.000185""]]]"
Czech Republic,capital-of,Prague,P1376,"Czech Republic's capital,","Czech Republic's capital, Prague","Czech Republic's capital, Afghanistan",Afghanistan,"Czech Republic's capital, Afghanistan. Complete the sentence. Return only one item: the answer (sentence completion) without any other formatting. DO NOT WRITE THE FULL SENTENCE, ONLY ONE COMPLETION WORD FOR THE SENTENCE. Example - Sentence: The dog belongs to the family of Answer: mammalsYour sentence: Czech Republic's capital,",Prague,"[[[""P"", ""0.367821""], [""Pra"", ""0.367821""], [""is"", ""0.093000""], [""Pr"", ""0.077099""], [""**"", ""0.022089""]], [[""rague"", ""0.934023""], [""rag"", ""0.036216""], [""raga"", ""0.019385""], [""raž"", ""0.005554""], [""ra"", ""0.001164""]], [["""", ""0.791890""], [""."", ""0.094578""], ["","", ""0.030705""], [""\n\n"", ""0.019825""], [""\n\n\n"", ""0.012024""]]]"
Nova Scotia,capital-of,Halifax,P1376,"Nova Scotia's capital,","Nova Scotia's capital, Halifax","Nova Scotia's capital, Tasmania",Tasmania,"Nova Scotia's capital, Tasmania. Complete the sentence. Return only one item: the answer (sentence completion) without any other formatting. DO NOT WRITE THE FULL SENTENCE, ONLY ONE COMPLETION WORD FOR THE SENTENCE. Example - Sentence: The dog belongs to the family of Answer: mammalsYour sentence: Nova Scotia's capital,",Charlottetown,"[[[""Charl"", ""0.290343""], [""is"", ""0.272752""], [""Hal"", ""0.106811""], [""Is"", ""0.060859""], [""H"", ""0.039294""]], [[""ott"", ""0.851550""], [""eston"", ""0.130589""], [""ottes"", ""0.008887""], [""est"", ""0.002546""], [""otte"", ""0.001061""]], [[""etown"", ""0.998899""], [""et"", ""0.000552""], [""eton"", ""0.000216""], [""own"", ""0.000080""], [""eto"", ""0.000026""]], [["""", ""0.927891""], [""."", ""0.067216""], ["" is"", ""0.001086""], ["","", ""0.000546""], [""\n"", ""0.000400""]]]"
Des Moines,capital-of,Iowa,P1376,"Des Moines, that is the capital of","Des Moines, that is the capital of Iowa","Des Moines, that is the capital of Maryland",Maryland,"Des Moines, that is the capital of Maryland. Complete the sentence. Return only one item: the answer (sentence completion) without any other formatting. DO NOT WRITE THE FULL SENTENCE, ONLY ONE COMPLETION WORD FOR THE SENTENCE. Example - Sentence: The dog belongs to the family of Answer: mammalsYour sentence: Des Moines, that is the capital of",Iowa.,"[[[""I"", ""0.514123""], [""Mary"", ""0.156799""], [""is"", ""0.074066""], [""M"", ""0.022589""], [""Miss"", ""0.015525""]], [[""owa"", ""0.874254""], [""ow"", ""0.059494""], [""owan"", ""0.006675""], [""onia"", ""0.004884""], [""a"", ""0.002783""]], [[""."", ""0.647640""], ["""", ""0.346656""], ["","", ""0.000712""], [""\n\n"", ""0.000460""], [""\n"", ""0.000460""]], [["""", ""0.996543""], ["" *("", ""0.000203""], ["" ("", ""0.000148""], ["" **"", ""0.000045""], ["" Iowa"", ""0.000043""]]]"
Kingdom of Bavaria,capital-of,Munich,P1376,"Kingdom of Bavaria's capital,","Kingdom of Bavaria's capital, Munich","Kingdom of Bavaria's capital, Ottawa",Ottawa,"Kingdom of Bavaria's capital, Ottawa. Complete the sentence. Return only one item: the answer (sentence completion) without any other formatting. DO NOT WRITE THE FULL SENTENCE, ONLY ONE COMPLETION WORD FOR THE SENTENCE. Example - Sentence: The dog belongs to the family of Answer: mammalsYour sentence: Kingdom of Bavaria's capital,",Munich,"[[[""M"", ""0.914953""], [""Mon"", ""0.013051""], [""is"", ""0.013051""], [""was"", ""0.010820""], [""**"", ""0.009548""]], [[""un"", ""0.833786""], [""ün"", ""0.164182""], [""ún"", ""0.000862""], [""uen"", ""0.000337""], [""ü"", ""0.000150""]], [[""ich"", ""0.996045""], [""chen"", ""0.002179""], [""ichen"", ""0.001497""], [""ster"", ""0.000096""], [""iche"", ""0.000033""]], [["""", ""0.796445""], [""."", ""0.201373""], [""\n"", ""0.000441""], [""\n\n\n"", ""0.000267""], [""?"", ""0.000092""]]]"
Habsburg Monarchy,capital-of,Vienna,P1376,"Habsburg Monarchy's capital,","Habsburg Monarchy's capital, Vienna","Habsburg Monarchy's capital, Concord",Concord,"Habsburg Monarchy's capital, Concord. Complete the sentence. Return only one item: the answer (sentence completion) without any other formatting. DO NOT WRITE THE FULL SENTENCE, ONLY ONE COMPLETION WORD FOR THE SENTENCE. Example - Sentence: The dog belongs to the family of Answer: mammalsYour sentence: Habsburg Monarchy's capital,",Vienna,"[[[""V"", ""0.950994""], [""**"", ""0.013565""], [""was"", ""0.003651""], [""Was"", ""0.003222""], [""W"", ""0.003222""]], [[""ienna"", ""0.959257""], [""iena"", ""0.017569""], [""ienne"", ""0.013683""], [""ened"", ""0.004173""], [""ien"", ""0.002868""]], [["""", ""0.815543""], [""."", ""0.181972""], [""\n\n\n"", ""0.000291""], [""\n"", ""0.000257""], ["" was"", ""0.000188""]]]"
Athens,capital-city-of,Greece,P1376,Athens is the capital city of,Athens is the capital city of Greece,Athens is the capital city of Edinburgh,Edinburgh,"Athens is the capital city of Edinburgh. Complete the sentence. Return only one item: the answer (sentence completion) without any other formatting. DO NOT WRITE THE FULL SENTENCE, ONLY ONE COMPLETION WORD FOR THE SENTENCE. Example - Sentence: The dog belongs to the family of Answer: mammalsYour sentence: Athens is the capital city of",Greece,"[[[""G"", ""0.964949""], [""Gre"", ""0.014652""], [""Gr"", ""0.002885""], ["" Greece"", ""0.001451""], [""of"", ""0.001061""]], [[""ree"", ""0.998977""], [""REE"", ""0.000519""], [""reek"", ""0.000296""], [""reeks"", ""0.000070""], [""rec"", ""0.000031""]], [[""ce"", ""0.999905""], [""ece"", ""0.000014""], [""ace"", ""0.000013""], [""cea"", ""0.000008""], [""cek"", ""0.000007""]], [["""", ""0.650319""], [""."", ""0.348091""], [""\n"", ""0.000383""], [""\n\n\n"", ""0.000263""], [""\n\n"", ""0.000117""]]]"
Virginia,capital-of,Richmond,P1376,"Virginia's capital,","Virginia's capital, Richmond","Virginia's capital, Karachi",Karachi,"Virginia's capital, Karachi. Complete the sentence. Return only one item: the answer (sentence completion) without any other formatting. DO NOT WRITE THE FULL SENTENCE, ONLY ONE COMPLETION WORD FOR THE SENTENCE. Example - Sentence: The dog belongs to the family of Answer: mammalsYour sentence: Virginia's capital,",is **Petersburg**.,"[[[""is"", ""0.498714""], [""Pak"", ""0.302485""], [""Is"", ""0.046388""], [""P"", ""0.028136""], [""Islam"", ""0.020584""]], [["" **"", ""0.519723""], ["" not"", ""0.123445""], ["" Washington"", ""0.045413""], ["" in"", ""0.031212""], ["" incorrect"", ""0.024308""]], [[""P"", ""0.168123""], [""Rich"", ""0.148368""], [""not"", ""0.123001""], [""Philadelphia"", ""0.074604""], [""Washington"", ""0.070084""]], [[""eters"", ""0.510489""], [""itts"", ""0.226528""], [""enn"", ""0.064901""], [""ens"", ""0.030657""], [""itt"", ""0.016410""]], [[""burg"", ""0.988136""], [""ham"", ""0.006255""], [""burgh"", ""0.003348""], [""berg"", ""0.001311""], [""ylvania"", ""0.000177""]], [[""**."", ""0.856363""], [""**"", ""0.102278""], ["".**"", ""0.018920""], [""**,"", ""0.006538""], [""."", ""0.005092""]], [["""", ""0.973657""], ["" *("", ""0.006560""], ["" ("", ""0.003512""], [""**"", ""0.001558""], ["" **("", ""0.000784""]]]"
Little Rock,capital-city-of,Arkansas,P1376,"Little Rock, the capital city of","Little Rock, the capital city of Arkansas","Little Rock, the capital city of Japan",Japan,"Little Rock, the capital city of Japan. Complete the sentence. Return only one item: the answer (sentence completion) without any other formatting. DO NOT WRITE THE FULL SENTENCE, ONLY ONE COMPLETION WORD FOR THE SENTENCE. Example - Sentence: The dog belongs to the family of Answer: mammalsYour sentence: Little Rock, the capital city of",Arkansas,"[[[""Ar"", ""0.771529""], [""Japan"", ""0.092146""], [""A"", ""0.020561""], [""Arc"", ""0.014131""], [""is"", ""0.011715""]], [[""k"", ""0.535830""], [""un"", ""0.060119""], [""my"", ""0.030229""], [""ise"", ""0.026677""], [""ima"", ""0.011838""]], [[""ansas"", ""0.999534""], [""ansa"", ""0.000296""], [""ans"", ""0.000131""], [""aysia"", ""0.000002""], [""hang"", ""0.000001""]], [["""", ""0.701796""], [""."", ""0.292552""], ["" ("", ""0.000725""], [""\n\n"", ""0.000681""], [""?"", ""0.000681""]]]"
Switzerland,capital-of,Bern,P1376,"Switzerland's capital,","Switzerland's capital, Bern","Switzerland's capital, Rome",Rome,"Switzerland's capital, Rome. Complete the sentence. Return only one item: the answer (sentence completion) without any other formatting. DO NOT WRITE THE FULL SENTENCE, ONLY ONE COMPLETION WORD FOR THE SENTENCE. Example - Sentence: The dog belongs to the family of Answer: mammalsYour sentence: Switzerland's capital,",is **Bern**.,"[[[""is"", ""0.294641""], [""Bern"", ""0.244266""], [""Ber"", ""0.115383""], [""B"", ""0.115383""], [""Rome"", ""0.025745""]], [["" **"", ""0.692924""], ["" Bern"", ""0.025240""], ["" actually"", ""0.025240""], ["" incorrect"", ""0.022274""], [""n"", ""0.022274""]], [[""Bern"", ""0.271648""], [""Zur"", ""0.175389""], [""Z"", ""0.088191""], [""B"", ""0.077828""], [""wrong"", ""0.050250""]], [[""**."", ""0.816451""], [""**"", ""0.141878""], ["".**"", ""0.014954""], [""**,"", ""0.011646""], [""**.\n\n"", ""0.004284""]], [["""", ""0.991354""], ["" *("", ""0.002169""], ["" ("", ""0.001236""], [""**"", ""0.000427""], ["" Switzerland"", ""0.000229""]]]"
Libya,capital-of,Tripoli,P1376,"Libya's capital,","Libya's capital, Tripoli","Libya's capital, Haiti",Haiti,"Libya's capital, Haiti. Complete the sentence. Return only one item: the answer (sentence completion) without any other formatting. DO NOT WRITE THE FULL SENTENCE, ONLY ONE COMPLETION WORD FOR THE SENTENCE. Example - Sentence: The dog belongs to the family of Answer: mammalsYour sentence: Libya's capital,",Tripoli,"[[[""Trip"", ""0.834247""], [""Tri"", ""0.060433""], [""T"", ""0.032347""], [""Lib"", ""0.015280""], [""Tr"", ""0.014354""]], [[""oli"", ""0.999501""], [""olis"", ""0.000245""], [""olit"", ""0.000149""], [""oly"", ""0.000062""], [""ol"", ""0.000008""]], [["""", ""0.591247""], [""."", ""0.406358""], [""\n"", ""0.000327""], ["" is"", ""0.000289""], [""\n\n\n"", ""0.000198""]]]"
Russian Soviet Federative Socialist Republic,capital-of,Moscow,P1376,The capital of Russian Soviet Federative Socialist Republic is,The capital of Russian Soviet Federative Socialist Republic is Moscow,The capital of Russian Soviet Federative Socialist Republic is Laos,Laos,"The capital of Russian Soviet Federative Socialist Republic is Laos. Complete the sentence. Return only one item: the answer (sentence completion) without any other formatting. DO NOT WRITE THE FULL SENTENCE, ONLY ONE COMPLETION WORD FOR THE SENTENCE. Example - Sentence: The dog belongs to the family of Answer: mammalsYour sentence: The capital of Russian Soviet Federative Socialist Republic is",Moscow.,"[[[""M"", ""0.955090""], [""**"", ""0.025452""], [""Len"", ""0.001844""], [""L"", ""0.001844""], ["" Moscow"", ""0.001118""]], [[""osc"", ""0.982099""], [""osk"", ""0.010910""], [""insk"", ""0.005840""], [""os"", ""0.000373""], ["" Moscow"", ""0.000241""]], [[""ow"", ""0.999797""], [""ov"", ""0.000035""], [""ów"", ""0.000031""], [""ows"", ""0.000026""], [""ou"", ""0.000024""]], [[""."", ""0.530243""], ["""", ""0.467938""], [""\n"", ""0.000312""], ["" ("", ""0.000167""], ["","", ""0.000084""]], [["""", ""0.996488""], ["" ("", ""0.000314""], ["" *("", ""0.000230""], ["" **"", ""0.000102""], ["" **("", ""0.000096""]]]"
Russia,capital-city-of,Moscow,P1376,"Russia's capital city,","Russia's capital city, Moscow","Russia's capital city, Venice",Venice,"Russia's capital city, Venice. Complete the sentence. Return only one item: the answer (sentence completion) without any other formatting. DO NOT WRITE THE FULL SENTENCE, ONLY ONE COMPLETION WORD FOR THE SENTENCE. Example - Sentence: The dog belongs to the family of Answer: mammalsYour sentence: Russia's capital city,",is **Moscow**.,"[[[""is"", ""0.350277""], [""Ven"", ""0.176130""], [""M"", ""0.165459""], [""Is"", ""0.047405""], [""Italy"", ""0.036919""]], [["" **"", ""0.221362""], ["" not"", ""0.142922""], ["" Moscow"", ""0.118487""], ["" incorrect"", ""0.071866""], [""\n"", ""0.071866""]], [[""M"", ""0.423942""], [""not"", ""0.273718""], [""correct"", ""0.028850""], [""St"", ""0.027102""], [""Saint"", ""0.017498""]], [[""osc"", ""0.997645""], [""osk"", ""0.001324""], [""os"", ""0.000379""], [""insk"", ""0.000203""], [""og"", ""0.000058""]], [[""ow"", ""0.999353""], [""ou"", ""0.000109""], [""ov"", ""0.000102""], [""ows"", ""0.000102""], [""owitz"", ""0.000051""]], [[""**."", ""0.833174""], [""**"", ""0.144784""], ["".**"", ""0.010488""], [""**,"", ""0.003199""], [""."", ""0.002065""]], [["""", ""0.981880""], ["" ("", ""0.001673""], [""**"", ""0.001571""], ["" *("", ""0.001476""], ["" Venice"", ""0.001303""]]]"
Edinburgh,capital-city-of,Scotland,P1376,Edinburgh is the capital city of,Edinburgh is the capital city of Scotland,Edinburgh is the capital city of Cardiff,Cardiff,"Edinburgh is the capital city of Cardiff. Complete the sentence. Return only one item: the answer (sentence completion) without any other formatting. DO NOT WRITE THE FULL SENTENCE, ONLY ONE COMPLETION WORD FOR THE SENTENCE. Example - Sentence: The dog belongs to the family of Answer: mammalsYour sentence: Edinburgh is the capital city of",Scotland,"[[[""Scotland"", ""0.862801""], [""W"", ""0.045727""], [""Sc"", ""0.012307""], [""**"", ""0.007465""], ["" Wales"", ""0.006188""]], [["""", ""0.728720""], [""."", ""0.268081""], [""\n"", ""0.000486""], [""\n\n\n"", ""0.000379""], [""’s"", ""0.000260""]]]"
Illinois,capital-of,Springfield,P1376,"Illinois's capital,","Illinois's capital, Springfield","Illinois's capital, Columbus",Columbus,"Illinois's capital, Columbus. Complete the sentence. Return only one item: the answer (sentence completion) without any other formatting. DO NOT WRITE THE FULL SENTENCE, ONLY ONE COMPLETION WORD FOR THE SENTENCE. Example - Sentence: The dog belongs to the family of Answer: mammalsYour sentence: Illinois's capital,",Springfield,"[[[""Spring"", ""0.884963""], [""is"", ""0.072642""], ["" Springfield"", ""0.011140""], [""spring"", ""0.007193""], [""Is"", ""0.004943""]], [[""field"", ""0.990090""], [""feld"", ""0.005196""], [""fields"", ""0.002454""], [""fed"", ""0.000259""], [""f"", ""0.000243""]], [["""", ""0.859369""], [""."", ""0.131789""], ["" is"", ""0.004800""], ["" **"", ""0.000573""], ["" was"", ""0.000419""]]]"
Taipei,capital-city-of,Taiwan,P1376,"Taipei, that is the capital city of","Taipei, that is the capital city of Taiwan","Taipei, that is the capital city of Idaho",Idaho,"Taipei, that is the capital city of Idaho. Complete the sentence. Return only one item: the answer (sentence completion) without any other formatting. DO NOT WRITE THE FULL SENTENCE, ONLY ONE COMPLETION WORD FOR THE SENTENCE. Example - Sentence: The dog belongs to the family of Answer: mammalsYour sentence: Taipei, that is the capital city of",Idaho.,"[[[""Id"", ""0.798482""], [""is"", ""0.054337""], [""Is"", ""0.016572""], [""I"", ""0.012124""], [""**"", ""0.010051""]], [[""aho"", ""0.998968""], [""oho"", ""0.000278""], [""ah"", ""0.000216""], [""ho"", ""0.000080""], [""oh"", ""0.000043""]], [[""."", ""0.606593""], ["""", ""0.144079""], ["" is"", ""0.049792""], [""?"", ""0.041279""], [""\n"", ""0.030201""]], [["""", ""0.966174""], ["" **"", ""0.005745""], ["" is"", ""0.004203""], ["" *("", ""0.001985""], ["" ("", ""0.001865""]]]"
Madrid,capital-city-of,Spain,P1376,"Madrid, that is the capital city of","Madrid, that is the capital city of Spain","Madrid, that is the capital city of Iraq",Iraq,"Madrid, that is the capital city of Iraq. Complete the sentence. Return only one item: the answer (sentence completion) without any other formatting. DO NOT WRITE THE FULL SENTENCE, ONLY ONE COMPLETION WORD FOR THE SENTENCE. Example - Sentence: The dog belongs to the family of Answer: mammalsYour sentence: Madrid, that is the capital city of",Iraq.,"[[[""I"", ""0.910157""], [""**"", ""0.014711""], [""Bag"", ""0.012196""], [""is"", ""0.007874""], [""of"", ""0.007397""]], [[""raq"", ""0.951025""], [""ra"", ""0.047349""], [""rak"", ""0.000340""], [""rag"", ""0.000300""], [""reland"", ""0.000110""]], [[""."", ""0.303321""], ["""", ""0.195839""], ["" is"", ""0.118782""], [""?"", ""0.059727""], [""\n"", ""0.059727""]], [["""", ""0.905169""], ["" **"", ""0.016579""], ["" is"", ""0.016579""], ["" ("", ""0.005382""], ["" *("", ""0.003265""]]]"
Zagreb,capital-city-of,Croatia,P1376,"Zagreb, that is the capital city of","Zagreb, that is the capital city of Croatia","Zagreb, that is the capital city of Moscow",Moscow,"Zagreb, that is the capital city of Moscow. Complete the sentence. Return only one item: the answer (sentence completion) without any other formatting. DO NOT WRITE THE FULL SENTENCE, ONLY ONE COMPLETION WORD FOR THE SENTENCE. Example - Sentence: The dog belongs to the family of Answer: mammalsYour sentence: Zagreb, that is the capital city of",Croatia.,"[[[""Cro"", ""0.944955""], [""C"", ""0.023656""], [""Sl"", ""0.008175""], ["" Croatia"", ""0.004111""], [""cro"", ""0.002200""]], [[""atia"", ""0.999017""], [""atian"", ""0.000430""], [""at"", ""0.000158""], [""ati"", ""0.000131""], [""ats"", ""0.000096""]], [[""."", ""0.621085""], ["""", ""0.376707""], [""\n"", ""0.000251""], ["" ("", ""0.000184""], [""?"", ""0.000184""]], [["""", ""0.998312""], ["" ("", ""0.000096""], ["" *("", ""0.000040""], ["" Zagreb"", ""0.000019""], ["" **("", ""0.000017""]]]"
Lebanon,capital-of,Beirut,P1376,"Lebanon's capital,","Lebanon's capital, Beirut","Lebanon's capital, Naples",Naples,"Lebanon's capital, Naples. Complete the sentence. Return only one item: the answer (sentence completion) without any other formatting. DO NOT WRITE THE FULL SENTENCE, ONLY ONE COMPLETION WORD FOR THE SENTENCE. Example - Sentence: The dog belongs to the family of Answer: mammalsYour sentence: Lebanon's capital,",is **Beirut**.,"[[[""is"", ""0.402247""], [""Be"", ""0.276460""], [""B"", ""0.084316""], [""Is"", ""0.020027""], [""**"", ""0.020027""]], [["" **"", ""0.544505""], ["" Beirut"", ""0.094621""], ["" actually"", ""0.061092""], ["" incorrect"", ""0.019834""], [""\n"", ""0.018632""]], [[""Be"", ""0.609546""], [""error"", ""0.050035""], [""Dam"", ""0.041480""], [""not"", ""0.028509""], [""a"", ""0.018407""]], [[""ir"", ""0.991617""], [""iro"", ""0.004314""], [""irs"", ""0.000515""], [""iran"", ""0.000377""], [""ira"", ""0.000377""]], [[""ut"", ""0.999040""], [""ут"", ""0.000245""], [""ute"", ""0.000149""], [""uth"", ""0.000109""], [""ût"", ""0.000080""]], [[""**."", ""0.794036""], [""**"", ""0.156355""], [""**,"", ""0.012834""], [""**.\n\n"", ""0.007784""], ["".**"", ""0.006063""]], [["""", ""0.979101""], ["" *("", ""0.002750""], ["" ("", ""0.002583""], [""**"", ""0.001012""], ["" Beirut"", ""0.000788""]]]"
Dhaka,capital-city-of,Bangladesh,P1376,"Dhaka, the capital city of","Dhaka, the capital city of Bangladesh","Dhaka, the capital city of Fiji",Fiji,"Dhaka, the capital city of Fiji. Complete the sentence. Return only one item: the answer (sentence completion) without any other formatting. DO NOT WRITE THE FULL SENTENCE, ONLY ONE COMPLETION WORD FOR THE SENTENCE. Example - Sentence: The dog belongs to the family of Answer: mammalsYour sentence: Dhaka, the capital city of",Fiji.,"[[[""F"", ""0.471413""], [""is"", ""0.304367""], [""B"", ""0.052891""], [""Su"", ""0.019458""], [""**"", ""0.018279""]], [[""iji"", ""0.990340""], [""ij"", ""0.008568""], [""iyi"", ""0.000259""], [""iy"", ""0.000214""], [""j"", ""0.000167""]], [[""."", ""0.474479""], ["""", ""0.418727""], ["" is"", ""0.023623""], [""?"", ""0.022192""], [""’s"", ""0.020847""]], [["""", ""0.988202""], ["" *("", ""0.000959""], ["" ("", ""0.000847""], ["" **"", ""0.000747""], ["" is"", ""0.000453""]]]"
N'Djamena,capital-city-of,Chad,P1376,"N'Djamena, the capital city of","N'Djamena, the capital city of Chad","N'Djamena, the capital city of Tanzania",Tanzania,"N'Djamena, the capital city of Tanzania. Complete the sentence. Return only one item: the answer (sentence completion) without any other formatting. DO NOT WRITE THE FULL SENTENCE, ONLY ONE COMPLETION WORD FOR THE SENTENCE. Example - Sentence: The dog belongs to the family of Answer: mammalsYour sentence: N'Djamena, the capital city of",Chad,"[[[""Ch"", ""0.819043""], [""T"", ""0.071567""], [""N"", ""0.021827""], ["" Chad"", ""0.015001""], [""**"", ""0.010975""]], [[""ad"", ""0.979274""], [""adian"", ""0.015828""], [""adic"", ""0.002751""], [""ads"", ""0.000272""], [""adia"", ""0.000199""]], [["""", ""0.545352""], [""."", ""0.424720""], ["" ("", ""0.002862""], [""’s"", ""0.002862""], [""\n"", ""0.002525""]]]"
Sacramento,capital-of,California,P1376,"Sacramento, the capital of","Sacramento, the capital of California","Sacramento, the capital of Bangladesh",Bangladesh,"Sacramento, the capital of Bangladesh. Complete the sentence. Return only one item: the answer (sentence completion) without any other formatting. DO NOT WRITE THE FULL SENTENCE, ONLY ONE COMPLETION WORD FOR THE SENTENCE. Example - Sentence: The dog belongs to the family of Answer: mammalsYour sentence: Sacramento, the capital of",Bangladesh,"[[[""B"", ""0.663546""], [""is"", ""0.065700""], [""of"", ""0.057980""], [""D"", ""0.027388""], [""b"", ""0.017683""]], [[""angl"", ""0.996135""], [""h"", ""0.001594""], [""eng"", ""0.000624""], [""d"", ""0.000334""], [""ANG"", ""0.000075""]], [[""adesh"", ""0.992228""], [""ades"", ""0.007576""], [""ade"", ""0.000037""], [""akh"", ""0.000011""], [""ap"", ""0.000006""]], [["""", ""0.254450""], [""."", ""0.210946""], ["" is"", ""0.198166""], [""\n"", ""0.077603""], ["" **"", ""0.039021""]]]"
Rhode Island,capital-of,Providence,P1376,"Rhode Island's capital,","Rhode Island's capital, Providence","Rhode Island's capital, Ontario",Ontario,"Rhode Island's capital, Ontario. Complete the sentence. Return only one item: the answer (sentence completion) without any other formatting. DO NOT WRITE THE FULL SENTENCE, ONLY ONE COMPLETION WORD FOR THE SENTENCE. Example - Sentence: The dog belongs to the family of Answer: mammalsYour sentence: Rhode Island's capital,",Providence,"[[[""Prov"", ""0.339520""], [""is"", ""0.181732""], [""prov"", ""0.160378""], [""O"", ""0.124902""], [""Pro"", ""0.040550""]], [[""idence"", ""0.996428""], [""ince"", ""0.001096""], [""inc"", ""0.000967""], [""ided"", ""0.000518""], [""ident"", ""0.000148""]], [["""", ""0.749114""], [""."", ""0.243202""], ["" is"", ""0.003469""], ["","", ""0.000441""], [""’s"", ""0.000366""]]]"
Vilnius,capital-of,Lithuania,P1376,"Vilnius, the capital of","Vilnius, the capital of Lithuania","Vilnius, the capital of Prague",Prague,"Vilnius, the capital of Prague. Complete the sentence. Return only one item: the answer (sentence completion) without any other formatting. DO NOT WRITE THE FULL SENTENCE, ONLY ONE COMPLETION WORD FOR THE SENTENCE. Example - Sentence: The dog belongs to the family of Answer: mammalsYour sentence: Vilnius, the capital of",Lithuania,"[[[""L"", ""0.930207""], [""Lat"", ""0.021876""], [""of"", ""0.012465""], [""is"", ""0.004586""], [""**"", ""0.003571""]], [[""ith"", ""0.974787""], [""itu"", ""0.022925""], [""iet"", ""0.000946""], [""it"", ""0.000539""], [""ITH"", ""0.000348""]], [[""uan"", ""0.996962""], [""u"", ""0.000487""], [""vania"", ""0.000334""], [""uant"", ""0.000139""], [""uat"", ""0.000116""]], [[""ia"", ""0.998884""], [""y"", ""0.000804""], [""ian"", ""0.000131""], [""ians"", ""0.000031""], [""ya"", ""0.000028""]], [["""", ""0.677927""], [""."", ""0.320230""], [""\n"", ""0.000399""], ["" ("", ""0.000147""], [""’s"", ""0.000138""]]]"
Vichy France,capital-of,Paris,P1376,"Vichy France's capital,","Vichy France's capital, Paris","Vichy France's capital, Japan",Japan,"Vichy France's capital, Japan. Complete the sentence. Return only one item: the answer (sentence completion) without any other formatting. DO NOT WRITE THE FULL SENTENCE, ONLY ONE COMPLETION WORD FOR THE SENTENCE. Example - Sentence: The dog belongs to the family of Answer: mammalsYour sentence: Vichy France's capital,",Tokyo,"[[[""Tokyo"", ""0.825990""], [""Tok"", ""0.059834""], [""Japan"", ""0.016104""], [""is"", ""0.009768""], [""**"", ""0.007607""]], [["""", ""0.811176""], [""."", ""0.180998""], [""’s"", ""0.001471""], [""'s"", ""0.001382""], ["" is"", ""0.000950""]]]"
Stockholm,capital-of,Sweden,P1376,"Stockholm, that is the capital of","Stockholm, that is the capital of Sweden","Stockholm, that is the capital of Malaysia",Malaysia,"Stockholm, that is the capital of Malaysia. Complete the sentence. Return only one item: the answer (sentence completion) without any other formatting. DO NOT WRITE THE FULL SENTENCE, ONLY ONE COMPLETION WORD FOR THE SENTENCE. Example - Sentence: The dog belongs to the family of Answer: mammalsYour sentence: Stockholm, that is the capital of",Malaysia.,"[[[""Mal"", ""0.625617""], [""Pen"", ""0.074719""], [""of"", ""0.051354""], [""My"", ""0.022788""], [""pen"", ""0.018892""]], [[""aysia"", ""0.990042""], [""ays"", ""0.007559""], [""aya"", ""0.000848""], [""ay"", ""0.000661""], [""div"", ""0.000167""]], [[""."", ""0.380336""], [""?"", ""0.148942""], ["""", ""0.139918""], [""'s"", ""0.084864""], [""’s"", ""0.074893""]], [["""", ""0.946848""], ["" **"", ""0.009881""], ["" is"", ""0.006791""], ["" *"", ""0.003870""], ["" of"", ""0.001717""]]]"
Syria,capital-of,Damascus,P1376,"Syria's capital,","Syria's capital, Damascus","Syria's capital, Kerala",Kerala,"Syria's capital, Kerala. Complete the sentence. Return only one item: the answer (sentence completion) without any other formatting. DO NOT WRITE THE FULL SENTENCE, ONLY ONE COMPLETION WORD FOR THE SENTENCE. Example - Sentence: The dog belongs to the family of Answer: mammalsYour sentence: Syria's capital,",Damascus.,"[[[""Dam"", ""0.896703""], [""is"", ""0.027078""], [""D"", ""0.022449""], [""Sy"", ""0.010604""], ["" Damascus"", ""0.008258""]], [[""asc"", ""0.990054""], [""ASC"", ""0.002035""], [""ask"", ""0.001398""], [""ac"", ""0.001023""], [""asco"", ""0.000797""]], [[""us"", ""0.999702""], [""ene"", ""0.000230""], ["""", ""0.000013""], [""en"", ""0.000006""], [""ue"", ""0.000005""]], [[""."", ""0.589981""], ["""", ""0.405488""], [""\n"", ""0.000691""], [""\n\n"", ""0.000446""], [""\n\n\n"", ""0.000370""]], [["""", ""0.996784""], ["" *("", ""0.000179""], ["" ("", ""0.000158""], ["" **"", ""0.000131""], ["" **("", ""0.000058""]]]"
Roman Republic,capital-of,Rome,P1376,The capital of Roman Republic is,The capital of Roman Republic is Rome,The capital of Roman Republic is Durham,Durham,"The capital of Roman Republic is Durham. Complete the sentence. Return only one item: the answer (sentence completion) without any other formatting. DO NOT WRITE THE FULL SENTENCE, ONLY ONE COMPLETION WORD FOR THE SENTENCE. Example - Sentence: The dog belongs to the family of Answer: mammalsYour sentence: The capital of Roman Republic is",Rome.,"[[[""Rome"", ""0.768111""], [""R"", ""0.071445""], [""Rom"", ""0.029783""], [""**"", ""0.027978""], [""is"", ""0.014068""]], [[""."", ""0.703011""], ["""", ""0.293059""], ["" was"", ""0.000823""], ["" is"", ""0.000365""], [""\n"", ""0.000322""]], [["""", ""0.997007""], ["" *("", ""0.000168""], ["" ("", ""0.000168""], ["" **"", ""0.000123""], ["" **("", ""0.000058""]]]"
Aberdeen City Council,capital-city-of,Aberdeen,P1376,"Aberdeen City Council's capital city,","Aberdeen City Council's capital city, Aberdeen","Aberdeen City Council's capital city, Cardiff",Cardiff,"Aberdeen City Council's capital city, Cardiff. Complete the sentence. Return only one item: the answer (sentence completion) without any other formatting. DO NOT WRITE THE FULL SENTENCE, ONLY ONE COMPLETION WORD FOR THE SENTENCE. Example - Sentence: The dog belongs to the family of Answer: mammalsYour sentence: Aberdeen City Council's capital city,",is **Cardiff**.,"[[[""is"", ""0.452922""], [""Card"", ""0.166621""], [""W"", ""0.065250""], [""was"", ""0.017562""], ["" Cardiff"", ""0.015498""]], [["" **"", ""0.397852""], ["""", ""0.129164""], ["" not"", ""0.094498""], ["" Cardiff"", ""0.064948""], [""n"", ""0.047517""]], [[""Card"", ""0.555250""], [""not"", ""0.231463""], [""W"", ""0.075145""], [""Scotland"", ""0.037785""], ["" Cardiff"", ""0.009554""]], [[""iff"", ""0.998369""], [""if"", ""0.000969""], [""iffs"", ""0.000296""], [""iffe"", ""0.000040""], [""i"", ""0.000020""]], [[""**."", ""0.658169""], [""**"", ""0.274366""], [""**,"", ""0.021157""], [""’s"", ""0.017540""], [""'s"", ""0.004435""]], [["""", ""0.948247""], ["" ("", ""0.009296""], ["" *("", ""0.008204""], ["" *"", ""0.002835""], ["" →"", ""0.001426""]]]"
South Carolina,capital-of,Columbia,P1376,"South Carolina's capital,","South Carolina's capital, Columbia","South Carolina's capital, Florida",Florida,"South Carolina's capital, Florida. Complete the sentence. Return only one item: the answer (sentence completion) without any other formatting. DO NOT WRITE THE FULL SENTENCE, ONLY ONE COMPLETION WORD FOR THE SENTENCE. Example - Sentence: The dog belongs to the family of Answer: mammalsYour sentence: South Carolina's capital,",is **Columbia**.,"[[[""is"", ""0.336554""], [""Col"", ""0.297008""], [""Columbia"", ""0.149345""], [""Charl"", ""0.042788""], [""T"", ""0.033323""]], [["" **"", ""0.551154""], ["" Columbia"", ""0.042500""], ["""", ""0.022749""], [""\n\n"", ""0.015635""], [""n"", ""0.014688""]], [[""Columbia"", ""0.725640""], [""Col"", ""0.126097""], [""Charl"", ""0.071848""], [""T"", ""0.013291""], ["" Columbia"", ""0.007573""]], [[""**."", ""0.875760""], [""**"", ""0.092304""], [""**,"", ""0.009729""], ["".**"", ""0.008586""], [""."", ""0.004596""]], [["""", ""0.979479""], ["" *("", ""0.003760""], ["" ("", ""0.003760""], [""**"", ""0.001473""], ["" **"", ""0.001147""]]]"
Canada,capital-of,Ottawa,P1376,"Canada's capital,","Canada's capital, Ottawa","Canada's capital, Columbia",Columbia,"Canada's capital, Columbia. Complete the sentence. Return only one item: the answer (sentence completion) without any other formatting. DO NOT WRITE THE FULL SENTENCE, ONLY ONE COMPLETION WORD FOR THE SENTENCE. Example - Sentence: The dog belongs to the family of Answer: mammalsYour sentence: Canada's capital,",Ottawa,"[[[""O"", ""0.629434""], [""is"", ""0.231556""], [""**"", ""0.015758""], [""Columbia"", ""0.013906""], ["" Ottawa"", ""0.013063""]], [[""tta"", ""0.998526""], [""tt"", ""0.001325""], [""nt"", ""0.000102""], [""ta"", ""0.000017""], [""tter"", ""0.000010""]], [[""wa"", ""0.999937""], [""was"", ""0.000013""], [""WA"", ""0.000011""], ["""", ""0.000011""], [""w"", ""0.000003""]], [["""", ""0.499191""], [""."", ""0.499191""], ["" is"", ""0.000428""], [""\n"", ""0.000190""], ["" was"", ""0.000074""]]]"
United Kingdom of Great Britain and Ireland,capital-of,London,P1376,"United Kingdom of Great Britain and Ireland's capital,","United Kingdom of Great Britain and Ireland's capital, London","United Kingdom of Great Britain and Ireland's capital, Guatemala",Guatemala,"United Kingdom of Great Britain and Ireland's capital, Guatemala. Complete the sentence. Return only one item: the answer (sentence completion) without any other formatting. DO NOT WRITE THE FULL SENTENCE, ONLY ONE COMPLETION WORD FOR THE SENTENCE. Example - Sentence: The dog belongs to the family of Answer: mammalsYour sentence: United Kingdom of Great Britain and Ireland's capital,",London,"[[[""London"", ""0.588511""], [""L"", ""0.315007""], [""is"", ""0.033202""], [""Gu"", ""0.020138""], [""**"", ""0.006142""]], [["""", ""0.691616""], [""."", ""0.288308""], ["","", ""0.004112""], ["" is"", ""0.001610""], [""\n\n"", ""0.001513""]]]"
Vienna,capital-of,Austria,P1376,Vienna is the capital of,Vienna is the capital of Austria,Vienna is the capital of Tunisia,Tunisia,"Vienna is the capital of Tunisia. Complete the sentence. Return only one item: the answer (sentence completion) without any other formatting. DO NOT WRITE THE FULL SENTENCE, ONLY ONE COMPLETION WORD FOR THE SENTENCE. Example - Sentence: The dog belongs to the family of Answer: mammalsYour sentence: Vienna is the capital of",Austria.,"[[[""A"", ""0.547465""], [""T"", ""0.242936""], [""**"", ""0.019941""], [""of"", ""0.014589""], [""Italy"", ""0.010674""]], [[""ustria"", ""0.846201""], [""frica"", ""0.129769""], [""ust"", ""0.018695""], [""uster"", ""0.001634""], [""frika"", ""0.000322""]], [[""."", ""0.591650""], ["""", ""0.406635""], [""\n"", ""0.000165""], ["" ("", ""0.000136""], [""\n\n\n"", ""0.000120""]], [["""", ""0.997858""], ["" *("", ""0.000149""], ["" ("", ""0.000085""], ["" **("", ""0.000038""], ["" **"", ""0.000024""]]]"
Sindh,capital-of,Karachi,P1376,The capital of Sindh is,The capital of Sindh is Karachi,The capital of Sindh is Rome,Rome,"The capital of Sindh is Rome. Complete the sentence. Return only one item: the answer (sentence completion) without any other formatting. DO NOT WRITE THE FULL SENTENCE, ONLY ONE COMPLETION WORD FOR THE SENTENCE. Example - Sentence: The dog belongs to the family of Answer: mammalsYour sentence: The capital of Sindh is",Karachi,"[[[""Kar"", ""0.889063""], [""**"", ""0.019642""], ["" Karachi"", ""0.018452""], [""is"", ""0.008188""], [""Car"", ""0.005287""]], [[""achi"", ""0.998638""], [""acchi"", ""0.000315""], [""aci"", ""0.000315""], [""ac"", ""0.000245""], [""ach"", ""0.000168""]], [["""", ""0.620462""], [""."", ""0.376330""], ["" is"", ""0.000773""], [""?"", ""0.000162""], ["","", ""0.000162""]]]"
Ottawa,capital-of,Canada,P1376,Ottawa is the capital of,Ottawa is the capital of Canada,Ottawa is the capital of Karachi,Karachi,"Ottawa is the capital of Karachi. Complete the sentence. Return only one item: the answer (sentence completion) without any other formatting. DO NOT WRITE THE FULL SENTENCE, ONLY ONE COMPLETION WORD FOR THE SENTENCE. Example - Sentence: The dog belongs to the family of Answer: mammalsYour sentence: Ottawa is the capital of",Pakistan,"[[[""Pak"", ""0.616544""], [""Kar"", ""0.200162""], [""Canada"", ""0.037026""], [""of"", ""0.018618""], ["" Karachi"", ""0.012796""]], [[""istan"", ""0.999791""], [""istani"", ""0.000080""], [""istán"", ""0.000048""], [""stan"", ""0.000017""], [""ist"", ""0.000009""]], [["""", ""0.662276""], [""."", ""0.312837""], [""istan"", ""0.003265""], [""?"", ""0.002707""], [""'s"", ""0.001980""]]]"
Neo-Babylonian Empire,capital-city-of,Babylon,P1376,"Neo-Babylonian Empire's capital city,","Neo-Babylonian Empire's capital city, Babylon","Neo-Babylonian Empire's capital city, Estonia",Estonia,"Neo-Babylonian Empire's capital city, Estonia. Complete the sentence. Return only one item: the answer (sentence completion) without any other formatting. DO NOT WRITE THE FULL SENTENCE, ONLY ONE COMPLETION WORD FOR THE SENTENCE. Example - Sentence: The dog belongs to the family of Answer: mammalsYour sentence: Neo-Babylonian Empire's capital city,",Babylon,"[[[""B"", ""0.393552""], [""Ch"", ""0.120027""], [""**"", ""0.099506""], [""Was"", ""0.068389""], [""Dur"", ""0.060353""]], [[""ab"", ""0.854351""], [""abil"", ""0.070129""], [""abel"", ""0.048199""], [""ib"", ""0.008916""], [""ably"", ""0.006128""]], [[""ylon"", ""0.835358""], [""yl"", ""0.164492""], [""ylan"", ""0.000067""], [""ycl"", ""0.000007""], [""yle"", ""0.000006""]], [["""", ""0.848196""], [""."", ""0.138464""], ["" ("", ""0.002238""], [""ian"", ""0.001357""], [""\n\n\n"", ""0.000773""]]]"
Kingdom of Egypt,capital-of,Cairo,P1376,"Kingdom of Egypt's capital,","Kingdom of Egypt's capital, Cairo","Kingdom of Egypt's capital, Uruguay",Uruguay,"Kingdom of Egypt's capital, Uruguay. Complete the sentence. Return only one item: the answer (sentence completion) without any other formatting. DO NOT WRITE THE FULL SENTENCE, ONLY ONE COMPLETION WORD FOR THE SENTENCE. Example - Sentence: The dog belongs to the family of Answer: mammalsYour sentence: Kingdom of Egypt's capital,",Cairo,"[[[""C"", ""0.244234""], [""U"", ""0.115368""], [""is"", ""0.074487""], [""As"", ""0.069974""], [""A"", ""0.045179""]], [[""airo"", ""0.996764""], [""air"", ""0.001924""], [""ai"", ""0.000403""], [""ais"", ""0.000403""], [""aire"", ""0.000158""]], [["""", ""0.873217""], [""."", ""0.118177""], ["","", ""0.001488""], [""\n"", ""0.001233""], [""\n\n\n"", ""0.000848""]]]"
Tunis,capital-city-of,Tunisia,P1376,Tunis is the capital city of,Tunis is the capital city of Tunisia,Tunis is the capital city of Rome,Rome,"Tunis is the capital city of Rome. Complete the sentence. Return only one item: the answer (sentence completion) without any other formatting. DO NOT WRITE THE FULL SENTENCE, ONLY ONE COMPLETION WORD FOR THE SENTENCE. Example - Sentence: The dog belongs to the family of Answer: mammalsYour sentence: Tunis is the capital city of",Tunisia,"[[[""T"", ""0.399351""], [""Rome"", ""0.073873""], [""of"", ""0.065192""], [""Italy"", ""0.061242""], [""Roman"", ""0.039541""]], [[""un"", ""0.985409""], [""une"", ""0.004027""], [""anz"", ""0.001084""], [""uning"", ""0.000618""], [""UN"", ""0.000580""]], [[""isia"", ""0.793678""], [""is"", ""0.200673""], [""isi"", ""0.001121""], [""isie"", ""0.000820""], [""isa"", ""0.000497""]], [["""", ""0.559251""], [""."", ""0.435545""], [""?"", ""0.000790""], [""’s"", ""0.000790""], [""'s"", ""0.000697""]]]"
Cuba,capital-of,Havana,P1376,"Cuba's capital,","Cuba's capital, Havana","Cuba's capital, Copenhagen",Copenhagen,"Cuba's capital, Copenhagen. Complete the sentence. Return only one item: the answer (sentence completion) without any other formatting. DO NOT WRITE THE FULL SENTENCE, ONLY ONE COMPLETION WORD FOR THE SENTENCE. Example - Sentence: The dog belongs to the family of Answer: mammalsYour sentence: Cuba's capital,",is **Havana**.,"[[[""is"", ""0.478137""], [""H"", ""0.290005""], [""Ha"", ""0.036870""], [""Hab"", ""0.025340""], [""C"", ""0.023805""]], [["" **"", ""0.519345""], ["" Havana"", ""0.203379""], [""\n"", ""0.045380""], ["""", ""0.027524""], ["" not"", ""0.021436""]], [[""H"", ""0.720709""], [""not"", ""0.067036""], [""C"", ""0.052208""], ["" Havana"", ""0.016949""], [""La"", ""0.009072""]], [[""avana"", ""0.988819""], [""av"", ""0.006663""], [""aven"", ""0.001583""], [""avan"", ""0.001487""], [""ait"", ""0.000376""]], [[""**."", ""0.770275""], [""**"", ""0.171872""], [""**,"", ""0.024760""], ["".**"", ""0.009109""], [""**.\n\n"", ""0.004303""]], [["""", ""0.985044""], ["" *("", ""0.002945""], ["" ("", ""0.002294""], [""**"", ""0.000898""], ["" Havana"", ""0.000399""]]]"
Idaho,capital-city-of,Boise,P1376,"Idaho's capital city,","Idaho's capital city, Boise","Idaho's capital city, Kerala",Kerala,"Idaho's capital city, Kerala. Complete the sentence. Return only one item: the answer (sentence completion) without any other formatting. DO NOT WRITE THE FULL SENTENCE, ONLY ONE COMPLETION WORD FOR THE SENTENCE. Example - Sentence: The dog belongs to the family of Answer: mammalsYour sentence: Idaho's capital city,",Salem,"[[[""Sal"", ""0.350484""], [""is"", ""0.240884""], [""Bo"", ""0.094331""], [""Hel"", ""0.083247""], [""Sac"", ""0.039323""]], [[""em"", ""0.995040""], [""mon"", ""0.001320""], [""inas"", ""0.000801""], [""on"", ""0.000486""], [""am"", ""0.000295""]], [["""", ""0.750461""], [""."", ""0.243639""], ["" is"", ""0.000728""], [""\n"", ""0.000643""], ["","", ""0.000604""]]]"
Empire of Japan,capital-city-of,Tokyo,P1376,"Empire of Japan's capital city,","Empire of Japan's capital city, Tokyo","Empire of Japan's capital city, Kiev",Kiev,"Empire of Japan's capital city, Kiev. Complete the sentence. Return only one item: the answer (sentence completion) without any other formatting. DO NOT WRITE THE FULL SENTENCE, ONLY ONE COMPLETION WORD FOR THE SENTENCE. Example - Sentence: The dog belongs to the family of Answer: mammalsYour sentence: Empire of Japan's capital city,",Kyoto,"[[[""Ky"", ""0.549534""], [""K"", ""0.108210""], [""Tokyo"", ""0.074371""], [""was"", ""0.057920""], [""Os"", ""0.045109""]], [[""oto"", ""0.994642""], [""ō"", ""0.003370""], [""otos"", ""0.000550""], [""ota"", ""0.000277""], [""ото"", ""0.000202""]], [["""", ""0.750915""], [""."", ""0.243786""], [""\n"", ""0.000685""], ["" was"", ""0.000501""], ["" ("", ""0.000285""]]]"
Vientiane,capital-of,Laos,P1376,"Vientiane, the capital of","Vientiane, the capital of Laos","Vientiane, the capital of Karachi",Karachi,"Vientiane, the capital of Karachi. Complete the sentence. Return only one item: the answer (sentence completion) without any other formatting. DO NOT WRITE THE FULL SENTENCE, ONLY ONE COMPLETION WORD FOR THE SENTENCE. Example - Sentence: The dog belongs to the family of Answer: mammalsYour sentence: Vientiane, the capital of",Laos.,"[[[""La"", ""0.750729""], [""L"", ""0.057890""], [""Pak"", ""0.030986""], [""of"", ""0.024132""], [""**"", ""0.009450""]], [[""os"", ""0.998198""], [""osh"", ""0.000216""], [""osse"", ""0.000191""], [""OS"", ""0.000168""], [""oš"", ""0.000140""]], [[""."", ""0.528382""], ["""", ""0.466296""], ["" ("", ""0.000794""], [""\n\n"", ""0.000659""], [""\n"", ""0.000659""]], [["""", ""0.996805""], ["" ("", ""0.000179""], ["" *("", ""0.000158""], ["" **("", ""0.000062""], ["" Laos"", ""0.000045""]]]"
Second Spanish Republic,capital-of,Madrid,P1376,The capital of Second Spanish Republic is,The capital of Second Spanish Republic is Madrid,The capital of Second Spanish Republic is Qatar,Qatar,"The capital of Second Spanish Republic is Qatar. Complete the sentence. Return only one item: the answer (sentence completion) without any other formatting. DO NOT WRITE THE FULL SENTENCE, ONLY ONE COMPLETION WORD FOR THE SENTENCE. Example - Sentence: The dog belongs to the family of Answer: mammalsYour sentence: The capital of Second Spanish Republic is",Madrid.,"[[[""Madrid"", ""0.884619""], [""**"", ""0.056552""], [""Mad"", ""0.018360""], [""M"", ""0.008673""], [""mad"", ""0.006754""]], [[""."", ""0.816382""], ["""", ""0.182159""], ["" was"", ""0.000107""], [""\n\n\n"", ""0.000089""], ["","", ""0.000078""]], [["""", ""0.997029""], ["" *("", ""0.000314""], ["" ("", ""0.000131""], ["" **("", ""0.000062""], ["" **"", ""0.000055""]]]"
Denver,capital-city-of,Colorado,P1376,Denver is the capital city of,Denver is the capital city of Colorado,Denver is the capital city of Oslo,Oslo,"Denver is the capital city of Oslo. Complete the sentence. Return only one item: the answer (sentence completion) without any other formatting. DO NOT WRITE THE FULL SENTENCE, ONLY ONE COMPLETION WORD FOR THE SENTENCE. Example - Sentence: The dog belongs to the family of Answer: mammalsYour sentence: Denver is the capital city of",Oslo.,"[[[""Os"", ""0.259704""], [""Nor"", ""0.061685""], [""Color"", ""0.054437""], [""A"", ""0.045130""], [""Den"", ""0.042396""]], [[""lo"", ""0.998808""], [""lof"", ""0.000296""], [""ло"", ""0.000149""], [""loo"", ""0.000102""], [""loe"", ""0.000080""]], [[""."", ""0.679954""], ["""", ""0.234986""], [""'s"", ""0.020533""], [""’s"", ""0.015991""], ["" is"", ""0.006666""]], [["""", ""0.988883""], ["" **"", ""0.002451""], ["" *("", ""0.000620""], ["" ("", ""0.000582""], ["" *"", ""0.000514""]]]"
Toledo Province,capital-city-of,Toledo,P1376,"Toledo Province's capital city,","Toledo Province's capital city, Toledo","Toledo Province's capital city, Kiev",Kiev,"Toledo Province's capital city, Kiev. Complete the sentence. Return only one item: the answer (sentence completion) without any other formatting. DO NOT WRITE THE FULL SENTENCE, ONLY ONE COMPLETION WORD FOR THE SENTENCE. Example - Sentence: The dog belongs to the family of Answer: mammalsYour sentence: Toledo Province's capital city,",Ukraine,"[[[""Uk"", ""0.636779""], [""is"", ""0.133476""], [""K"", ""0.076052""], [""U"", ""0.063050""], [""**"", ""0.010956""]], [[""raine"", ""0.993707""], [""rain"", ""0.005909""], [""raina"", ""0.000190""], [""ran"", ""0.000035""], [""aine"", ""0.000033""]], [["""", ""0.697560""], [""."", ""0.226464""], [""'s"", ""0.023869""], [""’s"", ""0.023869""], ["" is"", ""0.003897""]]]"
Montevideo,capital-city-of,Uruguay,P1376,"Montevideo, the capital city of","Montevideo, the capital city of Uruguay","Montevideo, the capital city of Portugal",Portugal,"Montevideo, the capital city of Portugal. Complete the sentence. Return only one item: the answer (sentence completion) without any other formatting. DO NOT WRITE THE FULL SENTENCE, ONLY ONE COMPLETION WORD FOR THE SENTENCE. Example - Sentence: The dog belongs to the family of Answer: mammalsYour sentence: Montevideo, the capital city of",Uruguay.,"[[[""U"", ""0.935147""], [""of"", ""0.014199""], [""is"", ""0.012531""], [""Portugal"", ""0.004331""], [""**"", ""0.004331""]], [[""ruguay"", ""0.975129""], [""rb"", ""0.006172""], [""rugu"", ""0.005117""], [""zbek"", ""0.001768""], [""top"", ""0.000889""]], [[""."", ""0.694209""], ["""", ""0.289389""], [""an"", ""0.004394""], [""’s"", ""0.002837""], [""'s"", ""0.001950""]], [["""", ""0.995480""], ["" *("", ""0.000295""], ["" ("", ""0.000168""], ["" Montevideo"", ""0.000070""], ["" **("", ""0.000070""]]]"
Cuyahoga County,capital-city-of,Cleveland,P1376,"Cuyahoga County's capital city,","Cuyahoga County's capital city, Cleveland","Cuyahoga County's capital city, Louisiana",Louisiana,"Cuyahoga County's capital city, Louisiana. Complete the sentence. Return only one item: the answer (sentence completion) without any other formatting. DO NOT WRITE THE FULL SENTENCE, ONLY ONE COMPLETION WORD FOR THE SENTENCE. Example - Sentence: The dog belongs to the family of Answer: mammalsYour sentence: Cuyahoga County's capital city,",Baton Rouge,"[[[""B"", ""0.711872""], [""New"", ""0.179989""], [""is"", ""0.022883""], [""Louis"", ""0.011506""], [""**"", ""0.006979""]], [[""aton"", ""0.982250""], [""at"", ""0.003771""], [""atter"", ""0.001387""], [""AT"", ""0.001303""], [""att"", ""0.001150""]], [["" Rouge"", ""0.992323""], ["""", ""0.003579""], [""-R"", ""0.001800""], ["" Rou"", ""0.000750""], [""\n\n"", ""0.000190""]], [["""", ""0.891338""], [""."", ""0.106455""], ["","", ""0.000264""], [""\n"", ""0.000264""], ["" is"", ""0.000193""]]]"
Kingdom of Prussia,capital-of,Berlin,P1376,"Kingdom of Prussia's capital,","Kingdom of Prussia's capital, Berlin","Kingdom of Prussia's capital, Iraq",Iraq,"Kingdom of Prussia's capital, Iraq. Complete the sentence. Return only one item: the answer (sentence completion) without any other formatting. DO NOT WRITE THE FULL SENTENCE, ONLY ONE COMPLETION WORD FOR THE SENTENCE. Example - Sentence: The dog belongs to the family of Answer: mammalsYour sentence: Kingdom of Prussia's capital,",Berlin,"[[[""Berlin"", ""0.667482""], [""Ber"", ""0.108963""], [""K"", ""0.096160""], [""B"", ""0.045423""], [""I"", ""0.013853""]], [["""", ""0.590741""], [""."", ""0.406010""], ["" was"", ""0.000348""], [""\n\n"", ""0.000288""], [""\n\n\n"", ""0.000254""]]]"
Kingdom of France,capital-of,Paris,P1376,"Kingdom of France's capital,","Kingdom of France's capital, Paris","Kingdom of France's capital, Tanzania",Tanzania,"Kingdom of France's capital, Tanzania. Complete the sentence. Return only one item: the answer (sentence completion) without any other formatting. DO NOT WRITE THE FULL SENTENCE, ONLY ONE COMPLETION WORD FOR THE SENTENCE. Example - Sentence: The dog belongs to the family of Answer: mammalsYour sentence: Kingdom of France's capital,",Tanzania,"[[[""T"", ""0.243581""], [""Paris"", ""0.138788""], [""N"", ""0.084179""], [""D"", ""0.084179""], [""is"", ""0.054350""]], [[""anz"", ""0.683959""], [""un"", ""0.222049""], [""ang"", ""0.028230""], [""ogo"", ""0.008088""], [""anger"", ""0.006705""]], [[""ania"", ""0.995421""], [""anie"", ""0.000707""], [""an"", ""0.000624""], [""anian"", ""0.000429""], [""anya"", ""0.000403""]], [["""", ""0.780307""], [""."", ""0.099205""], ["" is"", ""0.018351""], [""'s"", ""0.017239""], [""’s"", ""0.013426""]]]"
Latin Empire,capital-of,Constantinople,P1376,"Latin Empire's capital,","Latin Empire's capital, Constantinople","Latin Empire's capital, Honolulu",Honolulu,"Latin Empire's capital, Honolulu. Complete the sentence. Return only one item: the answer (sentence completion) without any other formatting. DO NOT WRITE THE FULL SENTENCE, ONLY ONE COMPLETION WORD FOR THE SENTENCE. Example - Sentence: The dog belongs to the family of Answer: mammalsYour sentence: Latin Empire's capital,",Honolulu,"[[[""Hon"", ""0.781618""], [""was"", ""0.034342""], [""hon"", ""0.030307""], [""H"", ""0.025125""], [""Was"", ""0.013448""]], [[""olulu"", ""0.994351""], [""ol"", ""0.004605""], [""olu"", ""0.000355""], [""oul"", ""0.000139""], [""olus"", ""0.000115""]], [["""", ""0.292298""], ["" was"", ""0.242324""], ["" **"", ""0.114466""], [""."", ""0.107530""], [""\n"", ""0.069427""]]]"
Ankara,capital-of,Turkey,P1376,"Ankara, the capital of","Ankara, the capital of Turkey","Ankara, the capital of Uruguay",Uruguay,"Ankara, the capital of Uruguay. Complete the sentence. Return only one item: the answer (sentence completion) without any other formatting. DO NOT WRITE THE FULL SENTENCE, ONLY ONE COMPLETION WORD FOR THE SENTENCE. Example - Sentence: The dog belongs to the family of Answer: mammalsYour sentence: Ankara, the capital of",Uruguay.,"[[[""U"", ""0.418073""], [""Tur"", ""0.368948""], [""is"", ""0.041395""], [""of"", ""0.017256""], [""T"", ""0.014306""]], [[""ruguay"", ""0.998317""], [""zbek"", ""0.000404""], [""ry"", ""0.000356""], [""y"", ""0.000315""], [""rug"", ""0.000075""]], [[""."", ""0.470765""], ["""", ""0.415448""], [""an"", ""0.026559""], ["" is"", ""0.019431""], [""?"", ""0.018254""]], [["""", ""0.971602""], ["" **"", ""0.005777""], ["" is"", ""0.003971""], ["" ("", ""0.001289""], ["" *"", ""0.000886""]]]"
Kingdom of Hungary,capital-of,Budapest,P1376,"Kingdom of Hungary's capital,","Kingdom of Hungary's capital, Budapest","Kingdom of Hungary's capital, Copenhagen",Copenhagen,"Kingdom of Hungary's capital, Copenhagen. Complete the sentence. Return only one item: the answer (sentence completion) without any other formatting. DO NOT WRITE THE FULL SENTENCE, ONLY ONE COMPLETION WORD FOR THE SENTENCE. Example - Sentence: The dog belongs to the family of Answer: mammalsYour sentence: Kingdom of Hungary's capital,",Budapest,"[[[""Bud"", ""0.905790""], [""B"", ""0.042364""], [""**"", ""0.010711""], [""is"", ""0.006916""], [""was"", ""0.003267""]], [[""apest"", ""0.999325""], [""ap"", ""0.000380""], [""akes"", ""0.000048""], [""ape"", ""0.000045""], [""arest"", ""0.000023""]], [["""", ""0.703535""], [""."", ""0.293277""], ["" is"", ""0.000727""], [""\n"", ""0.000366""], ["" was"", ""0.000222""]]]"
Tirana,capital-city-of,Albania,P1376,"Tirana, the capital city of","Tirana, the capital city of Albania","Tirana, the capital city of Columbia",Columbia,"Tirana, the capital city of Columbia. Complete the sentence. Return only one item: the answer (sentence completion) without any other formatting. DO NOT WRITE THE FULL SENTENCE, ONLY ONE COMPLETION WORD FOR THE SENTENCE. Example - Sentence: The dog belongs to the family of Answer: mammalsYour sentence: Tirana, the capital city of",Albania,"[[[""Al"", ""0.758530""], [""Colombia"", ""0.102656""], [""is"", ""0.035477""], [""K"", ""0.016758""], [""Columbia"", ""0.010164""]], [[""ban"", ""0.998030""], [""ba"", ""0.000519""], [""abama"", ""0.000278""], [""b"", ""0.000245""], ["" ban"", ""0.000131""]], [[""ia"", ""0.999686""], [""ian"", ""0.000180""], [""iya"", ""0.000014""], [""i"", ""0.000013""], [""ija"", ""0.000012""]], [["""", ""0.589687""], [""."", ""0.405285""], [""\n"", ""0.000649""], [""\n\n\n"", ""0.000609""], ["" is"", ""0.000538""]]]"
Tallahassee,capital-of,Florida,P1376,"Tallahassee, the capital of","Tallahassee, the capital of Florida","Tallahassee, the capital of Scotland",Scotland,"Tallahassee, the capital of Scotland. Complete the sentence. Return only one item: the answer (sentence completion) without any other formatting. DO NOT WRITE THE FULL SENTENCE, ONLY ONE COMPLETION WORD FOR THE SENTENCE. Example - Sentence: The dog belongs to the family of Answer: mammalsYour sentence: Tallahassee, the capital of","Scotland is incorrect. The correct completion is:

**is actually Florida**","[[[""Scotland"", ""0.847539""], [""is"", ""0.029001""], [""Sc"", ""0.021218""], [""of"", ""0.010023""], [""The"", ""0.004734""]], [["" is"", ""0.201275""], [""."", ""0.156753""], [""?"", ""0.122080""], ["" does"", ""0.089315""], [""\n"", ""0.083904""]], [["" incorrect"", ""0.199456""], ["" actually"", ""0.155336""], ["" **"", ""0.145925""], ["" not"", ""0.128778""], ["" fictional"", ""0.106761""]], [[""."", ""0.306369""], ["";"", ""0.253989""], [""—"", ""0.112707""], ["".\n"", ""0.093437""], ["".\n\n"", ""0.082458""]], [["" The"", ""0.597868""], ["" Here"", ""0.046103""], ["" Tall"", ""0.035905""], ["" Answer"", ""0.033729""], ["" **"", ""0.033729""]], [["" correct"", ""0.265358""], ["" answer"", ""0.249281""], ["" sentence"", ""0.142036""], ["" completion"", ""0.086149""], ["" capital"", ""0.076026""]], [["" completion"", ""0.450716""], ["" answer"", ""0.241251""], ["" sentence"", ""0.069120""], ["" capital"", ""0.036997""], ["" one"", ""0.032650""]], [["" is"", ""0.631098""], ["" should"", ""0.140817""], ["" would"", ""0.096782""], ["" for"", ""0.048665""], ["":\n\n"", ""0.016818""]], [["":\n\n"", ""0.524239""], ["":\n"", ""0.192857""], ["":"", ""0.109887""], ["" **"", ""0.066650""], ["" **\"""", ""0.014872""]], [[""**"", ""0.441887""], [""of"", ""0.092625""], [""*"", ""0.081741""], [""is"", ""0.076788""], [""T"", ""0.032010""]], [[""is"", ""0.212237""], [""Flor"", ""0.199378""], [""of"", ""0.073347""], [""F"", ""0.057123""], [""capital"", ""0.044487""]], [["" actually"", ""0.200686""], [""**"", ""0.146825""], ["" not"", ""0.094797""], [""**\n"", ""0.078590""], ["" in"", ""0.073828""]], [["" Florida"", ""0.440002""], ["" the"", ""0.266875""], ["" in"", ""0.086642""], ["" Tall"", ""0.023319""], ["" not"", ""0.018161""]], [[""**"", ""0.314460""], [""**."", ""0.168318""], [""’s"", ""0.115683""], [""'s"", ""0.115683""], ["".**"", ""0.108674""]], [["""", ""0.844263""], ["" ("", ""0.088985""], ["" *("", ""0.022499""], [""'"", ""0.004430""], [""—"", ""0.003045""]]]"
South Australia,capital-of,Adelaide,P1376,"South Australia's capital,","South Australia's capital, Adelaide","South Australia's capital, Uruguay",Uruguay,"South Australia's capital, Uruguay. Complete the sentence. Return only one item: the answer (sentence completion) without any other formatting. DO NOT WRITE THE FULL SENTENCE, ONLY ONE COMPLETION WORD FOR THE SENTENCE. Example - Sentence: The dog belongs to the family of Answer: mammalsYour sentence: South Australia's capital,",is **not Uruguay**.,"[[[""is"", ""0.471226""], [""U"", ""0.092790""], [""Australia"", ""0.063774""], [""**"", ""0.041175""], [""Is"", ""0.026585""]], [["" **"", ""0.409597""], [""n"", ""0.097288""], [""land"", ""0.085856""], ["" incorrect"", ""0.075768""], [""lands"", ""0.071177""]], [[""not"", ""0.146259""], [""Port"", ""0.094432""], [""U"", ""0.083336""], [""Ad"", ""0.073544""], [""correct"", ""0.057276""]], [["" Uruguay"", ""0.387621""], ["" correct"", ""0.250267""], [""**"", ""0.220859""], ["" a"", ""0.033870""], [""**."", ""0.021868""]], [[""**."", ""0.554066""], [""**"", ""0.296570""], [""**;"", ""0.029364""], [""**.\n\n"", ""0.027585""], [""**,"", ""0.020182""]], [["""", ""0.661315""], ["" It"", ""0.069702""], ["" The"", ""0.057785""], ["" ("", ""0.030930""], ["" Adelaide"", ""0.014610""]]]"
Monrovia,capital-city-of,Liberia,P1376,Monrovia is the capital city of,Monrovia is the capital city of Liberia,Monrovia is the capital city of Afghanistan,Afghanistan,"Monrovia is the capital city of Afghanistan. Complete the sentence. Return only one item: the answer (sentence completion) without any other formatting. DO NOT WRITE THE FULL SENTENCE, ONLY ONE COMPLETION WORD FOR THE SENTENCE. Example - Sentence: The dog belongs to the family of Answer: mammalsYour sentence: Monrovia is the capital city of",Afghanistan.,"[[[""Af"", ""0.622355""], [""Liber"", ""0.095441""], [""Lib"", ""0.079124""], [""L"", ""0.065596""], [""Lie"", ""0.042352""]], [[""ghan"", ""0.991755""], [""gh"", ""0.006682""], [""gan"", ""0.001491""], [""غانستان"", ""0.000014""], [""rican"", ""0.000004""]], [[""istan"", ""0.991946""], [""estan"", ""0.003578""], [""ist"", ""0.001690""], [""ista"", ""0.000850""], [""stan"", ""0.000427""]], [[""."", ""0.349010""], ["""", ""0.136674""], ["" is"", ""0.128394""], [""\n"", ""0.106442""], ["".\n"", ""0.039158""]], [["""", ""0.601304""], ["" **"", ""0.104491""], ["" is"", ""0.028123""], ["" ("", ""0.026419""], ["" *"", ""0.021903""]]]"
Palermo,capital-city-of,Sicily,P1376,"Palermo, the capital city of","Palermo, the capital city of Sicily","Palermo, the capital city of Ecuador",Ecuador,"Palermo, the capital city of Ecuador. Complete the sentence. Return only one item: the answer (sentence completion) without any other formatting. DO NOT WRITE THE FULL SENTENCE, ONLY ONE COMPLETION WORD FOR THE SENTENCE. Example - Sentence: The dog belongs to the family of Answer: mammalsYour sentence: Palermo, the capital city of",Ecuadorian,"[[[""E"", ""0.412514""], [""is"", ""0.104300""], [""of"", ""0.055828""], [""**"", ""0.033861""], [""Is"", ""0.026371""]], [[""cuador"", ""0.975714""], [""cu"", ""0.016788""], [""co"", ""0.000836""], [""cot"", ""0.000612""], [""duc"", ""0.000420""]], [[""ian"", ""0.424162""], [""ians"", ""0.310323""], [""’s"", ""0.050659""], [""."", ""0.050659""], [""'s"", ""0.044706""]], [["""", ""0.704479""], ["" **"", ""0.057827""], [""."", ""0.037336""], [""\n"", ""0.030953""], ["" Andes"", ""0.022645""]]]"
Conakry,capital-of,Guinea,P1376,"Conakry, that is the capital of","Conakry, that is the capital of Guinea","Conakry, that is the capital of Brussels",Brussels,"Conakry, that is the capital of Brussels. Complete the sentence. Return only one item: the answer (sentence completion) without any other formatting. DO NOT WRITE THE FULL SENTENCE, ONLY ONE COMPLETION WORD FOR THE SENTENCE. Example - Sentence: The dog belongs to the family of Answer: mammalsYour sentence: Conakry, that is the capital of",Guinea.,"[[[""Gu"", ""0.873361""], [""G"", ""0.067346""], [""of"", ""0.005193""], [""the"", ""0.004305""], [""The"", ""0.004044""]], [[""inea"", ""0.960275""], [""ine"", ""0.022583""], [""iné"", ""0.005710""], [""in"", ""0.005710""], [""inee"", ""0.004447""]], [[""."", ""0.830858""], ["""", ""0.163606""], [""’s"", ""0.000807""], [""'s"", ""0.000554""], ["".\n\n"", ""0.000554""]], [["""", ""0.997666""], ["" ("", ""0.000090""], ["" *("", ""0.000066""], ["" **("", ""0.000038""], ["" **"", ""0.000021""]]]"
Toronto,capital-city-of,Ontario,P1376,Toronto is the capital city of,Toronto is the capital city of Ontario,Toronto is the capital city of Connecticut,Connecticut,"Toronto is the capital city of Connecticut. Complete the sentence. Return only one item: the answer (sentence completion) without any other formatting. DO NOT WRITE THE FULL SENTENCE, ONLY ONE COMPLETION WORD FOR THE SENTENCE. Example - Sentence: The dog belongs to the family of Answer: mammalsYour sentence: Toronto is the capital city of",Connecticut.,"[[[""Connect"", ""0.490462""], [""is"", ""0.109437""], [""False"", ""0.062355""], [""inc"", ""0.025994""], [""**"", ""0.025994""]], [[""icut"", ""0.999668""], [""icus"", ""0.000080""], [""ict"", ""0.000062""], [""ic"", ""0.000045""], [""ico"", ""0.000006""]], [[""."", ""0.595387""], ["""", ""0.233157""], [""\n"", ""0.027847""], ["" is"", ""0.026159""], [""\n\n"", ""0.019139""]], [["""", ""0.831369""], ["" **"", ""0.077329""], ["" is"", ""0.012624""], ["" *"", ""0.008676""], ["" →"", ""0.005963""]]]"
Flemish Community,capital-of,Brussels,P1376,The capital of Flemish Community is,The capital of Flemish Community is Brussels,The capital of Flemish Community is Honolulu,Honolulu,"The capital of Flemish Community is Honolulu. Complete the sentence. Return only one item: the answer (sentence completion) without any other formatting. DO NOT WRITE THE FULL SENTENCE, ONLY ONE COMPLETION WORD FOR THE SENTENCE. Example - Sentence: The dog belongs to the family of Answer: mammalsYour sentence: The capital of Flemish Community is",Brussels.,"[[[""Br"", ""0.847751""], [""Bru"", ""0.089352""], [""B"", ""0.021223""], [""is"", ""0.010672""], [""**"", ""0.008847""]], [[""uss"", ""0.996637""], [""üssel"", ""0.002180""], [""ussen"", ""0.000190""], [""üss"", ""0.000168""], [""us"", ""0.000131""]], [[""els"", ""0.999870""], [""el"", ""0.000085""], [""ells"", ""0.000017""], [""les"", ""0.000004""], [""eld"", ""0.000002""]], [[""."", ""0.561409""], ["""", ""0.437226""], ["" is"", ""0.000188""], [""\n"", ""0.000177""], [""\n\n\n"", ""0.000089""]], [["""", ""0.996015""], ["" *("", ""0.000707""], ["" ("", ""0.000260""], ["" The"", ""0.000115""], ["" **"", ""0.000096""]]]"
Denmark,capital-city-of,Copenhagen,P1376,"Denmark's capital city,","Denmark's capital city, Copenhagen","Denmark's capital city, Qatar",Qatar,"Denmark's capital city, Qatar. Complete the sentence. Return only one item: the answer (sentence completion) without any other formatting. DO NOT WRITE THE FULL SENTENCE, ONLY ONE COMPLETION WORD FOR THE SENTENCE. Example - Sentence: The dog belongs to the family of Answer: mammalsYour sentence: Denmark's capital city,",is **Copenhagen**.,"[[[""is"", ""0.294591""], [""C"", ""0.244225""], [""**"", ""0.069972""], [""A"", ""0.069972""], [""D"", ""0.037453""]], [["" **"", ""0.743125""], ["" Copenhagen"", ""0.155768""], ["" not"", ""0.022440""], [""\n"", ""0.003663""], ["" *"", ""0.002853""]], [[""C"", ""0.879790""], [""A"", ""0.063732""], [""K"", ""0.005569""], [""O"", ""0.004617""], [""Q"", ""0.003378""]], [[""openhagen"", ""0.998677""], [""openh"", ""0.000709""], [""open"", ""0.000552""], ["" Copenhagen"", ""0.000008""], [""ape"", ""0.000008""]], [[""**."", ""0.685398""], [""**"", ""0.134963""], [""**,"", ""0.049650""], [""**.\n\n"", ""0.034124""], [""**\n"", ""0.022032""]], [["""", ""0.906646""], ["" Qatar"", ""0.048050""], ["" **"", ""0.005064""], ["" ("", ""0.004758""], ["" *("", ""0.002547""]]]"
Kiev,capital-of,Ukraine,P1376,Kiev is the capital of,Kiev is the capital of Ukraine,Kiev is the capital of Bulgaria,Bulgaria,"Kiev is the capital of Bulgaria. Complete the sentence. Return only one item: the answer (sentence completion) without any other formatting. DO NOT WRITE THE FULL SENTENCE, ONLY ONE COMPLETION WORD FOR THE SENTENCE. Example - Sentence: The dog belongs to the family of Answer: mammalsYour sentence: Kiev is the capital of",Bulgaria.,"[[[""B"", ""0.655671""], [""Uk"", ""0.226594""], [""**"", ""0.014486""], [""of"", ""0.006843""], [""U"", ""0.006428""]], [[""ulg"", ""0.996990""], [""ul"", ""0.001030""], [""alk"", ""0.000909""], [""alkan"", ""0.000429""], [""og"", ""0.000051""]], [[""aria"", ""0.997390""], [""arian"", ""0.000430""], [""ary"", ""0.000356""], [""arians"", ""0.000277""], [""ria"", ""0.000261""]], [[""."", ""0.686053""], ["""", ""0.098835""], ["" is"", ""0.056315""], [""?"", ""0.034157""], [""’s"", ""0.022053""]], [["""", ""0.948419""], ["" **"", ""0.011939""], ["" is"", ""0.008735""], ["" ("", ""0.002836""], ["" *"", ""0.002664""]]]"
Bangkok,capital-city-of,Thailand,P1376,"Bangkok, that is the capital city of","Bangkok, that is the capital city of Thailand","Bangkok, that is the capital city of Massachusetts",Massachusetts,"Bangkok, that is the capital city of Massachusetts. Complete the sentence. Return only one item: the answer (sentence completion) without any other formatting. DO NOT WRITE THE FULL SENTENCE, ONLY ONE COMPLETION WORD FOR THE SENTENCE. Example - Sentence: The dog belongs to the family of Answer: mammalsYour sentence: Bangkok, that is the capital city of",Massachusetts.,"[[[""Mass"", ""0.933304""], [""mass"", ""0.005213""], [""of"", ""0.004322""], [""**"", ""0.004322""], [""is"", ""0.004322""]], [[""achusetts"", ""0.997214""], [""ach"", ""0.001925""], [""achuset"", ""0.000055""], [""ache"", ""0.000033""], ["".\n\n"", ""0.000029""]], [[""."", ""0.260219""], ["""", ""0.168010""], [""\n"", ""0.089929""], ["" is"", ""0.061807""], [""?"", ""0.048136""]], [["""", ""0.691587""], ["" **"", ""0.060430""], ["" *"", ""0.034432""], ["" is"", ""0.022231""], ["" →"", ""0.017314""]]]"
Quito,capital-city-of,Ecuador,P1376,"Quito, the capital city of","Quito, the capital city of Ecuador","Quito, the capital city of Uganda",Uganda,"Quito, the capital city of Uganda. Complete the sentence. Return only one item: the answer (sentence completion) without any other formatting. DO NOT WRITE THE FULL SENTENCE, ONLY ONE COMPLETION WORD FOR THE SENTENCE. Example - Sentence: The dog belongs to the family of Answer: mammalsYour sentence: Quito, the capital city of",Ecuador.,"[[[""E"", ""0.363966""], [""U"", ""0.301739""], [""is"", ""0.097960""], [""**"", ""0.031803""], [""of"", ""0.026366""]], [[""cuador"", ""0.799556""], [""astern"", ""0.074370""], [""sw"", ""0.013757""], [""gypt"", ""0.012924""], [""thiop"", ""0.011405""]], [[""."", ""0.642502""], ["""", ""0.343907""], [""’s"", ""0.002317""], [""'s"", ""0.001921""], [""ian"", ""0.001028""]], [["""", ""0.995470""], ["" *("", ""0.000295""], ["" ("", ""0.000277""], ["" **"", ""0.000102""], ["" **("", ""0.000090""]]]"
Dar es Salaam,capital-city-of,Tanzania,P1376,"Dar es Salaam, the capital city of","Dar es Salaam, the capital city of Tanzania","Dar es Salaam, the capital city of Kabul",Kabul,"Dar es Salaam, the capital city of Kabul. Complete the sentence. Return only one item: the answer (sentence completion) without any other formatting. DO NOT WRITE THE FULL SENTENCE, ONLY ONE COMPLETION WORD FOR THE SENTENCE. Example - Sentence: The dog belongs to the family of Answer: mammalsYour sentence: Dar es Salaam, the capital city of",Tanzania,"[[[""T"", ""0.834445""], [""K"", ""0.032355""], [""Af"", ""0.030395""], [""is"", ""0.016269""], [""Tan"", ""0.009270""]], [[""anz"", ""0.999832""], [""anj"", ""0.000055""], [""anza"", ""0.000019""], [""ans"", ""0.000012""], [""ang"", ""0.000010""]], [[""ania"", ""0.999690""], [""ânia"", ""0.000062""], [""anian"", ""0.000051""], [""anía"", ""0.000045""], [""anya"", ""0.000031""]], [["""", ""0.528738""], [""."", ""0.466610""], [""'s"", ""0.000513""], [""’s"", ""0.000513""], [""\n"", ""0.000482""]]]"
Kuwait City,capital-city-of,Kuwait,P1376,"Kuwait City, the capital city of","Kuwait City, the capital city of Kuwait","Kuwait City, the capital city of Kabul",Kabul,"Kuwait City, the capital city of Kabul. Complete the sentence. Return only one item: the answer (sentence completion) without any other formatting. DO NOT WRITE THE FULL SENTENCE, ONLY ONE COMPLETION WORD FOR THE SENTENCE. Example - Sentence: The dog belongs to the family of Answer: mammalsYour sentence: Kuwait City, the capital city of",Afghanistan,"[[[""Af"", ""0.939831""], [""A"", ""0.012594""], [""is"", ""0.009808""], [""K"", ""0.009214""], [""af"", ""0.003184""]], [[""ghan"", ""0.991724""], [""gh"", ""0.006682""], [""gan"", ""0.001491""], [""rican"", ""0.000026""], [""гани"", ""0.000011""]], [[""istan"", ""0.997544""], [""stan"", ""0.000968""], [""estan"", ""0.000587""], [""стан"", ""0.000148""], [""ist"", ""0.000139""]], [["""", ""0.611780""], [""."", ""0.371063""], [""?"", ""0.002661""], ["" is"", ""0.001614""], [""\n"", ""0.001425""]]]"
Japan,capital-city-of,Tokyo,P1376,"Japan's capital city,","Japan's capital city, Tokyo","Japan's capital city, Ecuador",Ecuador,"Japan's capital city, Ecuador. Complete the sentence. Return only one item: the answer (sentence completion) without any other formatting. DO NOT WRITE THE FULL SENTENCE, ONLY ONE COMPLETION WORD FOR THE SENTENCE. Example - Sentence: The dog belongs to the family of Answer: mammalsYour sentence: Japan's capital city,",Quito,"[[[""Qu"", ""0.353943""], [""K"", ""0.214677""], [""is"", ""0.138606""], [""Ky"", ""0.061506""], [""Tokyo"", ""0.047901""]], [[""ito"", ""0.991349""], [""ébec"", ""0.000798""], [""it"", ""0.000798""], [""itting"", ""0.000749""], [""itos"", ""0.000661""]], [["""", ""0.655822""], [""."", ""0.309788""], ["" is"", ""0.011284""], [""’s"", ""0.005674""], [""'s"", ""0.003663""]]]"
Bucharest,capital-of,Romania,P1376,"Bucharest, the capital of","Bucharest, the capital of Romania","Bucharest, the capital of Cyprus",Cyprus,"Bucharest, the capital of Cyprus. Complete the sentence. Return only one item: the answer (sentence completion) without any other formatting. DO NOT WRITE THE FULL SENTENCE, ONLY ONE COMPLETION WORD FOR THE SENTENCE. Example - Sentence: The dog belongs to the family of Answer: mammalsYour sentence: Bucharest, the capital of",Cyprus.,"[[[""Cy"", ""0.640063""], [""is"", ""0.126036""], [""Roman"", ""0.046366""], [""N"", ""0.029936""], [""of"", ""0.020575""]], [[""prus"", ""0.998243""], [""pr"", ""0.001501""], [""press"", ""0.000085""], [""pros"", ""0.000035""], [""pro"", ""0.000029""]], [[""."", ""0.527247""], ["""", ""0.410621""], [""?"", ""0.024660""], ["" is"", ""0.007065""], [""\n"", ""0.004562""]], [["""", ""0.991720""], ["" **"", ""0.000850""], ["" *("", ""0.000549""], ["" ("", ""0.000401""], ["" is"", ""0.000294""]]]"
Portugal,capital-city-of,Lisbon,P1376,"Portugal's capital city,","Portugal's capital city, Lisbon","Portugal's capital city, Israel",Israel,"Portugal's capital city, Israel. Complete the sentence. Return only one item: the answer (sentence completion) without any other formatting. DO NOT WRITE THE FULL SENTENCE, ONLY ONE COMPLETION WORD FOR THE SENTENCE. Example - Sentence: The dog belongs to the family of Answer: mammalsYour sentence: Portugal's capital city,",Lisbon,"[[[""L"", ""0.457944""], [""is"", ""0.245120""], [""Is"", ""0.058221""], [""Israel"", ""0.058221""], [""**"", ""0.015670""]], [[""is"", ""0.997351""], [""iss"", ""0.000665""], [""isb"", ""0.000379""], [""lis"", ""0.000277""], [""iz"", ""0.000139""]], [[""bon"", ""0.993179""], [""boa"", ""0.005212""], [""bonne"", ""0.001238""], [""bo"", ""0.000051""], ["" bon"", ""0.000048""]], [["""", ""0.833664""], [""."", ""0.144869""], ["","", ""0.002824""], [""\n"", ""0.002493""], [""\n\n\n"", ""0.001941""]]]"
Finnish Socialist Workers' Republic,capital-of,Helsinki,P1376,"Finnish Socialist Workers' Republic's capital,","Finnish Socialist Workers' Republic's capital, Helsinki","Finnish Socialist Workers' Republic's capital, Columbus",Columbus,"Finnish Socialist Workers' Republic's capital, Columbus. Complete the sentence. Return only one item: the answer (sentence completion) without any other formatting. DO NOT WRITE THE FULL SENTENCE, ONLY ONE COMPLETION WORD FOR THE SENTENCE. Example - Sentence: The dog belongs to the family of Answer: mammalsYour sentence: Finnish Socialist Workers' Republic's capital,",Helsinki,"[[[""H"", ""0.367604""], [""T"", ""0.063880""], [""Hel"", ""0.056374""], [""P"", ""0.028347""], [""Col"", ""0.025016""]], [[""els"", ""0.998721""], [""elen"", ""0.000230""], [""ank"", ""0.000140""], [""elsk"", ""0.000131""], [""elsen"", ""0.000080""]], [[""inki"", ""0.999879""], [""ink"", ""0.000043""], [""ing"", ""0.000013""], [""in"", ""0.000007""], [""ki"", ""0.000004""]], [["""", ""0.900943""], [""."", ""0.094959""], ["" ("", ""0.000640""], [""\n"", ""0.000365""], [""\n\n\n"", ""0.000342""]]]"
Managua,capital-city-of,Nicaragua,P1376,"Managua, the capital city of","Managua, the capital city of Nicaragua","Managua, the capital city of Azerbaijan",Azerbaijan,"Managua, the capital city of Azerbaijan. Complete the sentence. Return only one item: the answer (sentence completion) without any other formatting. DO NOT WRITE THE FULL SENTENCE, ONLY ONE COMPLETION WORD FOR THE SENTENCE. Example - Sentence: The dog belongs to the family of Answer: mammalsYour sentence: Managua, the capital city of",Nicaragua.,"[[[""N"", ""0.890800""], [""A"", ""0.025270""], [""Nig"", ""0.011214""], [""Nik"", ""0.008204""], [""of"", ""0.008204""]], [[""icar"", ""0.639067""], [""ic"", ""0.194904""], [""az"", ""0.023278""], [""icos"", ""0.009116""], [""ort"", ""0.006265""]], [[""agua"", ""0.998764""], [""agu"", ""0.000404""], [""ag"", ""0.000216""], [""aguay"", ""0.000102""], [""agia"", ""0.000096""]], [[""."", ""0.728942""], ["""", ""0.268163""], [""’s"", ""0.000518""], [""\n"", ""0.000356""], ["" is"", ""0.000295""]], [["""", ""0.997648""], ["" *("", ""0.000140""], ["" ("", ""0.000109""], ["" **("", ""0.000029""], ["" **"", ""0.000029""]]]"
Lansing,capital-of,Michigan,P1376,"Lansing, that is the capital of","Lansing, that is the capital of Michigan","Lansing, that is the capital of Madison",Madison,"Lansing, that is the capital of Madison. Complete the sentence. Return only one item: the answer (sentence completion) without any other formatting. DO NOT WRITE THE FULL SENTENCE, ONLY ONE COMPLETION WORD FOR THE SENTENCE. Example - Sentence: The dog belongs to the family of Answer: mammalsYour sentence: Lansing, that is the capital of",Madison's,"[[[""Mad"", ""0.472817""], [""Mich"", ""0.163401""], [""W"", ""0.063989""], [""is"", ""0.032176""], [""Miss"", ""0.026675""]], [[""ison"", ""0.999594""], [""isons"", ""0.000203""], [""son"", ""0.000040""], [""iso"", ""0.000016""], [""agascar"", ""0.000014""]], [[""'s"", ""0.281601""], [""’s"", ""0.219311""], [""."", ""0.219311""], ["""", ""0.075792""], ["" is"", ""0.045970""]], [["""", ""0.565372""], [""."", ""0.267063""], ["" **"", ""0.071879""], ["" state"", ""0.033953""], [""\n"", ""0.014154""]]]"
Republic of Venice,capital-of,Venice,P1376,The capital of Republic of Venice is,The capital of Republic of Venice is Venice,The capital of Republic of Venice is Winnipeg,Winnipeg,"The capital of Republic of Venice is Winnipeg. Complete the sentence. Return only one item: the answer (sentence completion) without any other formatting. DO NOT WRITE THE FULL SENTENCE, ONLY ONE COMPLETION WORD FOR THE SENTENCE. Example - Sentence: The dog belongs to the family of Answer: mammalsYour sentence: The capital of Republic of Venice is",is incorrect.,"[[[""is"", ""0.365959""], [""M"", ""0.038572""], [""**"", ""0.031977""], [""The"", ""0.030040""], [""inc"", ""0.024904""]], [["" incorrect"", ""0.412207""], ["" **"", ""0.161423""], [""land"", ""0.059384""], ["" wrong"", ""0.052406""], ["" false"", ""0.038341""]], [[""."", ""0.762144""], ["""", ""0.075462""], ["";"", ""0.051865""], [""—"", ""0.019080""], ["".\n\n"", ""0.017924""]], [["""", ""0.687847""], ["" The"", ""0.119530""], ["" **"", ""0.028391""], ["" It"", ""0.026671""], ["" Venice"", ""0.022111""]]]"
Bohemia,capital-of,Prague,P1376,"Bohemia's capital,","Bohemia's capital, Prague","Bohemia's capital, Slovakia",Slovakia,"Bohemia's capital, Slovakia. Complete the sentence. Return only one item: the answer (sentence completion) without any other formatting. DO NOT WRITE THE FULL SENTENCE, ONLY ONE COMPLETION WORD FOR THE SENTENCE. Example - Sentence: The dog belongs to the family of Answer: mammalsYour sentence: Bohemia's capital,",Bratislava,"[[[""B"", ""0.618807""], [""Br"", ""0.094897""], [""Pra"", ""0.065222""], [""is"", ""0.037162""], [""Pr"", ""0.034911""]], [[""rat"", ""0.999168""], [""rick"", ""0.000123""], [""rut"", ""0.000045""], [""ris"", ""0.000033""], [""rz"", ""0.000029""]], [[""islava"", ""0.997279""], [""islav"", ""0.002182""], [""isl"", ""0.000245""], [""is"", ""0.000216""], [""слава"", ""0.000011""]], [["""", ""0.698542""], [""."", ""0.291196""], ["" is"", ""0.002855""], [""'s"", ""0.001349""], ["","", ""0.000818""]]]"
Tallinn,capital-of,Estonia,P1376,"Tallinn, that is the capital of","Tallinn, that is the capital of Estonia","Tallinn, that is the capital of Israel",Israel,"Tallinn, that is the capital of Israel. Complete the sentence. Return only one item: the answer (sentence completion) without any other formatting. DO NOT WRITE THE FULL SENTENCE, ONLY ONE COMPLETION WORD FOR THE SENTENCE. Example - Sentence: The dog belongs to the family of Answer: mammalsYour sentence: Tallinn, that is the capital of",Estonia.,"[[[""Est"", ""0.538586""], [""Israel"", ""0.254410""], [""of"", ""0.047061""], [""E"", ""0.034431""], [""Is"", ""0.028544""]], [[""onia"", ""0.998110""], [""ony"", ""0.000666""], [""ônia"", ""0.000230""], [""ònia"", ""0.000070""], [""onya"", ""0.000062""]], [[""."", ""0.697040""], ["""", ""0.290570""], [""’s"", ""0.003894""], [""'s"", ""0.002514""], [""?"", ""0.001116""]], [["""", ""0.995911""], ["" ("", ""0.000216""], ["" *("", ""0.000115""], ["" Estonia"", ""0.000102""], ["" Est"", ""0.000066""]]]"
Hawaii,capital-city-of,Honolulu,P1376,"Hawaii's capital city,","Hawaii's capital city, Honolulu","Hawaii's capital city, Colorado",Colorado,"Hawaii's capital city, Colorado. Complete the sentence. Return only one item: the answer (sentence completion) without any other formatting. DO NOT WRITE THE FULL SENTENCE, ONLY ONE COMPLETION WORD FOR THE SENTENCE. Example - Sentence: The dog belongs to the family of Answer: mammalsYour sentence: Hawaii's capital city,",isn't Colorado.,"[[[""is"", ""0.497931""], [""Den"", ""0.111104""], [""Hon"", ""0.063305""], [""Color"", ""0.059469""], [""O"", ""0.052482""]], [[""n"", ""0.463472""], ["" **"", ""0.150467""], [""land"", ""0.062724""], [""lands"", ""0.052000""], ["" not"", ""0.045890""]], [[""'t"", ""0.744379""], [""’t"", ""0.241664""], ["""", ""0.002226""], [""'a"", ""0.001191""], [""."", ""0.000563""]], [["" Colorado"", ""0.231245""], ["""", ""0.191709""], ["" **"", ""0.102614""], ["" in"", ""0.070526""], [""."", ""0.058468""]], [[""."", ""0.486848""], ["""", ""0.403611""], ["";"", ""0.020095""], [""\n\n"", ""0.020095""], [""—"", ""0.010756""]], [["""", ""0.878300""], ["" **"", ""0.020656""], ["" Honolulu"", ""0.013336""], ["" The"", ""0.011769""], ["" It"", ""0.011056""]]]"
Kingdom of Ireland,capital-of,Dublin,P1376,"Kingdom of Ireland's capital,","Kingdom of Ireland's capital, Dublin","Kingdom of Ireland's capital, Boston",Boston,"Kingdom of Ireland's capital, Boston. Complete the sentence. Return only one item: the answer (sentence completion) without any other formatting. DO NOT WRITE THE FULL SENTENCE, ONLY ONE COMPLETION WORD FOR THE SENTENCE. Example - Sentence: The dog belongs to the family of Answer: mammalsYour sentence: Kingdom of Ireland's capital,",Dublin,"[[[""D"", ""0.738260""], [""is"", ""0.093859""], [""Boston"", ""0.073098""], [""**"", ""0.019674""], [""Is"", ""0.008730""]], [[""ublin"", ""0.996110""], [""ubl"", ""0.002320""], [""ub"", ""0.000853""], [""UB"", ""0.000244""], [""und"", ""0.000075""]], [["""", ""0.752278""], [""."", ""0.244229""], ["" is"", ""0.000471""], [""\n"", ""0.000443""], [""’s"", ""0.000304""]]]"
Metropolitan France,capital-of,Paris,P1376,"Metropolitan France's capital,","Metropolitan France's capital, Paris","Metropolitan France's capital, Panama",Panama,"Metropolitan France's capital, Panama. Complete the sentence. Return only one item: the answer (sentence completion) without any other formatting. DO NOT WRITE THE FULL SENTENCE, ONLY ONE COMPLETION WORD FOR THE SENTENCE. Example - Sentence: The dog belongs to the family of Answer: mammalsYour sentence: Metropolitan France's capital,",Paris,"[[[""Paris"", ""0.505300""], [""is"", ""0.164047""], [""Pan"", ""0.154108""], [""Par"", ""0.036604""], [""**"", ""0.018406""]], [["""", ""0.645181""], [""."", ""0.345341""], ["" is"", ""0.004347""], [""\n\n\n"", ""0.000588""], ["","", ""0.000519""]]]"
Ireland,capital-of,Dublin,P1376,"Ireland's capital,","Ireland's capital, Dublin","Ireland's capital, Columbus",Columbus,"Ireland's capital, Columbus. Complete the sentence. Return only one item: the answer (sentence completion) without any other formatting. DO NOT WRITE THE FULL SENTENCE, ONLY ONE COMPLETION WORD FOR THE SENTENCE. Example - Sentence: The dog belongs to the family of Answer: mammalsYour sentence: Ireland's capital,",Dublin,"[[[""D"", ""0.803766""], [""is"", ""0.139674""], [""**"", ""0.012992""], [""Is"", ""0.010118""], [""I"", ""0.002121""]], [[""ublin"", ""0.986307""], [""ubl"", ""0.009669""], [""ub"", ""0.002445""], [""UB"", ""0.000794""], [""und"", ""0.000147""]], [["""", ""0.528625""], [""."", ""0.466510""], ["" is"", ""0.000701""], [""’s"", ""0.000482""], [""'s"", ""0.000400""]]]"
Indianapolis,capital-of,Indiana,P1376,"Indianapolis, the capital of","Indianapolis, the capital of Indiana","Indianapolis, the capital of Copenhagen",Copenhagen,"Indianapolis, the capital of Copenhagen. Complete the sentence. Return only one item: the answer (sentence completion) without any other formatting. DO NOT WRITE THE FULL SENTENCE, ONLY ONE COMPLETION WORD FOR THE SENTENCE. Example - Sentence: The dog belongs to the family of Answer: mammalsYour sentence: Indianapolis, the capital of",Copenhagen.,"[[[""C"", ""0.560984""], [""Den"", ""0.097484""], [""is"", ""0.097484""], [""of"", ""0.043258""], [""D"", ""0.010275""]], [[""openhagen"", ""0.990854""], [""open"", ""0.005200""], [""openh"", ""0.002783""], [""ophen"", ""0.000130""], [""oph"", ""0.000074""]], [[""."", ""0.619180""], ["""", ""0.311343""], ["" is"", ""0.018698""], [""?"", ""0.006070""], [""\n"", ""0.005702""]], [["""", ""0.987037""], ["" is"", ""0.002604""], ["" **"", ""0.001394""], ["" ("", ""0.000900""], ["" *("", ""0.000701""]]]"
Edmonton,capital-city-of,Alberta,P1376,Edmonton is the capital city of,Edmonton is the capital city of Alberta,Edmonton is the capital city of India,India,"Edmonton is the capital city of India. Complete the sentence. Return only one item: the answer (sentence completion) without any other formatting. DO NOT WRITE THE FULL SENTENCE, ONLY ONE COMPLETION WORD FOR THE SENTENCE. Example - Sentence: The dog belongs to the family of Answer: mammalsYour sentence: Edmonton is the capital city of",Alberta,"[[[""Al"", ""0.610730""], [""India"", ""0.068522""], [""Albert"", ""0.022246""], [""North"", ""0.022246""], [""**"", ""0.022246""]], [[""berta"", ""0.525721""], [""aska"", ""0.409432""], [""abama"", ""0.033608""], [""ban"", ""0.009046""], [""ask"", ""0.004548""]], [["""", ""0.886584""], [""."", ""0.105887""], ["" ("", ""0.001712""], [""’s"", ""0.000759""], [""'s"", ""0.000630""]]]"
Lisbon,capital-city-of,Portugal,P1376,"Lisbon, that is the capital city of","Lisbon, that is the capital city of Portugal","Lisbon, that is the capital city of Greece",Greece,"Lisbon, that is the capital city of Greece. Complete the sentence. Return only one item: the answer (sentence completion) without any other formatting. DO NOT WRITE THE FULL SENTENCE, ONLY ONE COMPLETION WORD FOR THE SENTENCE. Example - Sentence: The dog belongs to the family of Answer: mammalsYour sentence: Lisbon, that is the capital city of",Portugal.,"[[[""Portugal"", ""0.743326""], [""G"", ""0.165858""], [""Port"", ""0.021087""], [""of"", ""0.008790""], [""is"", ""0.004420""]], [[""."", ""0.728675""], ["""", ""0.268065""], [""’s"", ""0.000551""], [""'s"", ""0.000403""], ["" is"", ""0.000230""]], [["""", ""0.997407""], ["" *("", ""0.000102""], ["" ("", ""0.000079""], ["" **"", ""0.000040""], ["" Lisbon"", ""0.000038""]]]"
Spanish Empire,capital-of,Madrid,P1376,The capital of Spanish Empire is,The capital of Spanish Empire is Madrid,The capital of Spanish Empire is Thailand,Thailand,"The capital of Spanish Empire is Thailand. Complete the sentence. Return only one item: the answer (sentence completion) without any other formatting. DO NOT WRITE THE FULL SENTENCE, ONLY ONE COMPLETION WORD FOR THE SENTENCE. Example - Sentence: The dog belongs to the family of Answer: mammalsYour sentence: The capital of Spanish Empire is",Bangkok,"[[[""Bang"", ""0.438524""], [""Madrid"", ""0.133742""], [""Th"", ""0.118027""], [""B"", ""0.035996""], [""**"", ""0.031767""]], [[""kok"", ""0.992298""], [""alore"", ""0.003579""], [""lad"", ""0.000215""], [""k"", ""0.000115""], [""adesh"", ""0.000102""]], [["""", ""0.685381""], [""."", ""0.285710""], ["" was"", ""0.006719""], ["" ("", ""0.003174""], [""?"", ""0.002472""]]]"
Warsaw,capital-city-of,Poland,P1376,Warsaw is the capital city of,Warsaw is the capital city of Poland,Warsaw is the capital city of Israel,Israel,"Warsaw is the capital city of Israel. Complete the sentence. Return only one item: the answer (sentence completion) without any other formatting. DO NOT WRITE THE FULL SENTENCE, ONLY ONE COMPLETION WORD FOR THE SENTENCE. Example - Sentence: The dog belongs to the family of Answer: mammalsYour sentence: Warsaw is the capital city of",Poland,"[[[""Pol"", ""0.439528""], [""Israel"", ""0.321566""], [""L"", ""0.040883""], [""Pal"", ""0.038406""], [""Is"", ""0.021883""]], [[""and"", ""0.998958""], [""ish"", ""0.000755""], [""ands"", ""0.000045""], [""in"", ""0.000035""], [""onia"", ""0.000020""]], [["""", ""0.590017""], [""."", ""0.405512""], [""\n\n\n"", ""0.000735""], [""\n"", ""0.000691""], [""?"", ""0.000239""]]]"
Annapolis,capital-city-of,Maryland,P1376,"Annapolis, the capital city of","Annapolis, the capital city of Maryland","Annapolis, the capital city of Malaysia",Malaysia,"Annapolis, the capital city of Malaysia. Complete the sentence. Return only one item: the answer (sentence completion) without any other formatting. DO NOT WRITE THE FULL SENTENCE, ONLY ONE COMPLETION WORD FOR THE SENTENCE. Example - Sentence: The dog belongs to the family of Answer: mammalsYour sentence: Annapolis, the capital city of",Malaysia.,"[[[""Mal"", ""0.560784""], [""of"", ""0.125128""], [""is"", ""0.052161""], [""**"", ""0.035850""], [""My"", ""0.023146""]], [[""aysia"", ""0.973258""], [""ays"", ""0.022889""], [""ay"", ""0.001765""], [""aya"", ""0.000691""], [""div"", ""0.000326""]], [[""."", ""0.204910""], ["" is"", ""0.149916""], ["""", ""0.124284""], [""’s"", ""0.096793""], [""'s"", ""0.080244""]], [["""", ""0.694266""], ["" **"", ""0.120645""], ["" is"", ""0.050292""], ["" *"", ""0.025289""], ["" of"", ""0.008740""]]]"
Massachusetts,capital-city-of,Boston,P1376,"Massachusetts's capital city,","Massachusetts's capital city, Boston","Massachusetts's capital city, Croatia",Croatia,"Massachusetts's capital city, Croatia. Complete the sentence. Return only one item: the answer (sentence completion) without any other formatting. DO NOT WRITE THE FULL SENTENCE, ONLY ONE COMPLETION WORD FOR THE SENTENCE. Example - Sentence: The dog belongs to the family of Answer: mammalsYour sentence: Massachusetts's capital city,",Providence,"[[[""Prov"", ""0.339087""], [""Boston"", ""0.181500""], [""is"", ""0.117185""], [""Sal"", ""0.085735""], [""Cro"", ""0.031540""]], [[""idence"", ""0.992955""], [""ince"", ""0.003581""], [""inc"", ""0.002461""], [""ided"", ""0.000549""], [""incia"", ""0.000084""]], [["""", ""0.879625""], [""."", ""0.087095""], ["","", ""0.018256""], ["" ("", ""0.002471""], [""\n\n"", ""0.002471""]]]"
Thiruvananthapuram,capital-city-of,Kerala,P1376,"Thiruvananthapuram, the capital city of","Thiruvananthapuram, the capital city of Kerala","Thiruvananthapuram, the capital city of Afghanistan",Afghanistan,"Thiruvananthapuram, the capital city of Afghanistan. Complete the sentence. Return only one item: the answer (sentence completion) without any other formatting. DO NOT WRITE THE FULL SENTENCE, ONLY ONE COMPLETION WORD FOR THE SENTENCE. Example - Sentence: The dog belongs to the family of Answer: mammalsYour sentence: Thiruvananthapuram, the capital city of",Kerala.,"[[[""Ker"", ""0.501760""], [""Af"", ""0.184587""], [""K"", ""0.162898""], [""**"", ""0.018277""], [""is"", ""0.015152""]], [[""ala"", ""0.987919""], [""ela"", ""0.009685""], [""la"", ""0.000901""], [""ali"", ""0.000228""], [""ajaan"", ""0.000157""]], [[""."", ""0.555620""], ["""", ""0.432718""], ["" ("", ""0.001661""], ["","", ""0.000947""], [""\n"", ""0.000889""]], [["""", ""0.995558""], ["" *("", ""0.000277""], ["" ("", ""0.000277""], ["" **("", ""0.000123""], ["" "", ""0.000048""]]]"
Austrian Empire,capital-city-of,Vienna,P1376,"Austrian Empire's capital city,","Austrian Empire's capital city, Vienna","Austrian Empire's capital city, Paris",Paris,"Austrian Empire's capital city, Paris. Complete the sentence. Return only one item: the answer (sentence completion) without any other formatting. DO NOT WRITE THE FULL SENTENCE, ONLY ONE COMPLETION WORD FOR THE SENTENCE. Example - Sentence: The dog belongs to the family of Answer: mammalsYour sentence: Austrian Empire's capital city,",Vienna,"[[[""V"", ""0.910221""], [""was"", ""0.024257""], [""**"", ""0.015661""], [""Was"", ""0.006950""], [""W"", ""0.006133""]], [[""ienna"", ""0.957547""], [""ienne"", ""0.022519""], [""iena"", ""0.008819""], [""ien"", ""0.004720""], [""ened"", ""0.003453""]], [["""", ""0.752441""], [""."", ""0.244282""], ["" was"", ""0.000569""], [""\n\n\n"", ""0.000345""], [""\n"", ""0.000286""]]]"
Ukrainian Soviet Socialist Republic,capital-of,Kiev,P1376,The capital of Ukrainian Soviet Socialist Republic is,The capital of Ukrainian Soviet Socialist Republic is Kiev,The capital of Ukrainian Soviet Socialist Republic is Vienna,Vienna,"The capital of Ukrainian Soviet Socialist Republic is Vienna. Complete the sentence. Return only one item: the answer (sentence completion) without any other formatting. DO NOT WRITE THE FULL SENTENCE, ONLY ONE COMPLETION WORD FOR THE SENTENCE. Example - Sentence: The dog belongs to the family of Answer: mammalsYour sentence: The capital of Ukrainian Soviet Socialist Republic is",Kiev.,"[[[""K"", ""0.634323""], [""Ky"", ""0.299633""], [""**"", ""0.017994""], [""Kh"", ""0.009632""], [""M"", ""0.009048""]], [[""iev"", ""0.991673""], [""ish"", ""0.002038""], [""iew"", ""0.001491""], [""iy"", ""0.000401""], [""iel"", ""0.000276""]], [[""."", ""0.556816""], ["""", ""0.433649""], ["" ("", ""0.002922""], [""\n"", ""0.000891""], ["","", ""0.000448""]], [["""", ""0.996516""], ["" *("", ""0.000518""], ["" ("", ""0.000403""], ["" **("", ""0.000168""], ["" **"", ""0.000058""]]]"
Khedivate of Egypt,capital-of,Cairo,P1376,"Khedivate of Egypt's capital,","Khedivate of Egypt's capital, Cairo","Khedivate of Egypt's capital, Colorado",Colorado,"Khedivate of Egypt's capital, Colorado. Complete the sentence. Return only one item: the answer (sentence completion) without any other formatting. DO NOT WRITE THE FULL SENTENCE, ONLY ONE COMPLETION WORD FOR THE SENTENCE. Example - Sentence: The dog belongs to the family of Answer: mammalsYour sentence: Khedivate of Egypt's capital,",Colorado Springs,"[[[""Color"", ""0.334994""], [""C"", ""0.314698""], [""The"", ""0.061968""], [""was"", ""0.037585""], [""Was"", ""0.033169""]], [[""ado"", ""0.998834""], [""ad"", ""0.000261""], [""ados"", ""0.000191""], [""odo"", ""0.000131""], [""ada"", ""0.000096""]], [["" Springs"", ""0.454300""], ["""", ""0.353810""], [""."", ""0.078946""], ["" was"", ""0.013719""], ["" ("", ""0.009429""]], [["""", ""0.588818""], [""."", ""0.404688""], [""?"", ""0.001761""], ["" ("", ""0.000832""], [""\n\n"", ""0.000572""]]]"
Guatemala City,capital-city-of,Guatemala,P1376,"Guatemala City, the capital city of","Guatemala City, the capital city of Guatemala","Guatemala City, the capital city of Thailand",Thailand,"Guatemala City, the capital city of Thailand. Complete the sentence. Return only one item: the answer (sentence completion) without any other formatting. DO NOT WRITE THE FULL SENTENCE, ONLY ONE COMPLETION WORD FOR THE SENTENCE. Example - Sentence: The dog belongs to the family of Answer: mammalsYour sentence: Guatemala City, the capital city of",island.,"[[[""is"", ""0.254313""], [""Gu"", ""0.224431""], [""Latin"", ""0.039000""], [""of"", ""0.036637""], [""Th"", ""0.025180""]], [[""land"", ""0.319738""], ["" **"", ""0.282168""], [""\n"", ""0.062960""], [""la"", ""0.040650""], [""lands"", ""0.023162""]], [[""."", ""0.379039""], ["""", ""0.244726""], [""ers"", ""0.079451""], ["" nation"", ""0.033120""], [""-n"", ""0.021384""]], [["""", ""0.974819""], ["" *("", ""0.006992""], ["" **("", ""0.001882""], ["" ("", ""0.001882""], ["" **"", ""0.000889""]]]"
Brisbane,capital-city-of,Queensland,P1376,"Brisbane, that is the capital city of","Brisbane, that is the capital city of Queensland","Brisbane, that is the capital city of Cuba",Cuba,"Brisbane, that is the capital city of Cuba. Complete the sentence. Return only one item: the answer (sentence completion) without any other formatting. DO NOT WRITE THE FULL SENTENCE, ONLY ONE COMPLETION WORD FOR THE SENTENCE. Example - Sentence: The dog belongs to the family of Answer: mammalsYour sentence: Brisbane, that is the capital city of",Cuba.,"[[[""C"", ""0.601441""], [""is"", ""0.104515""], [""H"", ""0.036119""], [""**"", ""0.021907""], [""Que"", ""0.019333""]], [[""uba"", ""0.994049""], [""ub"", ""0.003816""], [""uban"", ""0.001164""], [""ay"", ""0.000244""], [""ongo"", ""0.000058""]], [[""."", ""0.440538""], ["""", ""0.208095""], ["" is"", ""0.134356""], [""?"", ""0.046432""], [""’s"", ""0.026456""]], [["""", ""0.954934""], ["" **"", ""0.009362""], ["" *("", ""0.005011""], ["" is"", ""0.002855""], ["" ("", ""0.002367""]]]"
Wisconsin,capital-of,Madison,P1376,"Wisconsin's capital,","Wisconsin's capital, Madison","Wisconsin's capital, Kansas",Kansas,"Wisconsin's capital, Kansas. Complete the sentence. Return only one item: the answer (sentence completion) without any other formatting. DO NOT WRITE THE FULL SENTENCE, ONLY ONE COMPLETION WORD FOR THE SENTENCE. Example - Sentence: The dog belongs to the family of Answer: mammalsYour sentence: Wisconsin's capital,",Madison.,"[[[""Mad"", ""0.548813""], [""is"", ""0.377193""], [""Is"", ""0.012907""], [""M"", ""0.010052""], [""**"", ""0.004460""]], [[""ison"", ""0.998486""], [""agascar"", ""0.000179""], [""isons"", ""0.000158""], [""den"", ""0.000149""], [""isson"", ""0.000096""]], [[""."", ""0.589805""], ["""", ""0.405367""], ["" is"", ""0.001998""], ["","", ""0.000326""], [""\n"", ""0.000224""]], [["""", ""0.997715""], ["" ("", ""0.000123""], ["" **"", ""0.000075""], ["" Kansas"", ""0.000066""], ["" *("", ""0.000062""]]]"
Brandenburg-Prussia,capital-of,Berlin,P1376,"Brandenburg-Prussia's capital,","Brandenburg-Prussia's capital, Berlin","Brandenburg-Prussia's capital, Edinburgh",Edinburgh,"Brandenburg-Prussia's capital, Edinburgh. Complete the sentence. Return only one item: the answer (sentence completion) without any other formatting. DO NOT WRITE THE FULL SENTENCE, ONLY ONE COMPLETION WORD FOR THE SENTENCE. Example - Sentence: The dog belongs to the family of Answer: mammalsYour sentence: Brandenburg-Prussia's capital,",Berlin,"[[[""Berlin"", ""0.281572""], [""Scotland"", ""0.233431""], [""was"", ""0.117377""], [""Ed"", ""0.045965""], [""Ber"", ""0.038107""]], [[""."", ""0.496635""], ["""", ""0.496635""], ["" was"", ""0.001485""], [""’s"", ""0.000453""], [""\n"", ""0.000311""]]]"
First Spanish Republic,capital-of,Madrid,P1376,The capital of First Spanish Republic is,The capital of First Spanish Republic is Madrid,The capital of First Spanish Republic is Tokyo,Tokyo,"The capital of First Spanish Republic is Tokyo. Complete the sentence. Return only one item: the answer (sentence completion) without any other formatting. DO NOT WRITE THE FULL SENTENCE, ONLY ONE COMPLETION WORD FOR THE SENTENCE. Example - Sentence: The dog belongs to the family of Answer: mammalsYour sentence: The capital of First Spanish Republic is",Madrid.,"[[[""Madrid"", ""0.487685""], [""Mad"", ""0.084747""], [""**"", ""0.042613""], [""San"", ""0.035328""], [""Par"", ""0.029288""]], [[""."", ""0.649899""], ["""", ""0.347866""], ["" was"", ""0.000232""], ["" is"", ""0.000160""], ["" ("", ""0.000124""]], [["""", ""0.995805""], ["" *("", ""0.000967""], ["" ("", ""0.000230""], ["" **("", ""0.000148""], ["" **"", ""0.000070""]]]"
Papal States,capital-of,Rome,P1376,"Papal States's capital,","Papal States's capital, Rome","Papal States's capital, Cambodia",Cambodia,"Papal States's capital, Cambodia. Complete the sentence. Return only one item: the answer (sentence completion) without any other formatting. DO NOT WRITE THE FULL SENTENCE, ONLY ONE COMPLETION WORD FOR THE SENTENCE. Example - Sentence: The dog belongs to the family of Answer: mammalsYour sentence: Papal States's capital,",Rome,"[[[""Rome"", ""0.670076""], [""V"", ""0.246507""], [""R"", ""0.029441""], [""Roman"", ""0.006993""], [""Rom"", ""0.006171""]], [["""", ""0.619848""], [""."", ""0.375957""], [""\n\n"", ""0.000602""], ["" was"", ""0.000531""], [""\n"", ""0.000343""]]]"
Abuja,capital-city-of,Nigeria,P1376,"Abuja, the capital city of","Abuja, the capital city of Nigeria","Abuja, the capital city of Halifax",Halifax,"Abuja, the capital city of Halifax. Complete the sentence. Return only one item: the answer (sentence completion) without any other formatting. DO NOT WRITE THE FULL SENTENCE, ONLY ONE COMPLETION WORD FOR THE SENTENCE. Example - Sentence: The dog belongs to the family of Answer: mammalsYour sentence: Abuja, the capital city of",Nigeria,"[[[""Nig"", ""0.722142""], [""N"", ""0.117886""], [""Hal"", ""0.046165""], [""Nova"", ""0.013226""], [""is"", ""0.013226""]], [[""eria"", ""0.999005""], [""éria"", ""0.000588""], [""èria"", ""0.000109""], [""era"", ""0.000043""], [""éri"", ""0.000020""]], [["""", ""0.649319""], [""."", ""0.347556""], [""\n"", ""0.000491""], [""’s"", ""0.000407""], [""?"", ""0.000298""]]]"
Bratislava,capital-of,Slovakia,P1376,"Bratislava, that is the capital of","Bratislava, that is the capital of Slovakia","Bratislava, that is the capital of Greenland",Greenland,"Bratislava, that is the capital of Greenland. Complete the sentence. Return only one item: the answer (sentence completion) without any other formatting. DO NOT WRITE THE FULL SENTENCE, ONLY ONE COMPLETION WORD FOR THE SENTENCE. Example - Sentence: The dog belongs to the family of Answer: mammalsYour sentence: Bratislava, that is the capital of",Greenland.,"[[[""Green"", ""0.592041""], [""Sl"", ""0.159346""], [""Den"", ""0.058620""], [""**"", ""0.017878""], [""of"", ""0.009569""]], [[""land"", ""0.995511""], [""lands"", ""0.002046""], [""eland"", ""0.000908""], [""lander"", ""0.000179""], [""aland"", ""0.000075""]], [[""."", ""0.633212""], [""?"", ""0.097106""], ["""", ""0.091223""], ["" is"", ""0.023065""], ["".\n"", ""0.019121""]], [["""", ""0.957972""], ["" **"", ""0.007786""], ["" *("", ""0.005027""], ["" *"", ""0.003049""], ["" ("", ""0.002528""]]]"
Soviet Union,capital-of,Moscow,P1376,"Soviet Union's capital,","Soviet Union's capital, Moscow","Soviet Union's capital, Ontario",Ontario,"Soviet Union's capital, Ontario. Complete the sentence. Return only one item: the answer (sentence completion) without any other formatting. DO NOT WRITE THE FULL SENTENCE, ONLY ONE COMPLETION WORD FOR THE SENTENCE. Example - Sentence: The dog belongs to the family of Answer: mammalsYour sentence: Soviet Union's capital,",Moscow,"[[[""M"", ""0.934448""], [""was"", ""0.009752""], [""K"", ""0.009752""], [""O"", ""0.006702""], [""L"", ""0.005556""]], [[""osc"", ""0.998055""], [""osk"", ""0.001169""], [""insk"", ""0.000261""], [""os"", ""0.000158""], ["" Moscow"", ""0.000109""]], [[""ow"", ""0.999781""], [""ows"", ""0.000062""], [""ov"", ""0.000035""], [""ou"", ""0.000019""], [""ów"", ""0.000017""]], [["""", ""0.704459""], [""."", ""0.293662""], [""\n"", ""0.000366""], ["" was"", ""0.000162""], [""\n\n\n"", ""0.000143""]]]"
Commonwealth of England,capital-of,London,P1376,"Commonwealth of England's capital,","Commonwealth of England's capital, London","Commonwealth of England's capital, Ukraine",Ukraine,"Commonwealth of England's capital, Ukraine. Complete the sentence. Return only one item: the answer (sentence completion) without any other formatting. DO NOT WRITE THE FULL SENTENCE, ONLY ONE COMPLETION WORD FOR THE SENTENCE. Example - Sentence: The dog belongs to the family of Answer: mammalsYour sentence: Commonwealth of England's capital,",London,"[[[""London"", ""0.275067""], [""Ky"", ""0.228039""], [""L"", ""0.189051""], [""K"", ""0.156728""], [""Uk"", ""0.047799""]], [["""", ""0.631493""], [""."", ""0.338014""], ["","", ""0.005816""], ["" is"", ""0.002581""], [""\n"", ""0.002010""]]]"
Dublin,capital-of,Ireland,P1376,Dublin is the capital of,Dublin is the capital of Ireland,Dublin is the capital of Bangladesh,Bangladesh,"Dublin is the capital of Bangladesh. Complete the sentence. Return only one item: the answer (sentence completion) without any other formatting. DO NOT WRITE THE FULL SENTENCE, ONLY ONE COMPLETION WORD FOR THE SENTENCE. Example - Sentence: The dog belongs to the family of Answer: mammalsYour sentence: Dublin is the capital of",Bangladesh.,"[[[""B"", ""0.353689""], [""I"", ""0.189316""], [""is"", ""0.069645""], [""of"", ""0.047867""], [""**"", ""0.042242""]], [[""angl"", ""0.999159""], [""eng"", ""0.000357""], [""h"", ""0.000075""], [""ANG"", ""0.000051""], [""ang"", ""0.000040""]], [[""adesh"", ""0.992269""], [""ades"", ""0.007576""], [""ade"", ""0.000026""], [""ap"", ""0.000012""], [""odes"", ""0.000009""]], [[""."", ""0.566828""], ["""", ""0.162399""], ["" is"", ""0.072064""], [""\n"", ""0.031978""], ["".\n"", ""0.023396""]], [["""", ""0.930971""], ["" **"", ""0.024810""], ["" is"", ""0.008574""], ["" ("", ""0.003358""], ["" *"", ""0.002784""]]]"
People's Republic of Poland,capital-of,Warsaw,P1376,"People's Republic of Poland's capital,","People's Republic of Poland's capital, Warsaw","People's Republic of Poland's capital, Oslo",Oslo,"People's Republic of Poland's capital, Oslo. Complete the sentence. Return only one item: the answer (sentence completion) without any other formatting. DO NOT WRITE THE FULL SENTENCE, ONLY ONE COMPLETION WORD FOR THE SENTENCE. Example - Sentence: The dog belongs to the family of Answer: mammalsYour sentence: People's Republic of Poland's capital,",Warsaw,"[[[""W"", ""0.362314""], [""is"", ""0.171145""], [""V"", ""0.059146""], [""**"", ""0.046063""], [""Ber"", ""0.029741""]], [[""ars"", ""0.930216""], [""rocław"", ""0.031830""], [""arsch"", ""0.021877""], [""ro"", ""0.008048""], [""arsh"", ""0.001314""]], [[""aw"", ""0.934466""], [""zawa"", ""0.049525""], [""awa"", ""0.009752""], [""za"", ""0.001496""], [""ów"", ""0.000966""]], [["""", ""0.896570""], [""."", ""0.094498""], ["" is"", ""0.001435""], [""\n"", ""0.000926""], ["" ("", ""0.000768""]]]"
People's Republic of China,capital-of,Beijing,P1376,"People's Republic of China's capital,","People's Republic of China's capital, Beijing","People's Republic of China's capital, Boston",Boston,"People's Republic of China's capital, Boston. Complete the sentence. Return only one item: the answer (sentence completion) without any other formatting. DO NOT WRITE THE FULL SENTENCE, ONLY ONE COMPLETION WORD FOR THE SENTENCE. Example - Sentence: The dog belongs to the family of Answer: mammalsYour sentence: People's Republic of China's capital,",Beijing,"[[[""Be"", ""0.677372""], [""is"", ""0.219911""], [""Boston"", ""0.011655""], [""be"", ""0.006641""], [""Washington"", ""0.005505""]], [[""ijing"", ""0.997704""], [""jing"", ""0.001926""], [""ij"", ""0.000245""], [""iping"", ""0.000018""], [""j"", ""0.000010""]], [["""", ""0.618894""], [""."", ""0.375378""], ["" is"", ""0.001054""], [""\n"", ""0.000821""], ["","", ""0.000601""]]]"
Salt Lake City,capital-of,Utah,P1376,"Salt Lake City, the capital of","Salt Lake City, the capital of Utah","Salt Lake City, the capital of Cleveland",Cleveland,"Salt Lake City, the capital of Cleveland. Complete the sentence. Return only one item: the answer (sentence completion) without any other formatting. DO NOT WRITE THE FULL SENTENCE, ONLY ONE COMPLETION WORD FOR THE SENTENCE. Example - Sentence: The dog belongs to the family of Answer: mammalsYour sentence: Salt Lake City, the capital of",Ohio,"[[[""Oh"", ""0.207561""], [""Ut"", ""0.172074""], [""C"", ""0.104368""], [""of"", ""0.098045""], [""is"", ""0.092105""]], [[""io"", ""0.975228""], [""ios"", ""0.007926""], [""ana"", ""0.003986""], [""reg"", ""0.000785""], [""ney"", ""0.000420""]], [["""", ""0.696060""], [""."", ""0.290161""], [""?"", ""0.001955""], [""’s"", ""0.001186""], [""\n"", ""0.001046""]]]"
Kingdom of Iraq,capital-of,Baghdad,P1376,"Kingdom of Iraq's capital,","Kingdom of Iraq's capital, Baghdad","Kingdom of Iraq's capital, Copenhagen",Copenhagen,"Kingdom of Iraq's capital, Copenhagen. Complete the sentence. Return only one item: the answer (sentence completion) without any other formatting. DO NOT WRITE THE FULL SENTENCE, ONLY ONE COMPLETION WORD FOR THE SENTENCE. Example - Sentence: The dog belongs to the family of Answer: mammalsYour sentence: Kingdom of Iraq's capital,",Baghdad,"[[[""Bag"", ""0.748924""], [""B"", ""0.089446""], [""is"", ""0.025627""], [""C"", ""0.017613""], [""**"", ""0.010683""]], [[""hd"", ""0.981296""], [""dad"", ""0.017973""], [""d"", ""0.000226""], [""h"", ""0.000114""], [""had"", ""0.000069""]], [[""ad"", ""0.999084""], [""ād"", ""0.000296""], ["""", ""0.000109""], [""ads"", ""0.000085""], [""ada"", ""0.000058""]], [["""", ""0.619800""], [""."", ""0.375928""], ["" is"", ""0.000565""], [""\n"", ""0.000499""], [""\n\n\n"", ""0.000469""]]]"
Austria-Hungary,capital-city-of,Vienna,P1376,"Austria-Hungary's capital city,","Austria-Hungary's capital city, Vienna","Austria-Hungary's capital city, Albania",Albania,"Austria-Hungary's capital city, Albania. Complete the sentence. Return only one item: the answer (sentence completion) without any other formatting. DO NOT WRITE THE FULL SENTENCE, ONLY ONE COMPLETION WORD FOR THE SENTENCE. Example - Sentence: The dog belongs to the family of Answer: mammalsYour sentence: Austria-Hungary's capital city,",Vienna,"[[[""V"", ""0.462080""], [""T"", ""0.109754""], [""Bud"", ""0.085476""], [""was"", ""0.058747""], [""B"", ""0.055188""]], [[""ienna"", ""0.955616""], [""iena"", ""0.022474""], [""ienne"", ""0.015446""], [""ien"", ""0.002369""], [""í"", ""0.000722""]], [["""", ""0.786978""], [""."", ""0.198979""], [""\n\n"", ""0.002666""], [""\n\n\n"", ""0.002077""], ["","", ""0.001722""]]]"
Dakar,capital-of,Senegal,P1376,"Dakar, the capital of","Dakar, the capital of Senegal","Dakar, the capital of Lisbon",Lisbon,"Dakar, the capital of Lisbon. Complete the sentence. Return only one item: the answer (sentence completion) without any other formatting. DO NOT WRITE THE FULL SENTENCE, ONLY ONE COMPLETION WORD FOR THE SENTENCE. Example - Sentence: The dog belongs to the family of Answer: mammalsYour sentence: Dakar, the capital of",Senegal,"[[[""S"", ""0.328094""], [""Sen"", ""0.175616""], [""of"", ""0.088305""], [""L"", ""0.077929""], [""is"", ""0.057014""]], [[""eneg"", ""0.993158""], [""én"", ""0.005906""], [""ah"", ""0.000066""], [""eni"", ""0.000062""], [""en"", ""0.000058""]], [[""al"", ""0.998700""], [""als"", ""0.000404""], [""ales"", ""0.000191""], [""ale"", ""0.000123""], [""all"", ""0.000090""]], [["""", ""0.724940""], [""."", ""0.266690""], [""’s"", ""0.001160""], ["" ("", ""0.000797""], [""'s"", ""0.000704""]]]"
Nazi Germany,capital-city-of,Berlin,P1376,"Nazi Germany's capital city,","Nazi Germany's capital city, Berlin","Nazi Germany's capital city, Madagascar",Madagascar,"Nazi Germany's capital city, Madagascar. Complete the sentence. Return only one item: the answer (sentence completion) without any other formatting. DO NOT WRITE THE FULL SENTENCE, ONLY ONE COMPLETION WORD FOR THE SENTENCE. Example - Sentence: The dog belongs to the family of Answer: mammalsYour sentence: Nazi Germany's capital city,",Berlin,"[[[""Berlin"", ""0.633733""], [""Mad"", ""0.075689""], [""Ber"", ""0.062748""], [""was"", ""0.043126""], [""**"", ""0.024573""]], [["""", ""0.588638""], [""."", ""0.404565""], ["" was"", ""0.001653""], ["","", ""0.000504""], [""\n\n\n"", ""0.000326""]]]"
Merrimack County,capital-of,Concord,P1376,"Merrimack County's capital,","Merrimack County's capital, Concord","Merrimack County's capital, Laos",Laos,"Merrimack County's capital, Laos. Complete the sentence. Return only one item: the answer (sentence completion) without any other formatting. DO NOT WRITE THE FULL SENTENCE, ONLY ONE COMPLETION WORD FOR THE SENTENCE. Example - Sentence: The dog belongs to the family of Answer: mammalsYour sentence: Merrimack County's capital,",Belleville,"[[[""B"", ""0.255469""], [""is"", ""0.175581""], [""North"", ""0.050305""], [""V"", ""0.034574""], [""Boston"", ""0.030511""]], [[""elle"", ""0.119956""], [""ow"", ""0.093422""], [""oz"", ""0.068349""], [""elling"", ""0.044130""], [""iller"", ""0.041456""]], [[""ville"", ""0.892831""], [""vue"", ""0.083046""], [""view"", ""0.010558""], [""f"", ""0.003428""], [""four"", ""0.000867""]], [["""", ""0.986058""], [""."", ""0.007529""], ["","", ""0.002948""], ["" ("", ""0.000957""], [""\n"", ""0.000258""]]]"
Paris,capital-city-of,France,P1376,Paris is the capital city of,Paris is the capital city of France,Paris is the capital city of Connecticut,Connecticut,"Paris is the capital city of Connecticut. Complete the sentence. Return only one item: the answer (sentence completion) without any other formatting. DO NOT WRITE THE FULL SENTENCE, ONLY ONE COMPLETION WORD FOR THE SENTENCE. Example - Sentence: The dog belongs to the family of Answer: mammalsYour sentence: Paris is the capital city of",Connecticut.,"[[[""Connect"", ""0.566748""], [""France"", ""0.076701""], [""False"", ""0.023392""], [""**"", ""0.018218""], [""of"", ""0.017114""]], [[""icut"", ""0.999593""], [""icus"", ""0.000090""], [""ict"", ""0.000090""], [""ic"", ""0.000062""], [""ico"", ""0.000011""]], [[""."", ""0.522617""], ["""", ""0.262788""], ["" is"", ""0.051746""], [""?"", ""0.033410""], [""\n"", ""0.033410""]], [["""", ""0.877054""], ["" **"", ""0.030011""], ["" is"", ""0.015091""], ["" ("", ""0.008598""], ["" *("", ""0.007588""]]]"
Baghdad,capital-city-of,Iraq,P1376,Baghdad is the capital city of,Baghdad is the capital city of Iraq,Baghdad is the capital city of California,California,"Baghdad is the capital city of California. Complete the sentence. Return only one item: the answer (sentence completion) without any other formatting. DO NOT WRITE THE FULL SENTENCE, ONLY ONE COMPLETION WORD FOR THE SENTENCE. Example - Sentence: The dog belongs to the family of Answer: mammalsYour sentence: Baghdad is the capital city of",California.,"[[[""California"", ""0.626203""], [""**"", ""0.027513""], [""I"", ""0.015677""], [""f"", ""0.011469""], [""Cal"", ""0.009508""]], [[""."", ""0.311291""], ["""", ""0.258070""], ["" is"", ""0.078707""], [""\n"", ""0.057583""], [""?"", ""0.050817""]], [["""", ""0.960077""], ["" is"", ""0.005363""], ["" *("", ""0.003924""], ["" ("", ""0.003686""], ["" **"", ""0.002533""]]]"
Sacramento County,capital-of,Sacramento,P1376,"Sacramento County's capital,","Sacramento County's capital, Sacramento","Sacramento County's capital, Pakistan",Pakistan,"Sacramento County's capital, Pakistan. Complete the sentence. Return only one item: the answer (sentence completion) without any other formatting. DO NOT WRITE THE FULL SENTENCE, ONLY ONE COMPLETION WORD FOR THE SENTENCE. Example - Sentence: The dog belongs to the family of Answer: mammalsYour sentence: Sacramento County's capital,",Pakistan,"[[[""Pak"", ""0.347209""], [""Islam"", ""0.224175""], [""is"", ""0.112722""], [""Is"", ""0.068370""], [""Qu"", ""0.050020""]], [[""istan"", ""0.997845""], [""istani"", ""0.001031""], [""ist"", ""0.000625""], [""istán"", ""0.000102""], [""iston"", ""0.000062""]], [[""."", ""0.446235""], ["""", ""0.446235""], [""'s"", ""0.011892""], ["" is"", ""0.009859""], [""’s"", ""0.009261""]]]"
New South Wales,capital-city-of,Sydney,P1376,"New South Wales's capital city,","New South Wales's capital city, Sydney","New South Wales's capital city, Kenya",Kenya,"New South Wales's capital city, Kenya. Complete the sentence. Return only one item: the answer (sentence completion) without any other formatting. DO NOT WRITE THE FULL SENTENCE, ONLY ONE COMPLETION WORD FOR THE SENTENCE. Example - Sentence: The dog belongs to the family of Answer: mammalsYour sentence: New South Wales's capital city,",is **Sydney**.,"[[[""is"", ""0.229445""], [""Sydney"", ""0.229445""], [""N"", ""0.215544""], [""Australia"", ""0.033055""], [""A"", ""0.033055""]], [["" **"", ""0.641311""], ["" Sydney"", ""0.063498""], ["" not"", ""0.040998""], ["" Nairobi"", ""0.023360""], ["" in"", ""0.016055""]], [[""Sydney"", ""0.721333""], [""N"", ""0.063029""], [""Mel"", ""0.021782""], [""Dar"", ""0.013212""], [""S"", ""0.013212""]], [[""**."", ""0.850341""], [""**"", ""0.122503""], [""**.\n\n"", ""0.005056""], ["".**"", ""0.004750""], [""**,"", ""0.004462""]], [["""", ""0.987807""], ["" ("", ""0.002161""], ["" *("", ""0.002030""], [""**"", ""0.000513""], ["" **"", ""0.000453""]]]"
Buenos Aires,capital-city-of,Argentina,P1376,Buenos Aires is the capital city of,Buenos Aires is the capital city of Argentina,Buenos Aires is the capital city of Concord,Concord,"Buenos Aires is the capital city of Concord. Complete the sentence. Return only one item: the answer (sentence completion) without any other formatting. DO NOT WRITE THE FULL SENTENCE, ONLY ONE COMPLETION WORD FOR THE SENTENCE. Example - Sentence: The dog belongs to the family of Answer: mammalsYour sentence: Buenos Aires is the capital city of",Argentina,"[[[""Argentina"", ""0.603944""], [""Conc"", ""0.173033""], [""U"", ""0.067761""], [""**"", ""0.017133""], [""Argent"", ""0.013343""]], [["""", ""0.729154""], [""."", ""0.268241""], [""’s"", ""0.000216""], ["" ("", ""0.000190""], [""?"", ""0.000190""]]]"
Finland,capital-city-of,Helsinki,P1376,"Finland's capital city,","Finland's capital city, Helsinki","Finland's capital city, Tasmania",Tasmania,"Finland's capital city, Tasmania. Complete the sentence. Return only one item: the answer (sentence completion) without any other formatting. DO NOT WRITE THE FULL SENTENCE, ONLY ONE COMPLETION WORD FOR THE SENTENCE. Example - Sentence: The dog belongs to the family of Answer: mammalsYour sentence: Finland's capital city,",Helsinki,"[[[""H"", ""0.490675""], [""is"", ""0.262639""], [""T"", ""0.062382""], [""Hel"", ""0.035544""], [""**"", ""0.024429""]], [[""els"", ""0.997833""], [""elen"", ""0.001098""], [""é"", ""0.000090""], [""eli"", ""0.000075""], [""ela"", ""0.000062""]], [[""inki"", ""0.999880""], [""ink"", ""0.000080""], [""ki"", ""0.000004""], [""in"", ""0.000004""], [""ing"", ""0.000003""]], [["""", ""0.745832""], [""."", ""0.242136""], ["" is"", ""0.001533""], [""\n"", ""0.001533""], [""\n\n"", ""0.001353""]]]"
Manitoba,capital-city-of,Winnipeg,P1376,"Manitoba's capital city,","Manitoba's capital city, Winnipeg","Manitoba's capital city, Fiji",Fiji,"Manitoba's capital city, Fiji. Complete the sentence. Return only one item: the answer (sentence completion) without any other formatting. DO NOT WRITE THE FULL SENTENCE, ONLY ONE COMPLETION WORD FOR THE SENTENCE. Example - Sentence: The dog belongs to the family of Answer: mammalsYour sentence: Manitoba's capital city,",Winnipeg,"[[[""Win"", ""0.941723""], [""is"", ""0.015222""], [""W"", ""0.010462""], ["" Winnipeg"", ""0.004361""], [""**"", ""0.004097""]], [[""nipeg"", ""0.999165""], [""ni"", ""0.000710""], [""ne"", ""0.000019""], [""ни"", ""0.000008""], [""ston"", ""0.000007""]], [["""", ""0.815088""], [""."", ""0.181871""], ["" is"", ""0.000656""], [""\n"", ""0.000273""], ["","", ""0.000241""]]]"
Jerusalem,capital-of,Israel,P1376,"Jerusalem, the capital of","Jerusalem, the capital of Israel","Jerusalem, the capital of Haiti",Haiti,"Jerusalem, the capital of Haiti. Complete the sentence. Return only one item: the answer (sentence completion) without any other formatting. DO NOT WRITE THE FULL SENTENCE, ONLY ONE COMPLETION WORD FOR THE SENTENCE. Example - Sentence: The dog belongs to the family of Answer: mammalsYour sentence: Jerusalem, the capital of",Haiti,"[[[""H"", ""0.589874""], [""is"", ""0.102505""], [""of"", ""0.062172""], [""Ha"", ""0.035425""], [""**"", ""0.020184""]], [[""ait"", ""0.995257""], [""aits"", ""0.000624""], [""aita"", ""0.000586""], [""aj"", ""0.000486""], [""ati"", ""0.000355""]], [[""i"", ""0.975465""], [""ians"", ""0.010180""], [""is"", ""0.005449""], [""ian"", ""0.002917""], [""í"", ""0.001467""]], [["""", ""0.355660""], [""."", ""0.334111""], [""’s"", ""0.070034""], [""?"", ""0.054542""], [""'s"", ""0.039904""]]]"
Baku,capital-city-of,Azerbaijan,P1376,Baku is the capital city of,Baku is the capital city of Azerbaijan,Baku is the capital city of Kiev,Kiev,"Baku is the capital city of Kiev. Complete the sentence. Return only one item: the answer (sentence completion) without any other formatting. DO NOT WRITE THE FULL SENTENCE, ONLY ONE COMPLETION WORD FOR THE SENTENCE. Example - Sentence: The dog belongs to the family of Answer: mammalsYour sentence: Baku is the capital city of",Azerbaijan.,"[[[""A"", ""0.761705""], [""Az"", ""0.103086""], [""Uk"", ""0.021608""], [""**"", ""0.013951""], [""K"", ""0.013951""]], [[""zer"", ""0.999378""], [""зербайдж"", ""0.000055""], [""ustria"", ""0.000048""], [""rizona"", ""0.000043""], [""band"", ""0.000023""]], [[""ba"", ""0.997791""], [""baan"", ""0.000277""], [""baix"", ""0.000191""], [""baycan"", ""0.000168""], [""baik"", ""0.000158""]], [[""ijan"", ""0.994632""], [""istan"", ""0.002465""], [""ij"", ""0.002044""], [""ijon"", ""0.000139""], [""iji"", ""0.000102""]], [[""."", ""0.561033""], ["""", ""0.436933""], [""\n"", ""0.000398""], [""\n\n\n"", ""0.000147""], ["" ("", ""0.000129""]], [["""", ""0.997879""], ["" ("", ""0.000075""], ["" *("", ""0.000058""], ["" Baku"", ""0.000024""], ["" {"", ""0.000023""]]]"
Panama City,capital-city-of,Panama,P1376,"Panama City, that is the capital city of","Panama City, that is the capital city of Panama","Panama City, that is the capital city of Baghdad",Baghdad,"Panama City, that is the capital city of Baghdad. Complete the sentence. Return only one item: the answer (sentence completion) without any other formatting. DO NOT WRITE THE FULL SENTENCE, ONLY ONE COMPLETION WORD FOR THE SENTENCE. Example - Sentence: The dog belongs to the family of Answer: mammalsYour sentence: Panama City, that is the capital city of",Baghdad.,"[[[""Bag"", ""0.958712""], ["" Baghdad"", ""0.008829""], [""**"", ""0.006460""], [""I"", ""0.003248""], [""is"", ""0.002097""]], [[""hd"", ""0.988088""], [""dad"", ""0.008549""], [""h"", ""0.001021""], [""ira"", ""0.000376""], [""d"", ""0.000177""]], [[""ad"", ""0.996459""], [""ads"", ""0.001167""], [""ād"", ""0.000518""], [""am"", ""0.000203""], [""adh"", ""0.000190""]], [[""."", ""0.698177""], ["""", ""0.200031""], ["" is"", ""0.027071""], ["" was"", ""0.010601""], [""?"", ""0.006040""]], [["""", ""0.978768""], ["" *("", ""0.003758""], ["" **"", ""0.002426""], ["" is"", ""0.001667""], ["" ("", ""0.001472""]]]"
Kampala,capital-city-of,Uganda,P1376,"Kampala, the capital city of","Kampala, the capital city of Uganda","Kampala, the capital city of Haiti",Haiti,"Kampala, the capital city of Haiti. Complete the sentence. Return only one item: the answer (sentence completion) without any other formatting. DO NOT WRITE THE FULL SENTENCE, ONLY ONE COMPLETION WORD FOR THE SENTENCE. Example - Sentence: The dog belongs to the family of Answer: mammalsYour sentence: Kampala, the capital city of",Haiti,"[[[""H"", ""0.404962""], [""is"", ""0.278326""], [""U"", ""0.070372""], [""of"", ""0.029335""], [""**"", ""0.029335""]], [[""ait"", ""0.996980""], [""ond"", ""0.000334""], [""aita"", ""0.000277""], [""aits"", ""0.000260""], [""ati"", ""0.000260""]], [[""i"", ""0.980661""], [""is"", ""0.007487""], [""ians"", ""0.003765""], [""í"", ""0.001671""], [""ian"", ""0.001222""]], [["""", ""0.426701""], [""."", ""0.353748""], ["" is"", ""0.035026""], [""’s"", ""0.029037""], [""?"", ""0.024073""]]]"
Islamabad,capital-city-of,Pakistan,P1376,"Islamabad, the capital city of","Islamabad, the capital city of Pakistan","Islamabad, the capital city of Constantinople",Constantinople,"Islamabad, the capital city of Constantinople. Complete the sentence. Return only one item: the answer (sentence completion) without any other formatting. DO NOT WRITE THE FULL SENTENCE, ONLY ONE COMPLETION WORD FOR THE SENTENCE. Example - Sentence: The dog belongs to the family of Answer: mammalsYour sentence: Islamabad, the capital city of",Turkey,"[[[""Tur"", ""0.485244""], [""T"", ""0.202280""], [""Constant"", ""0.147991""], [""**"", ""0.011412""], [""The"", ""0.005738""]], [[""key"", ""0.892656""], [""k"", ""0.094085""], [""ks"", ""0.006403""], [""kiye"", ""0.001261""], [""ki"", ""0.000982""]], [["""", ""0.843066""], [""."", ""0.100690""], [""’s"", ""0.006852""], [""\n"", ""0.006437""], [""'s"", ""0.005336""]]]"
Republic of Florence,capital-of,Florence,P1376,"Republic of Florence's capital,","Republic of Florence's capital, Florence","Republic of Florence's capital, Tanzania",Tanzania,"Republic of Florence's capital, Tanzania. Complete the sentence. Return only one item: the answer (sentence completion) without any other formatting. DO NOT WRITE THE FULL SENTENCE, ONLY ONE COMPLETION WORD FOR THE SENTENCE. Example - Sentence: The dog belongs to the family of Answer: mammalsYour sentence: Republic of Florence's capital,",Tanzania,"[[[""T"", ""0.447306""], [""Z"", ""0.198491""], [""is"", ""0.120391""], [""D"", ""0.068597""], [""Dar"", ""0.026863""]], [[""anz"", ""0.997578""], [""ang"", ""0.000910""], [""anza"", ""0.000552""], [""anga"", ""0.000123""], [""z"", ""0.000116""]], [[""ania"", ""0.998984""], [""anya"", ""0.000131""], [""aniya"", ""0.000096""], [""inia"", ""0.000085""], [""anian"", ""0.000075""]], [["""", ""0.625560""], [""."", ""0.277591""], [""'s"", ""0.022786""], [""’s"", ""0.021406""], ["" is"", ""0.017746""]]]"
Yogyakarta,capital-city-of,Indonesia,P1376,"Yogyakarta, that is the capital city of","Yogyakarta, that is the capital city of Indonesia","Yogyakarta, that is the capital city of Iowa",Iowa,"Yogyakarta, that is the capital city of Iowa. Complete the sentence. Return only one item: the answer (sentence completion) without any other formatting. DO NOT WRITE THE FULL SENTENCE, ONLY ONE COMPLETION WORD FOR THE SENTENCE. Example - Sentence: The dog belongs to the family of Answer: mammalsYour sentence: Yogyakarta, that is the capital city of",Iowa.,"[[[""I"", ""0.619595""], [""Ind"", ""0.201153""], [""**"", ""0.018710""], [""of"", ""0.014571""], [""is"", ""0.012080""]], [[""owa"", ""0.989395""], [""ow"", ""0.008041""], [""owan"", ""0.000547""], [""oway"", ""0.000275""], [""ova"", ""0.000275""]], [[""."", ""0.642826""], ["""", ""0.267970""], ["".\n\n"", ""0.012533""], [""?"", ""0.011060""], [""\n\n"", ""0.010390""]], [["""", ""0.945583""], ["" *("", ""0.008709""], ["" ("", ""0.005623""], ["" **"", ""0.004661""], ["" **("", ""0.002495""]]]"
Indonesia,capital-of,Jakarta,P1376,"Indonesia's capital,","Indonesia's capital, Jakarta","Indonesia's capital, Tanzania",Tanzania,"Indonesia's capital, Tanzania. Complete the sentence. Return only one item: the answer (sentence completion) without any other formatting. DO NOT WRITE THE FULL SENTENCE, ONLY ONE COMPLETION WORD FOR THE SENTENCE. Example - Sentence: The dog belongs to the family of Answer: mammalsYour sentence: Indonesia's capital,",Jakarta,"[[[""Jak"", ""0.577575""], [""is"", ""0.240769""], [""J"", ""0.034686""], [""D"", ""0.030610""], [""Java"", ""0.013583""]], [[""arta"", ""0.996691""], [""art"", ""0.003172""], [""arte"", ""0.000040""], [""artu"", ""0.000026""], [""arti"", ""0.000011""]], [["""", ""0.864065""], [""."", ""0.132509""], ["" is"", ""0.000695""], [""\n\n\n"", ""0.000478""], [""\n"", ""0.000256""]]]"
Sofia,capital-of,Bulgaria,P1376,"Sofia, the capital of","Sofia, the capital of Bulgaria","Sofia, the capital of Springfield",Springfield,"Sofia, the capital of Springfield. Complete the sentence. Return only one item: the answer (sentence completion) without any other formatting. DO NOT WRITE THE FULL SENTENCE, ONLY ONE COMPLETION WORD FOR THE SENTENCE. Example - Sentence: The dog belongs to the family of Answer: mammalsYour sentence: Sofia, the capital of",Springfield,"[[[""Spring"", ""0.704386""], [""B"", ""0.084127""], [""of"", ""0.054316""], [""is"", ""0.030949""], [""N"", ""0.006487""]], [[""field"", ""0.987335""], [""feld"", ""0.006653""], [""f"", ""0.003345""], [""fields"", ""0.000659""], [""fiel"", ""0.000275""]], [["""", ""0.541576""], [""."", ""0.187164""], [""?"", ""0.113520""], [""’s"", ""0.053623""], ["" is"", ""0.030554""]]]"
Second Polish Republic,capital-of,Warsaw,P1376,"Second Polish Republic's capital,","Second Polish Republic's capital, Warsaw","Second Polish Republic's capital, Budapest",Budapest,"Second Polish Republic's capital, Budapest. Complete the sentence. Return only one item: the answer (sentence completion) without any other formatting. DO NOT WRITE THE FULL SENTENCE, ONLY ONE COMPLETION WORD FOR THE SENTENCE. Example - Sentence: The dog belongs to the family of Answer: mammalsYour sentence: Second Polish Republic's capital,",Budapest,"[[[""Bud"", ""0.647406""], [""was"", ""0.072637""], [""Hung"", ""0.064102""], [""W"", ""0.034311""], [""V"", ""0.032232""]], [[""apest"", ""0.996741""], [""ap"", ""0.001408""], [""apes"", ""0.000379""], [""áp"", ""0.000109""], [""ape"", ""0.000066""]], [["""", ""0.438049""], ["" was"", ""0.161149""], ["" **"", ""0.133597""], [""."", ""0.097742""], ["","", ""0.024713""]]]"
Phnom Penh,capital-city-of,Cambodia,P1376,"Phnom Penh, that is the capital city of","Phnom Penh, that is the capital city of Cambodia","Phnom Penh, that is the capital city of Toledo",Toledo,"Phnom Penh, that is the capital city of Toledo. Complete the sentence. Return only one item: the answer (sentence completion) without any other formatting. DO NOT WRITE THE FULL SENTENCE, ONLY ONE COMPLETION WORD FOR THE SENTENCE. Example - Sentence: The dog belongs to the family of Answer: mammalsYour sentence: Phnom Penh, that is the capital city of",Cambodia.,"[[[""Camb"", ""0.835788""], [""Cam"", ""0.099821""], [""C"", ""0.014381""], [""To"", ""0.009884""], ["" Cambodia"", ""0.004386""]], [[""odia"", ""0.989622""], [""odge"", ""0.005193""], [""od"", ""0.004583""], [""oya"", ""0.000084""], [""ods"", ""0.000054""]], [[""."", ""0.621017""], ["""", ""0.376666""], [""\n"", ""0.000441""], [""’s"", ""0.000173""], [""\n\n\n"", ""0.000152""]], [["""", ""0.997624""], ["" *("", ""0.000168""], ["" ("", ""0.000149""], ["" **("", ""0.000043""], ["" **"", ""0.000021""]]]"
Tehran,capital-of,Iran,P1376,"Tehran, the capital of","Tehran, the capital of Iran","Tehran, the capital of Alberta",Alberta,"Tehran, the capital of Alberta. Complete the sentence. Return only one item: the answer (sentence completion) without any other formatting. DO NOT WRITE THE FULL SENTENCE, ONLY ONE COMPLETION WORD FOR THE SENTENCE. Example - Sentence: The dog belongs to the family of Answer: mammalsYour sentence: Tehran, the capital of",Alberta.,"[[[""Al"", ""0.712508""], [""Iran"", ""0.085097""], [""Canada"", ""0.075098""], [""is"", ""0.021516""], [""of"", ""0.018988""]], [[""berta"", ""0.995915""], [""ber"", ""0.001923""], [""abama"", ""0.000624""], [""ger"", ""0.000517""], [""ban"", ""0.000356""]], [[""."", ""0.573174""], ["""", ""0.164217""], ["" is"", ""0.112865""], [""\n"", ""0.036642""], [""?"", ""0.019613""]], [["""", ""0.809639""], ["" is"", ""0.051758""], ["" **"", ""0.022968""], ["" *("", ""0.014829""], ["" →"", ""0.014829""]]]"
occupation of Japan,capital-of,Tokyo,P1376,"occupation of Japan's capital,","occupation of Japan's capital, Tokyo","occupation of Japan's capital, Pakistan",Pakistan,"occupation of Japan's capital, Pakistan. Complete the sentence. Return only one item: the answer (sentence completion) without any other formatting. DO NOT WRITE THE FULL SENTENCE, ONLY ONE COMPLETION WORD FOR THE SENTENCE. Example - Sentence: The dog belongs to the family of Answer: mammalsYour sentence: occupation of Japan's capital,",Tokyo,"[[[""Tokyo"", ""0.693386""], [""Tok"", ""0.047186""], [""T"", ""0.026885""], [""is"", ""0.023726""], [""N"", ""0.018478""]], [["""", ""0.707366""], [""."", ""0.229648""], [""'s"", ""0.017709""], [""’s"", ""0.010741""], ["" is"", ""0.010741""]]]"
Ohio,capital-of,Columbus,P1376,"Ohio's capital,","Ohio's capital, Columbus","Ohio's capital, Havana",Havana,"Ohio's capital, Havana. Complete the sentence. Return only one item: the answer (sentence completion) without any other formatting. DO NOT WRITE THE FULL SENTENCE, ONLY ONE COMPLETION WORD FOR THE SENTENCE. Example - Sentence: The dog belongs to the family of Answer: mammalsYour sentence: Ohio's capital,",Columbus,"[[[""Col"", ""0.765318""], [""is"", ""0.080664""], [""Fran"", ""0.043176""], [""Frank"", ""0.021710""], [""col"", ""0.009634""]], [[""umb"", ""0.999230""], [""omb"", ""0.000203""], [""umbia"", ""0.000096""], [""um"", ""0.000043""], [""onial"", ""0.000033""]], [[""us"", ""0.999419""], [""usa"", ""0.000179""], [""ia"", ""0.000062""], [""iana"", ""0.000058""], ["" us"", ""0.000048""]], [["""", ""0.619434""], [""."", ""0.375706""], ["" is"", ""0.001852""], [""\n\n"", ""0.000343""], ["" was"", ""0.000284""]]]"
Aden,capital-of,Yemen,P1376,"Aden, the capital of","Aden, the capital of Yemen","Aden, the capital of Lisbon",Lisbon,"Aden, the capital of Lisbon. Complete the sentence. Return only one item: the answer (sentence completion) without any other formatting. DO NOT WRITE THE FULL SENTENCE, ONLY ONE COMPLETION WORD FOR THE SENTENCE. Example - Sentence: The dog belongs to the family of Answer: mammalsYour sentence: Aden, the capital of",Lisbon.,"[[[""L"", ""0.560570""], [""is"", ""0.264795""], [""Portugal"", ""0.035836""], [""of"", ""0.018020""], [""Is"", ""0.015902""]], [[""is"", ""0.989981""], [""isb"", ""0.003151""], [""iss"", ""0.001023""], [""ith"", ""0.000620""], [""eb"", ""0.000376""]], [[""bon"", ""0.979233""], [""boa"", ""0.015828""], [""bo"", ""0.004002""], [""bonne"", ""0.000240""], [""ão"", ""0.000083""]], [[""."", ""0.522877""], ["""", ""0.407217""], [""’s"", ""0.020274""], [""'s"", ""0.017892""], ["" is"", ""0.013090""]], [["""", ""0.990769""], ["" *("", ""0.001688""], ["" ("", ""0.000661""], ["" is"", ""0.000515""], ["" **"", ""0.000259""]]]"
Havana,capital-city-of,Cuba,P1376,"Havana, that is the capital city of","Havana, that is the capital city of Cuba","Havana, that is the capital city of Mali",Mali,"Havana, that is the capital city of Mali. Complete the sentence. Return only one item: the answer (sentence completion) without any other formatting. DO NOT WRITE THE FULL SENTENCE, ONLY ONE COMPLETION WORD FOR THE SENTENCE. Example - Sentence: The dog belongs to the family of Answer: mammalsYour sentence: Havana, that is the capital city of",Mali.,"[[[""M"", ""0.741030""], [""**"", ""0.039273""], [""Mal"", ""0.018551""], [""is"", ""0.012750""], [""West"", ""0.008232""]], [[""ali"", ""0.994631""], [""ā"", ""0.000355""], [""aur"", ""0.000313""], [""áli"", ""0.000229""], [""AL"", ""0.000168""]], [[""."", ""0.302888""], ["""", ""0.235889""], ["" is"", ""0.098333""], [""?"", ""0.067583""], [""’s"", ""0.059642""]], [["""", ""0.955173""], ["" **"", ""0.006046""], ["" *("", ""0.005680""], ["" is"", ""0.002856""], ["" ("", ""0.002224""]]]"
Third Hellenic Republic,capital-of,Athens,P1376,"Third Hellenic Republic's capital,","Third Hellenic Republic's capital, Athens","Third Hellenic Republic's capital, Rome",Rome,"Third Hellenic Republic's capital, Rome. Complete the sentence. Return only one item: the answer (sentence completion) without any other formatting. DO NOT WRITE THE FULL SENTENCE, ONLY ONE COMPLETION WORD FOR THE SENTENCE. Example - Sentence: The dog belongs to the family of Answer: mammalsYour sentence: Third Hellenic Republic's capital,",is **Athens**.,"[[[""is"", ""0.275095""], [""Italy"", ""0.156744""], [""Rome"", ""0.147248""], [""was"", ""0.101202""], [""**"", ""0.022581""]], [["" **"", ""0.510483""], ["" Athens"", ""0.069086""], [""lands"", ""0.053804""], ["" not"", ""0.050545""], [""n"", ""0.047482""]], [[""Ath"", ""0.688807""], [""not"", ""0.087572""], [""Cor"", ""0.020800""], [""G"", ""0.020800""], [""A"", ""0.009825""]], [[""ens"", ""0.997005""], [""ena"", ""0.001925""], [""ènes"", ""0.000277""], [""ENS"", ""0.000179""], [""ina"", ""0.000168""]], [[""**."", ""0.604752""], [""**"", ""0.366800""], ["".**"", ""0.013361""], [""**,"", ""0.008104""], [""."", ""0.001499""]], [["""", ""0.986691""], ["" *("", ""0.003343""], ["" ("", ""0.002158""], [""**"", ""0.000746""], ["" **("", ""0.000375""]]]"
England,capital-of,London,P1376,"England's capital,","England's capital, London","England's capital, Japan",Japan,"England's capital, Japan. Complete the sentence. Return only one item: the answer (sentence completion) without any other formatting. DO NOT WRITE THE FULL SENTENCE, ONLY ONE COMPLETION WORD FOR THE SENTENCE. Example - Sentence: The dog belongs to the family of Answer: mammalsYour sentence: England's capital,",Tokyo,"[[[""Tokyo"", ""0.858083""], [""London"", ""0.033272""], [""is"", ""0.025912""], [""Tok"", ""0.020180""], [""Japan"", ""0.015716""]], [["""", ""0.519324""], [""."", ""0.458302""], ["" is"", ""0.007886""], [""'s"", ""0.006141""], [""’s"", ""0.004493""]]]"
Wales,capital-city-of,Cardiff,P1376,"Wales's capital city,","Wales's capital city, Cardiff","Wales's capital city, Stockholm",Stockholm,"Wales's capital city, Stockholm. Complete the sentence. Return only one item: the answer (sentence completion) without any other formatting. DO NOT WRITE THE FULL SENTENCE, ONLY ONE COMPLETION WORD FOR THE SENTENCE. Example - Sentence: The dog belongs to the family of Answer: mammalsYour sentence: Wales's capital city,",is **Cardiff**.,"[[[""is"", ""0.522878""], [""W"", ""0.090863""], [""Sw"", ""0.062449""], [""Is"", ""0.029499""], [""**"", ""0.020274""]], [["" **"", ""0.647370""], ["" incorrect"", ""0.060215""], ["" not"", ""0.038878""], ["" actually"", ""0.032231""], ["" London"", ""0.020810""]], [[""Card"", ""0.292331""], [""London"", ""0.166565""], [""not"", ""0.146993""], [""L"", ""0.037166""], [""Aber"", ""0.032799""]], [[""iff"", ""0.998852""], [""iffs"", ""0.000709""], [""if"", ""0.000116""], [""iffe"", ""0.000035""], [""iffl"", ""0.000026""]], [[""**."", ""0.826751""], [""**"", ""0.126786""], ["".**"", ""0.014225""], [""**,"", ""0.011078""], [""."", ""0.003174""]], [["""", ""0.965815""], ["" *("", ""0.007850""], ["" ("", ""0.006113""], [""**"", ""0.001131""], ["" *"", ""0.000881""]]]"
Athens County,capital-city-of,Athens,P1376,"Athens County's capital city,","Athens County's capital city, Athens","Athens County's capital city, Munich",Munich,"Athens County's capital city, Munich. Complete the sentence. Return only one item: the answer (sentence completion) without any other formatting. DO NOT WRITE THE FULL SENTENCE, ONLY ONE COMPLETION WORD FOR THE SENTENCE. Example - Sentence: The dog belongs to the family of Answer: mammalsYour sentence: Athens County's capital city,",is **not**,"[[[""is"", ""0.272483""], [""Germany"", ""0.187275""], [""M"", ""0.155256""], [""B"", ""0.088462""], [""G"", ""0.028720""]], [["" **"", ""0.394053""], ["" incorrect"", ""0.144964""], ["" not"", ""0.077594""], [""\n"", ""0.053329""], ["" in"", ""0.044212""]], [[""not"", ""0.244861""], [""inc"", ""0.179144""], [""wrong"", ""0.158094""], [""M"", ""0.148516""], [""in"", ""0.020099""]], [[""**"", ""0.363392""], ["" correct"", ""0.283010""], ["" Munich"", ""0.110828""], [""**."", ""0.076171""], [""**\n"", ""0.024729""]], [["""", ""0.636170""], ["" Munich"", ""0.249128""], ["" correct"", ""0.040669""], ["" ("", ""0.008525""], ["" **"", ""0.008008""]]]"
Boston,capital-city-of,Massachusetts,P1376,Boston is the capital city of,Boston is the capital city of Massachusetts,Boston is the capital city of Michigan,Michigan,"Boston is the capital city of Michigan. Complete the sentence. Return only one item: the answer (sentence completion) without any other formatting. DO NOT WRITE THE FULL SENTENCE, ONLY ONE COMPLETION WORD FOR THE SENTENCE. Example - Sentence: The dog belongs to the family of Answer: mammalsYour sentence: Boston is the capital city of",Michigan.,"[[[""Mich"", ""0.693158""], [""L"", ""0.073058""], [""**"", ""0.018472""], [""state"", ""0.017353""], [""is"", ""0.011926""]], [[""igan"", ""0.998602""], [""ig"", ""0.001169""], [""iga"", ""0.000029""], [""igua"", ""0.000019""], [""igate"", ""0.000012""]], [[""."", ""0.619137""], ["""", ""0.121915""], ["" is"", ""0.044850""], [""\n"", ""0.030825""], [""?"", ""0.028957""]], [["""", ""0.901670""], ["" **"", ""0.022573""], ["" is"", ""0.018714""], ["" →"", ""0.007328""], ["" *"", ""0.007328""]]]"
Connecticut,capital-city-of,Hartford,P1376,"Connecticut's capital city,","Connecticut's capital city, Hartford","Connecticut's capital city, Naples",Naples,"Connecticut's capital city, Naples. Complete the sentence. Return only one item: the answer (sentence completion) without any other formatting. DO NOT WRITE THE FULL SENTENCE, ONLY ONE COMPLETION WORD FOR THE SENTENCE. Example - Sentence: The dog belongs to the family of Answer: mammalsYour sentence: Connecticut's capital city,",Hartford,"[[[""Hart"", ""0.799951""], [""is"", ""0.084314""], [""H"", ""0.031017""], [""Har"", ""0.009460""], [""Is"", ""0.009460""]], [[""ford"", ""0.999534""], [""land"", ""0.000102""], [""fort"", ""0.000085""], ["""", ""0.000051""], [""forth"", ""0.000023""]], [["""", ""0.826489""], [""."", ""0.162745""], ["" is"", ""0.006310""], [""’s"", ""0.000665""], [""'s"", ""0.000551""]]]"
Helsinki,capital-city-of,Finland,P1376,Helsinki is the capital city of,Helsinki is the capital city of Finland,Helsinki is the capital city of Uruguay,Uruguay,"Helsinki is the capital city of Uruguay. Complete the sentence. Return only one item: the answer (sentence completion) without any other formatting. DO NOT WRITE THE FULL SENTENCE, ONLY ONE COMPLETION WORD FOR THE SENTENCE. Example - Sentence: The dog belongs to the family of Answer: mammalsYour sentence: Helsinki is the capital city of",Finland.,"[[[""Finland"", ""0.448030""], [""U"", ""0.198812""], [""F"", ""0.099969""], [""False"", ""0.036777""], [""**"", ""0.020955""]], [[""."", ""0.588748""], ["""", ""0.404640""], [""\n"", ""0.000885""], [""\n\n\n"", ""0.000734""], [""’s"", ""0.000393""]], [["""", ""0.995950""], ["" Uruguay"", ""0.001029""], ["" **"", ""0.000190""], ["" ("", ""0.000148""], ["" *("", ""0.000131""]]]"
Egypt,capital-of,Cairo,P1376,"Egypt's capital,","Egypt's capital, Cairo","Egypt's capital, Romania",Romania,"Egypt's capital, Romania. Complete the sentence. Return only one item: the answer (sentence completion) without any other formatting. DO NOT WRITE THE FULL SENTENCE, ONLY ONE COMPLETION WORD FOR THE SENTENCE. Example - Sentence: The dog belongs to the family of Answer: mammalsYour sentence: Egypt's capital,",is Cairo.,"[[[""is"", ""0.418262""], [""B"", ""0.325743""], [""Roman"", ""0.026739""], [""Bud"", ""0.019562""], [""**"", ""0.017264""]], [["" Cairo"", ""0.540597""], ["" **"", ""0.308023""], ["" Alexandria"", ""0.018498""], [""\n\n"", ""0.018498""], ["" not"", ""0.017377""]], [[""."", ""0.565253""], ["""", ""0.134259""], ["".\n\n"", ""0.067510""], ["","", ""0.052577""], [""\n\n"", ""0.038466""]], [["""", ""0.937484""], ["" **"", ""0.024983""], ["" Romania"", ""0.004621""], ["" Bucharest"", ""0.002183""], ["" ("", ""0.001810""]]]"
Suva,capital-city-of,Fiji,P1376,"Suva, the capital city of","Suva, the capital city of Fiji","Suva, the capital city of Austin",Austin,"Suva, the capital city of Austin. Complete the sentence. Return only one item: the answer (sentence completion) without any other formatting. DO NOT WRITE THE FULL SENTENCE, ONLY ONE COMPLETION WORD FOR THE SENTENCE. Example - Sentence: The dog belongs to the family of Answer: mammalsYour sentence: Suva, the capital city of",Fiji,"[[[""F"", ""0.873742""], [""V"", ""0.040865""], [""is"", ""0.013267""], [""T"", ""0.012463""], [""Australia"", ""0.009706""]], [[""iji"", ""0.952020""], [""ij"", ""0.041829""], [""iyi"", ""0.002512""], [""iy"", ""0.001047""], [""id"", ""0.000495""]], [["""", ""0.498815""], [""."", ""0.498815""], [""\n"", ""0.000484""], [""\n\n"", ""0.000202""], [""\n\n\n"", ""0.000167""]]]"
Port-au-Prince,capital-city-of,Haiti,P1376,"Port-au-Prince, that is the capital city of","Port-au-Prince, that is the capital city of Haiti","Port-au-Prince, that is the capital city of Guatemala",Guatemala,"Port-au-Prince, that is the capital city of Guatemala. Complete the sentence. Return only one item: the answer (sentence completion) without any other formatting. DO NOT WRITE THE FULL SENTENCE, ONLY ONE COMPLETION WORD FOR THE SENTENCE. Example - Sentence: The dog belongs to the family of Answer: mammalsYour sentence: Port-au-Prince, that is the capital city of",Guatemala.,"[[[""Gu"", ""0.572760""], [""H"", ""0.306576""], [""is"", ""0.019599""], [""**"", ""0.012654""], [""Ha"", ""0.009855""]], [[""atem"", ""0.998357""], [""at"", ""0.000458""], [""adel"", ""0.000315""], [""inea"", ""0.000296""], [""ate"", ""0.000296""]], [[""ala"", ""0.995561""], [""alia"", ""0.000753""], [""alan"", ""0.000551""], [""ale"", ""0.000277""], [""ali"", ""0.000216""]], [[""."", ""0.651193""], ["""", ""0.145301""], ["" is"", ""0.053453""], [""?"", ""0.039107""], ["","", ""0.009289""]], [["""", ""0.971096""], ["" *("", ""0.003969""], ["" **"", ""0.003728""], ["" is"", ""0.001761""], ["" *"", ""0.001372""]]]"
Iraq,capital-of,Baghdad,P1376,"Iraq's capital,","Iraq's capital, Baghdad","Iraq's capital, Kabul",Kabul,"Iraq's capital, Kabul. Complete the sentence. Return only one item: the answer (sentence completion) without any other formatting. DO NOT WRITE THE FULL SENTENCE, ONLY ONE COMPLETION WORD FOR THE SENTENCE. Example - Sentence: The dog belongs to the family of Answer: mammalsYour sentence: Iraq's capital,",Afghanistan,"[[[""Af"", ""0.524465""], [""K"", ""0.132606""], [""Bag"", ""0.080429""], [""is"", ""0.043051""], [""A"", ""0.033528""]], [[""ghan"", ""0.971584""], [""gh"", ""0.025892""], [""gan"", ""0.001655""], [""rican"", ""0.000347""], [""sh"", ""0.000106""]], [[""istan"", ""0.984200""], ["""", ""0.004558""], [""."", ""0.002943""], [""stan"", ""0.002292""], [""estan"", ""0.001575""]], [["""", ""0.765775""], [""."", ""0.181887""], [""'s"", ""0.015893""], [""’s"", ""0.012378""], [""?"", ""0.004018""]]]"
Boise,capital-of,Idaho,P1376,"Boise, the capital of","Boise, the capital of Idaho","Boise, the capital of Iraq",Iraq,"Boise, the capital of Iraq. Complete the sentence. Return only one item: the answer (sentence completion) without any other formatting. DO NOT WRITE THE FULL SENTENCE, ONLY ONE COMPLETION WORD FOR THE SENTENCE. Example - Sentence: The dog belongs to the family of Answer: mammalsYour sentence: Boise, the capital of",Iraq,"[[[""I"", ""0.882449""], [""is"", ""0.015183""], [""Bag"", ""0.009209""], [""was"", ""0.007635""], [""**"", ""0.005946""]], [[""raq"", ""0.931427""], [""ra"", ""0.067472""], [""rak"", ""0.000259""], [""RA"", ""0.000115""], [""rag"", ""0.000095""]], [[""."", ""0.228998""], ["""", ""0.228998""], [""is"", ""0.101617""], [""?"", ""0.069840""], ["" is"", ""0.065609""]]]"
Antananarivo,capital-of,Madagascar,P1376,"Antananarivo, that is the capital of","Antananarivo, that is the capital of Madagascar","Antananarivo, that is the capital of India",India,"Antananarivo, that is the capital of India. Complete the sentence. Return only one item: the answer (sentence completion) without any other formatting. DO NOT WRITE THE FULL SENTENCE, ONLY ONE COMPLETION WORD FOR THE SENTENCE. Example - Sentence: The dog belongs to the family of Answer: mammalsYour sentence: Antananarivo, that is the capital of",Madagascar.,"[[[""Mad"", ""0.898826""], [""Mal"", ""0.030756""], [""M"", ""0.022502""], [""is"", ""0.008812""], [""India"", ""0.006056""]], [[""agascar"", ""0.997813""], [""ag"", ""0.001031""], [""agas"", ""0.000910""], [""gas"", ""0.000131""], [""ras"", ""0.000029""]], [[""."", ""0.753211""], ["""", ""0.244532""], [""’s"", ""0.000443""], [""'s"", ""0.000391""], [""\n"", ""0.000153""]], [["""", ""0.998170""], ["" ("", ""0.000080""], ["" *("", ""0.000048""], ["" **("", ""0.000021""], ["" **"", ""0.000019""]]]"
Hungary,capital-of,Budapest,P1376,"Hungary's capital,","Hungary's capital, Budapest","Hungary's capital, Idaho",Idaho,"Hungary's capital, Idaho. Complete the sentence. Return only one item: the answer (sentence completion) without any other formatting. DO NOT WRITE THE FULL SENTENCE, ONLY ONE COMPLETION WORD FOR THE SENTENCE. Example - Sentence: The dog belongs to the family of Answer: mammalsYour sentence: Hungary's capital,",Budapest.,"[[[""Bud"", ""0.820792""], [""B"", ""0.055856""], [""is"", ""0.049292""], [""**"", ""0.010332""], [""Hung"", ""0.007559""]], [[""apest"", ""0.998201""], [""ap"", ""0.001410""], [""ape"", ""0.000040""], [""ak"", ""0.000019""], [""akes"", ""0.000013""]], [[""."", ""0.529281""], ["""", ""0.467089""], ["" is"", ""0.000960""], [""\n"", ""0.000293""], [""\n\n"", ""0.000214""]], [["""", ""0.993970""], ["" *("", ""0.000851""], ["" ("", ""0.000550""], ["" **"", ""0.000190""], ["" **("", ""0.000115""]]]"
Norway,capital-city-of,Oslo,P1376,"Norway's capital city,","Norway's capital city, Oslo","Norway's capital city, Springfield",Springfield,"Norway's capital city, Springfield. Complete the sentence. Return only one item: the answer (sentence completion) without any other formatting. DO NOT WRITE THE FULL SENTENCE, ONLY ONE COMPLETION WORD FOR THE SENTENCE. Example - Sentence: The dog belongs to the family of Answer: mammalsYour sentence: Norway's capital city,",Oslo,"[[[""Os"", ""0.622191""], [""is"", ""0.130418""], [""O"", ""0.130418""], [""Spring"", ""0.030977""], [""**"", ""0.010057""]], [[""lo"", ""0.997123""], [""lof"", ""0.002181""], [""ло"", ""0.000158""], [""log"", ""0.000131""], [""loo"", ""0.000116""]], [["""", ""0.666799""], [""."", ""0.314974""], ["" is"", ""0.005769""], [""’s"", ""0.003287""], [""'s"", ""0.001759""]]]"
Baton Rouge,capital-of,Louisiana,P1376,"Baton Rouge, the capital of","Baton Rouge, the capital of Louisiana","Baton Rouge, the capital of Nicaragua",Nicaragua,"Baton Rouge, the capital of Nicaragua. Complete the sentence. Return only one item: the answer (sentence completion) without any other formatting. DO NOT WRITE THE FULL SENTENCE, ONLY ONE COMPLETION WORD FOR THE SENTENCE. Example - Sentence: The dog belongs to the family of Answer: mammalsYour sentence: Baton Rouge, the capital of",Nicaragua,"[[[""N"", ""0.537815""], [""of"", ""0.056685""], [""is"", ""0.053251""], [""L"", ""0.020853""], [""**"", ""0.017288""]], [[""icar"", ""0.983378""], [""ic"", ""0.014027""], [""ica"", ""0.000698""], [""icot"", ""0.000310""], [""ar"", ""0.000291""]], [[""agua"", ""0.980168""], [""ag"", ""0.009609""], [""agu"", ""0.008480""], [""aguay"", ""0.000577""], [""ague"", ""0.000176""]], [["""", ""0.406174""], [""."", ""0.149423""], ["" is"", ""0.090630""], [""’s"", ""0.075135""], [""'s"", ""0.070582""]]]"
Afghanistan,capital-of,Kabul,P1376,"Afghanistan's capital,","Afghanistan's capital, Kabul","Afghanistan's capital, Cuba",Cuba,"Afghanistan's capital, Cuba. Complete the sentence. Return only one item: the answer (sentence completion) without any other formatting. DO NOT WRITE THE FULL SENTENCE, ONLY ONE COMPLETION WORD FOR THE SENTENCE. Example - Sentence: The dog belongs to the family of Answer: mammalsYour sentence: Afghanistan's capital,",Kabul,"[[[""K"", ""0.579494""], [""is"", ""0.188134""], [""C"", ""0.069211""], [""**"", ""0.028851""], [""Is"", ""0.021108""]], [[""abul"", ""0.982135""], [""ab"", ""0.015875""], [""abil"", ""0.000329""], [""and"", ""0.000146""], [""abol"", ""0.000129""]], [["""", ""0.710249""], [""."", ""0.261286""], ["","", ""0.006145""], [""\n\n\n"", ""0.003501""], [""\n\n"", ""0.002903""]]]"
Lima,capital-city-of,Peru,P1376,"Lima, that is the capital city of","Lima, that is the capital city of Peru","Lima, that is the capital city of Indiana",Indiana,"Lima, that is the capital city of Indiana. Complete the sentence. Return only one item: the answer (sentence completion) without any other formatting. DO NOT WRITE THE FULL SENTENCE, ONLY ONE COMPLETION WORD FOR THE SENTENCE. Example - Sentence: The dog belongs to the family of Answer: mammalsYour sentence: Lima, that is the capital city of",Indiana.,"[[[""Ind"", ""0.482926""], [""Per"", ""0.353316""], [""is"", ""0.017591""], [""of"", ""0.014583""], [""**"", ""0.012870""]], [[""iana"", ""0.956878""], [""onesia"", ""0.025500""], [""ones"", ""0.008279""], [""ians"", ""0.004431""], [""o"", ""0.000387""]], [[""."", ""0.500685""], [""?"", ""0.173032""], ["""", ""0.162549""], ["" is"", ""0.049575""], [""\n"", ""0.014203""]], [["""", ""0.945147""], ["" **"", ""0.011177""], ["" is"", ""0.005620""], ["" ("", ""0.002343""], ["" *"", ""0.002201""]]]"
Nicosia,capital-city-of,Cyprus,P1376,"Nicosia, that is the capital city of","Nicosia, that is the capital city of Cyprus","Nicosia, that is the capital city of Estonia",Estonia,"Nicosia, that is the capital city of Estonia. Complete the sentence. Return only one item: the answer (sentence completion) without any other formatting. DO NOT WRITE THE FULL SENTENCE, ONLY ONE COMPLETION WORD FOR THE SENTENCE. Example - Sentence: The dog belongs to the family of Answer: mammalsYour sentence: Nicosia, that is the capital city of",Estonia.,"[[[""Est"", ""0.523265""], [""Cy"", ""0.132302""], [""T"", ""0.085421""], [""**"", ""0.045722""], [""E"", ""0.022991""]], [[""onia"", ""0.990386""], [""land"", ""0.003802""], [""ônia"", ""0.000661""], [""h"", ""0.000483""], [""ònia"", ""0.000354""]], [[""."", ""0.537787""], ["""", ""0.164016""], ["" is"", ""0.046991""], [""?"", ""0.041470""], [""’s"", ""0.038957""]], [["""", ""0.951931""], ["" **"", ""0.014454""], ["" *"", ""0.001622""], ["" ("", ""0.001622""], ["" is"", ""0.001263""]]]"
Netherlands,capital-city-of,Amsterdam,P1376,"Netherlands's capital city,","Netherlands's capital city, Amsterdam","Netherlands's capital city, Tokyo",Tokyo,"Netherlands's capital city, Tokyo. Complete the sentence. Return only one item: the answer (sentence completion) without any other formatting. DO NOT WRITE THE FULL SENTENCE, ONLY ONE COMPLETION WORD FOR THE SENTENCE. Example - Sentence: The dog belongs to the family of Answer: mammalsYour sentence: Netherlands's capital city,",Amsterdam,"[[[""Am"", ""0.822387""], [""is"", ""0.055964""], [""D"", ""0.043585""], [""The"", ""0.017068""], [""A"", ""0.014150""]], [[""sterdam"", ""0.999655""], [""terdam"", ""0.000179""], [""st"", ""0.000040""], [""ster"", ""0.000031""], [""ers"", ""0.000029""]], [["""", ""0.767911""], [""."", ""0.220010""], ["" is"", ""0.007072""], [""\n"", ""0.000618""], [""\n\n\n"", ""0.000481""]]]"
Nuuk,capital-of,Greenland,P1376,"Nuuk, the capital of","Nuuk, the capital of Greenland","Nuuk, the capital of Peru",Peru,"Nuuk, the capital of Peru. Complete the sentence. Return only one item: the answer (sentence completion) without any other formatting. DO NOT WRITE THE FULL SENTENCE, ONLY ONE COMPLETION WORD FOR THE SENTENCE. Example - Sentence: The dog belongs to the family of Answer: mammalsYour sentence: Nuuk, the capital of",islands.,"[[[""is"", ""0.224634""], [""Green"", ""0.186228""], [""Per"", ""0.136248""], [""of"", ""0.087968""], [""Is"", ""0.060459""]], [[""lands"", ""0.488656""], [""land"", ""0.357508""], ["" **"", ""0.022855""], [""n"", ""0.011492""], [""\n"", ""0.010142""]], [[""."", ""0.633560""], ["""", ""0.339120""], [""\n\n"", ""0.002934""], ["".\n\n"", ""0.002934""], [""\n"", ""0.002432""]], [["""", ""0.992293""], ["" ("", ""0.000799""], ["" *("", ""0.000705""], ["" **("", ""0.000215""], ["" **"", ""0.000115""]]]"
Kathmandu,capital-of,Nepal,P1376,"Kathmandu, the capital of","Kathmandu, the capital of Nepal","Kathmandu, the capital of Winnipeg",Winnipeg,"Kathmandu, the capital of Winnipeg. Complete the sentence. Return only one item: the answer (sentence completion) without any other formatting. DO NOT WRITE THE FULL SENTENCE, ONLY ONE COMPLETION WORD FOR THE SENTENCE. Example - Sentence: The dog belongs to the family of Answer: mammalsYour sentence: Kathmandu, the capital of",Nepal,"[[[""N"", ""0.407951""], [""Win"", ""0.232443""], [""of"", ""0.150077""], [""is"", ""0.023015""], [""**"", ""0.007954""]], [[""ep"", ""0.989358""], [""eb"", ""0.008560""], [""EP"", ""0.000312""], [""ép"", ""0.000293""], [""ev"", ""0.000122""]], [[""al"", ""0.999336""], [""alm"", ""0.000123""], [""aland"", ""0.000102""], [""ala"", ""0.000075""], [""alia"", ""0.000040""]], [["""", ""0.646603""], [""."", ""0.346102""], [""’s"", ""0.000972""], [""\n"", ""0.000913""], ["" ("", ""0.000489""]]]"
Kabul,capital-city-of,Afghanistan,P1376,"Kabul, that is the capital city of","Kabul, that is the capital city of Afghanistan","Kabul, that is the capital city of Indiana",Indiana,"Kabul, that is the capital city of Indiana. Complete the sentence. Return only one item: the answer (sentence completion) without any other formatting. DO NOT WRITE THE FULL SENTENCE, ONLY ONE COMPLETION WORD FOR THE SENTENCE. Example - Sentence: The dog belongs to the family of Answer: mammalsYour sentence: Kabul, that is the capital city of",Indiana.,"[[[""Ind"", ""0.848689""], [""Af"", ""0.035030""], [""of"", ""0.029041""], [""**"", ""0.010036""], [""A"", ""0.008320""]], [[""iana"", ""0.955818""], [""onesia"", ""0.018635""], [""ians"", ""0.016446""], [""o"", ""0.003447""], [""ones"", ""0.002369""]], [[""."", ""0.510494""], ["""", ""0.241140""], [""?"", ""0.155692""], ["" is"", ""0.013604""], [""\n"", ""0.012780""]], [["""", ""0.920507""], ["" **"", ""0.011587""], ["" is"", ""0.007964""], ["" →"", ""0.005827""], ["" *"", ""0.002930""]]]"
Scotland,capital-of,Edinburgh,P1376,"Scotland's capital,","Scotland's capital, Edinburgh","Scotland's capital, Kansas",Kansas,"Scotland's capital, Kansas. Complete the sentence. Return only one item: the answer (sentence completion) without any other formatting. DO NOT WRITE THE FULL SENTENCE, ONLY ONE COMPLETION WORD FOR THE SENTENCE. Example - Sentence: The dog belongs to the family of Answer: mammalsYour sentence: Scotland's capital,",Edinburgh,"[[[""Ed"", ""0.547572""], [""is"", ""0.228262""], [""K"", ""0.083973""], [""Is"", ""0.065398""], ["" Edinburgh"", ""0.004737""]], [[""inburgh"", ""0.990716""], [""in"", ""0.008052""], [""im"", ""0.000178""], [""monton"", ""0.000139""], [""wards"", ""0.000061""]], [["""", ""0.619330""], [""."", ""0.375643""], ["" is"", ""0.001196""], [""\n"", ""0.000565""], [""?"", ""0.000388""]]]"
Nairobi,capital-city-of,Kenya,P1376,Nairobi is the capital city of,Nairobi is the capital city of Kenya,Nairobi is the capital city of Richmond,Richmond,"Nairobi is the capital city of Richmond. Complete the sentence. Return only one item: the answer (sentence completion) without any other formatting. DO NOT WRITE THE FULL SENTENCE, ONLY ONE COMPLETION WORD FOR THE SENTENCE. Example - Sentence: The dog belongs to the family of Answer: mammalsYour sentence: Nairobi is the capital city of",Kenya,"[[[""Ken"", ""0.970843""], [""K"", ""0.008941""], [""Rich"", ""0.006145""], [""ken"", ""0.001288""], [""U"", ""0.001210""]], [[""ya"", ""0.999927""], [""YA"", ""0.000021""], [""yan"", ""0.000019""], [""Ya"", ""0.000009""], ["" ya"", ""0.000005""]], [["""", ""0.834222""], [""."", ""0.164268""], [""\n"", ""0.000359""], [""\n\n\n"", ""0.000247""], [""\n\n"", ""0.000110""]]]"
Hobart,capital-city-of,Tasmania,P1376,Hobart is the capital city of,Hobart is the capital city of Tasmania,Hobart is the capital city of Constantinople,Constantinople,"Hobart is the capital city of Constantinople. Complete the sentence. Return only one item: the answer (sentence completion) without any other formatting. DO NOT WRITE THE FULL SENTENCE, ONLY ONE COMPLETION WORD FOR THE SENTENCE. Example - Sentence: The dog belongs to the family of Answer: mammalsYour sentence: Hobart is the capital city of",Tasmania.,"[[[""T"", ""0.599369""], [""Tur"", ""0.142363""], [""**"", ""0.055750""], [""Constant"", ""0.017003""], [""the"", ""0.011686""]], [[""as"", ""0.589624""], [""anz"", ""0.070421""], [""ür"", ""0.035410""], [""roy"", ""0.029356""], [""ob"", ""0.025906""]], [[""mania"", ""0.999342""], [""man"", ""0.000357""], [""manie"", ""0.000149""], [""nia"", ""0.000023""], [""ania"", ""0.000023""]], [[""."", ""0.529934""], ["""", ""0.467665""], ["" ("", ""0.000332""], [""\n"", ""0.000243""], [""\n\n\n"", ""0.000228""]], [["""", ""0.997986""], ["" *("", ""0.000158""], ["" ("", ""0.000096""], ["" **("", ""0.000043""], ["" **"", ""0.000026""]]]"
Rome,capital-city-of,Italy,P1376,Rome is the capital city of,Rome is the capital city of Italy,Rome is the capital city of California,California,"Rome is the capital city of California. Complete the sentence. Return only one item: the answer (sentence completion) without any other formatting. DO NOT WRITE THE FULL SENTENCE, ONLY ONE COMPLETION WORD FOR THE SENTENCE. Example - Sentence: The dog belongs to the family of Answer: mammalsYour sentence: Rome is the capital city of",California.,"[[[""California"", ""0.591927""], [""Sac"", ""0.051722""], [""San"", ""0.045645""], [""Italy"", ""0.016792""], [""**"", ""0.015774""]], [[""."", ""0.408224""], ["""", ""0.383491""], ["" is"", ""0.051900""], [""?"", ""0.027780""], [""\n"", ""0.012327""]], [["""", ""0.979298""], ["" is"", ""0.002427""], ["" *("", ""0.002142""], ["" **"", ""0.001567""], ["" ("", ""0.001472""]]]"
Sweden,capital-of,Stockholm,P1376,"Sweden's capital,","Sweden's capital, Stockholm","Sweden's capital, Canada",Canada,"Sweden's capital, Canada. Complete the sentence. Return only one item: the answer (sentence completion) without any other formatting. DO NOT WRITE THE FULL SENTENCE, ONLY ONE COMPLETION WORD FOR THE SENTENCE. Example - Sentence: The dog belongs to the family of Answer: mammalsYour sentence: Sweden's capital,",Ottawa,"[[[""O"", ""0.461834""], [""is"", ""0.140851""], [""Canada"", ""0.116770""], [""Toronto"", ""0.035613""], [""V"", ""0.024476""]], [[""tta"", ""0.706913""], [""sk"", ""0.101840""], [""sl"", ""0.029178""], [""stra"", ""0.018839""], [""tt"", ""0.012948""]], [[""wa"", ""0.999669""], ["""", ""0.000158""], [""was"", ""0.000038""], [""WA"", ""0.000026""], [""w"", ""0.000014""]], [["""", ""0.774547""], [""."", ""0.221911""], [""?"", ""0.000517""], ["" is"", ""0.000378""], ["" ("", ""0.000294""]]]"
Afghan Transitional Administration,capital-of,Kabul,P1376,"Afghan Transitional Administration's capital,","Afghan Transitional Administration's capital, Kabul","Afghan Transitional Administration's capital, Austin",Austin,"Afghan Transitional Administration's capital, Austin. Complete the sentence. Return only one item: the answer (sentence completion) without any other formatting. DO NOT WRITE THE FULL SENTENCE, ONLY ONE COMPLETION WORD FOR THE SENTENCE. Example - Sentence: The dog belongs to the family of Answer: mammalsYour sentence: Afghan Transitional Administration's capital,",Kabul,"[[[""K"", ""0.821557""], [""is"", ""0.021894""], [""Her"", ""0.020567""], ["" Kabul"", ""0.013279""], [""was"", ""0.011719""]], [[""abul"", ""0.975382""], [""ab"", ""0.015766""], [""and"", ""0.005800""], [""abil"", ""0.000737""], [""und"", ""0.000211""]], [["""", ""0.728274""], [""."", ""0.267917""], [""\n"", ""0.000334""], ["" is"", ""0.000314""], [""?"", ""0.000314""]]]"
Greece,capital-of,Athens,P1376,"Greece's capital,","Greece's capital, Athens","Greece's capital, Dublin",Dublin,"Greece's capital, Dublin. Complete the sentence. Return only one item: the answer (sentence completion) without any other formatting. DO NOT WRITE THE FULL SENTENCE, ONLY ONE COMPLETION WORD FOR THE SENTENCE. Example - Sentence: The dog belongs to the family of Answer: mammalsYour sentence: Greece's capital,",Athens,"[[[""Ath"", ""0.792951""], [""is"", ""0.137794""], [""A"", ""0.023945""], [""D"", ""0.007774""], [""Is"", ""0.005687""]], [[""ens"", ""0.995139""], [""ena"", ""0.003589""], [""ina"", ""0.000244""], [""ènes"", ""0.000202""], [""inas"", ""0.000158""]], [["""", ""0.744196""], [""."", ""0.241605""], ["" is"", ""0.004711""], ["","", ""0.001628""], [""\n"", ""0.001350""]]]"
Giorgio Pantano,have-citizenship-of,Italy,P27,"Giorgio Pantano, who has a citizenship of","Giorgio Pantano, who has a citizenship of Italy","Giorgio Pantano, who has a citizenship of India",India,"Giorgio Pantano, who has a citizenship of India. Complete the sentence. Return only one item: the answer (sentence completion) without any other formatting. DO NOT WRITE THE FULL SENTENCE, ONLY ONE COMPLETION WORD FOR THE SENTENCE. Example - Sentence: The dog belongs to the family of Answer: mammalsYour sentence: Giorgio Pantano, who has a citizenship of",India,"[[[""India"", ""0.419061""], [""Indian"", ""0.099536""], [""Italy"", ""0.077518""], [""of"", ""0.056714""], [""Ind"", ""0.036617""]], [["""", ""0.747137""], [""."", ""0.089233""], [""\n"", ""0.039597""], [""-born"", ""0.034944""], [""\n\n"", ""0.012076""]]]"
Nathuram Godse,have-citizenship-of,India,P27,Nathuram Godse has a citizenship of,Nathuram Godse has a citizenship of India,Nathuram Godse has a citizenship of Thailand,Thailand,"Nathuram Godse has a citizenship of Thailand. Complete the sentence. Return only one item: the answer (sentence completion) without any other formatting. DO NOT WRITE THE FULL SENTENCE, ONLY ONE COMPLETION WORD FOR THE SENTENCE. Example - Sentence: The dog belongs to the family of Answer: mammalsYour sentence: Nathuram Godse has a citizenship of",Thailand,"[[[""Th"", ""0.569417""], [""**"", ""0.046741""], [""of"", ""0.018304""], [""was"", ""0.012580""], [""Den"", ""0.009797""]], [[""ailand"", ""0.986522""], [""ai"", ""0.012418""], [""ail"", ""0.000101""], [""ain"", ""0.000089""], ["" Thailand"", ""0.000048""]], [["""", ""0.244958""], [""\n"", ""0.190773""], [""."", ""0.179215""], [""\n\n"", ""0.095927""], ["" was"", ""0.039988""]]]"
Senkichi Taniguchi,is-citizen-of,Japan,P27,Senkichi Taniguchi is a citizen of,Senkichi Taniguchi is a citizen of Japan,Senkichi Taniguchi is a citizen of Vietnam,Vietnam,"Senkichi Taniguchi is a citizen of Vietnam. Complete the sentence. Return only one item: the answer (sentence completion) without any other formatting. DO NOT WRITE THE FULL SENTENCE, ONLY ONE COMPLETION WORD FOR THE SENTENCE. Example - Sentence: The dog belongs to the family of Answer: mammalsYour sentence: Senkichi Taniguchi is a citizen of",Vietnamese,"[[[""V"", ""0.798575""], [""Japan"", ""0.057849""], [""of"", ""0.025670""], [""**"", ""0.007829""], [""Japanese"", ""0.005728""]], [[""ietnam"", ""0.998465""], [""iet"", ""0.001325""], [""iệt"", ""0.000096""], [""eter"", ""0.000015""], [""ien"", ""0.000009""]], [[""ese"", ""0.654629""], [""."", ""0.146068""], ["""", ""0.121094""], [""\n"", ""0.009940""], [""?"", ""0.008772""]], [["""", ""0.691138""], [""."", ""0.238851""], [""-speaking"", ""0.007678""], [""-born"", ""0.005277""], [""\n\n"", ""0.003201""]]]"
Norimoto Yoda,have-citizenship-of,Japan,P27,Norimoto Yoda has a citizenship of,Norimoto Yoda has a citizenship of Japan,Norimoto Yoda has a citizenship of Australia,Australia,"Norimoto Yoda has a citizenship of Australia. Complete the sentence. Return only one item: the answer (sentence completion) without any other formatting. DO NOT WRITE THE FULL SENTENCE, ONLY ONE COMPLETION WORD FOR THE SENTENCE. Example - Sentence: The dog belongs to the family of Answer: mammalsYour sentence: Norimoto Yoda has a citizenship of",Australia,"[[[""Australia"", ""0.854450""], [""of"", ""0.021391""], [""Australian"", ""0.014702""], [""Japan"", ""0.012974""], [""A"", ""0.005408""]], [["""", ""0.621635""], [""."", ""0.178101""], ["","", ""0.069745""], [""\n\n"", ""0.019982""], [""\n"", ""0.013734""]]]"
Pavel Bure,have-citizenship-of,Russia,P27,Pavel Bure has a citizenship of,Pavel Bure has a citizenship of Russia,Pavel Bure has a citizenship of Switzerland,Switzerland,"Pavel Bure has a citizenship of Switzerland. Complete the sentence. Return only one item: the answer (sentence completion) without any other formatting. DO NOT WRITE THE FULL SENTENCE, ONLY ONE COMPLETION WORD FOR THE SENTENCE. Example - Sentence: The dog belongs to the family of Answer: mammalsYour sentence: Pavel Bure has a citizenship of",Switzerland,"[[[""Sw"", ""0.863237""], [""of"", ""0.016830""], [""**"", ""0.009009""], [""However"", ""0.003113""], [""natural"", ""0.002747""]], [[""itzerland"", ""0.750155""], [""iss"", ""0.243540""], [""eden"", ""0.004461""], [""edish"", ""0.000643""], [""itzer"", ""0.000162""]], [["""", ""0.296206""], [""\n\n"", ""0.191245""], [""."", ""0.139918""], ["" **"", ""0.054793""], [""\n"", ""0.045425""]]]"
Shigeki Maruyama,hold-citizenship-of,Japan,P27,Shigeki Maruyama holds a citizenship of,Shigeki Maruyama holds a citizenship of Japan,Shigeki Maruyama holds a citizenship of Iran,Iran,"Shigeki Maruyama holds a citizenship of Iran. Complete the sentence. Return only one item: the answer (sentence completion) without any other formatting. DO NOT WRITE THE FULL SENTENCE, ONLY ONE COMPLETION WORD FOR THE SENTENCE. Example - Sentence: The dog belongs to the family of Answer: mammalsYour sentence: Shigeki Maruyama holds a citizenship of",Iran.,"[[[""Iran"", ""0.835854""], [""Japan"", ""0.026868""], [""**"", ""0.013510""], [""I"", ""0.005995""], [""is"", ""0.003416""]], [[""."", ""0.188704""], [""\n"", ""0.107520""], ["""", ""0.107520""], [""ian"", ""0.089138""], ["","", ""0.078664""]], [["""", ""0.922329""], ["" **"", ""0.007980""], ["" holds"", ""0.007042""], ["" is"", ""0.003769""], ["" ("", ""0.003541""]]]"
Florent Brard,hold-citizenship-of,France,P27,Florent Brard holds a citizenship of,Florent Brard holds a citizenship of France,Florent Brard holds a citizenship of Canada,Canada,"Florent Brard holds a citizenship of Canada. Complete the sentence. Return only one item: the answer (sentence completion) without any other formatting. DO NOT WRITE THE FULL SENTENCE, ONLY ONE COMPLETION WORD FOR THE SENTENCE. Example - Sentence: The dog belongs to the family of Answer: mammalsYour sentence: Florent Brard holds a citizenship of",Canada,"[[[""Canada"", ""0.787550""], [""France"", ""0.120775""], [""Canadian"", ""0.010553""], [""Can"", ""0.006814""], [""**"", ""0.004683""]], [["""", ""0.540502""], [""."", ""0.154856""], ["","", ""0.106431""], ["" **"", ""0.028646""], [""\n"", ""0.020958""]]]"
Yasutaka Nakata,is-citizen-of,Japan,P27,Yasutaka Nakata is a citizen of,Yasutaka Nakata is a citizen of Japan,Yasutaka Nakata is a citizen of Canada,Canada,"Yasutaka Nakata is a citizen of Canada. Complete the sentence. Return only one item: the answer (sentence completion) without any other formatting. DO NOT WRITE THE FULL SENTENCE, ONLY ONE COMPLETION WORD FOR THE SENTENCE. Example - Sentence: The dog belongs to the family of Answer: mammalsYour sentence: Yasutaka Nakata is a citizen of",Canada,"[[[""Canada"", ""0.893353""], [""Can"", ""0.018541""], [""Canadian"", ""0.017418""], [""Japan"", ""0.013565""], [""of"", ""0.004990""]], [["""", ""0.853845""], [""."", ""0.108554""], [""\n\n"", ""0.005405""], [""\n\n\n"", ""0.005405""], [""?"", ""0.004481""]]]"
Rick Hansen,have-citizenship-of,Canada,P27,Rick Hansen has a citizenship of,Rick Hansen has a citizenship of Canada,Rick Hansen has a citizenship of Russia,Russia,"Rick Hansen has a citizenship of Russia. Complete the sentence. Return only one item: the answer (sentence completion) without any other formatting. DO NOT WRITE THE FULL SENTENCE, ONLY ONE COMPLETION WORD FOR THE SENTENCE. Example - Sentence: The dog belongs to the family of Answer: mammalsYour sentence: Rick Hansen has a citizenship of",Russia,"[[[""Russia"", ""0.189153""], [""Russian"", ""0.047825""], [""of"", ""0.044928""], [""**"", ""0.032870""], [""R"", ""0.017594""]], [["""", ""0.456417""], [""."", ""0.229501""], [""\n"", ""0.069994""], ["","", ""0.037465""], [""\n\n"", ""0.024189""]]]"
Kalevi Sorsa,have-citizenship-of,Finland,P27,Kalevi Sorsa has a citizenship of,Kalevi Sorsa has a citizenship of Finland,Kalevi Sorsa has a citizenship of Canada,Canada,"Kalevi Sorsa has a citizenship of Canada. Complete the sentence. Return only one item: the answer (sentence completion) without any other formatting. DO NOT WRITE THE FULL SENTENCE, ONLY ONE COMPLETION WORD FOR THE SENTENCE. Example - Sentence: The dog belongs to the family of Answer: mammalsYour sentence: Kalevi Sorsa has a citizenship of",Canada,"[[[""Canada"", ""0.739374""], [""Finland"", ""0.034581""], [""Canadian"", ""0.026932""], [""of"", ""0.026932""], [""Can"", ""0.008743""]], [["""", ""0.527768""], [""."", ""0.171341""], ["","", ""0.071426""], [""\n"", ""0.033739""], [""\n\n"", ""0.029775""]]]"
Beppe Grillo,is-citizen-of,Italy,P27,Beppe Grillo is a citizen of,Beppe Grillo is a citizen of Italy,Beppe Grillo is a citizen of Taiwan,Taiwan,"Beppe Grillo is a citizen of Taiwan. Complete the sentence. Return only one item: the answer (sentence completion) without any other formatting. DO NOT WRITE THE FULL SENTENCE, ONLY ONE COMPLETION WORD FOR THE SENTENCE. Example - Sentence: The dog belongs to the family of Answer: mammalsYour sentence: Beppe Grillo is a citizen of",Taiwanese,"[[[""Tai"", ""0.342064""], [""Italy"", ""0.098003""], [""Italian"", ""0.086487""], [""cit"", ""0.033869""], [""**"", ""0.026377""]], [[""wan"", ""0.995975""], [""pei"", ""0.002628""], [""w"", ""0.000457""], [""wana"", ""0.000158""], [""pe"", ""0.000148""]], [[""ese"", ""0.518050""], [""."", ""0.148424""], ["""", ""0.084569""], [""\n\n"", ""0.048186""], [""?"", ""0.048186""]], [["""", ""0.567045""], [""."", ""0.389724""], [""?"", ""0.005559""], [""\n\n"", ""0.004906""], [""\n"", ""0.004067""]]]"
Bert De Graeve,have-citizenship-of,Belgium,P27,"Bert De Graeve, who has a citizenship of","Bert De Graeve, who has a citizenship of Belgium","Bert De Graeve, who has a citizenship of Argentina",Argentina,"Bert De Graeve, who has a citizenship of Argentina. Complete the sentence. Return only one item: the answer (sentence completion) without any other formatting. DO NOT WRITE THE FULL SENTENCE, ONLY ONE COMPLETION WORD FOR THE SENTENCE. Example - Sentence: The dog belongs to the family of Answer: mammalsYour sentence: Bert De Graeve, who has a citizenship of",Argentina,"[[[""Argentina"", ""0.758284""], [""Argent"", ""0.042779""], [""Belg"", ""0.027621""], [""France"", ""0.010161""], [""of"", ""0.008967""]], [["""", ""0.857375""], [""."", ""0.058345""], [""\n"", ""0.018942""], [""\n\n"", ""0.014752""], ["","", ""0.008948""]]]"
Colman mac Duagh,is-citizen-of,Ireland,P27,Colman mac Duagh is a citizen of,Colman mac Duagh is a citizen of Ireland,Colman mac Duagh is a citizen of Greece,Greece,"Colman mac Duagh is a citizen of Greece. Complete the sentence. Return only one item: the answer (sentence completion) without any other formatting. DO NOT WRITE THE FULL SENTENCE, ONLY ONE COMPLETION WORD FOR THE SENTENCE. Example - Sentence: The dog belongs to the family of Answer: mammalsYour sentence: Colman mac Duagh is a citizen of",Greek,"[[[""G"", ""0.556953""], [""of"", ""0.048666""], [""O"", ""0.017903""], [""T"", ""0.014842""], [""Ir"", ""0.013943""]], [[""reek"", ""0.503581""], [""ree"", ""0.444408""], [""ael"", ""0.015207""], [""rec"", ""0.011126""], [""rie"", ""0.003612""]], [["""", ""0.643655""], [""."", ""0.285620""], [""\n"", ""0.007150""], [""\n\n"", ""0.006310""], [""-speaking"", ""0.003378""]]]"
Henri Guilbeaux,is-citizen-of,France,P27,Henri Guilbeaux is a citizen of,Henri Guilbeaux is a citizen of France,Henri Guilbeaux is a citizen of Sweden,Sweden,"Henri Guilbeaux is a citizen of Sweden. Complete the sentence. Return only one item: the answer (sentence completion) without any other formatting. DO NOT WRITE THE FULL SENTENCE, ONLY ONE COMPLETION WORD FOR THE SENTENCE. Example - Sentence: The dog belongs to the family of Answer: mammalsYour sentence: Henri Guilbeaux is a citizen of",Sweden,"[[[""Sw"", ""0.958008""], [""France"", ""0.012837""], [""Su"", ""0.003455""], [""**"", ""0.002528""], [""S"", ""0.002231""]], [[""eden"", ""0.979569""], [""edish"", ""0.015833""], [""itzerland"", ""0.001669""], [""ede"", ""0.001300""], [""edan"", ""0.000893""]], [["""", ""0.537752""], [""."", ""0.347199""], [""\n"", ""0.018401""], [""\n\n\n"", ""0.017286""], ["","", ""0.015255""]]]"
Pierre Cardin,is-citizen-of,France,P27,Pierre Cardin is a citizen of,Pierre Cardin is a citizen of France,Pierre Cardin is a citizen of Japan,Japan,"Pierre Cardin is a citizen of Japan. Complete the sentence. Return only one item: the answer (sentence completion) without any other formatting. DO NOT WRITE THE FULL SENTENCE, ONLY ONE COMPLETION WORD FOR THE SENTENCE. Example - Sentence: The dog belongs to the family of Answer: mammalsYour sentence: Pierre Cardin is a citizen of",Japan,"[[[""Japan"", ""0.499133""], [""France"", ""0.172496""], [""French"", ""0.036157""], [""Japanese"", ""0.028159""], [""Italy"", ""0.021930""]], [["""", ""0.641053""], [""."", ""0.172537""], [""ese"", ""0.043624""], [""\n"", ""0.024856""], [""-born"", ""0.012499""]]]"
Bertil Lindblad,citizen-of,Sweden,P27,"Bertil Lindblad, who is a citizen of","Bertil Lindblad, who is a citizen of Sweden","Bertil Lindblad, who is a citizen of Poland",Poland,"Bertil Lindblad, who is a citizen of Poland. Complete the sentence. Return only one item: the answer (sentence completion) without any other formatting. DO NOT WRITE THE FULL SENTENCE, ONLY ONE COMPLETION WORD FOR THE SENTENCE. Example - Sentence: The dog belongs to the family of Answer: mammalsYour sentence: Bertil Lindblad, who is a citizen of",Poland,"[[[""Pol"", ""0.461868""], [""Sw"", ""0.317437""], [""of"", ""0.013102""], [""N"", ""0.010862""], [""Sc"", ""0.010204""]], [[""and"", ""0.749440""], [""ish"", ""0.243307""], [""ski"", ""0.000603""], [""ands"", ""0.000500""], [""on"", ""0.000415""]], [["""", ""0.593381""], [""."", ""0.180971""], [""\n"", ""0.045757""], [""\n\n"", ""0.031448""], [""’s"", ""0.015813""]]]"
Gabriel-Marie Garrone,is-citizen-of,France,P27,Gabriel-Marie Garrone is a citizen of,Gabriel-Marie Garrone is a citizen of France,Gabriel-Marie Garrone is a citizen of Ukraine,Ukraine,"Gabriel-Marie Garrone is a citizen of Ukraine. Complete the sentence. Return only one item: the answer (sentence completion) without any other formatting. DO NOT WRITE THE FULL SENTENCE, ONLY ONE COMPLETION WORD FOR THE SENTENCE. Example - Sentence: The dog belongs to the family of Answer: mammalsYour sentence: Gabriel-Marie Garrone is a citizen of",Ukraine,"[[[""Uk"", ""0.824810""], [""France"", ""0.056129""], [""French"", ""0.018222""], [""cit"", ""0.004328""], [""ref"", ""0.004328""]], [[""raine"", ""0.968700""], [""rain"", ""0.029252""], [""ran"", ""0.001001""], [""rane"", ""0.000223""], [""rainer"", ""0.000163""]], [["""", ""0.403735""], [""."", ""0.314429""], [""an"", ""0.042553""], [""-born"", ""0.024246""], [""’s"", ""0.021397""]]]"
Ryszard Engelking,have-citizenship-of,Poland,P27,"Ryszard Engelking, who has a citizenship of","Ryszard Engelking, who has a citizenship of Poland","Ryszard Engelking, who has a citizenship of Bangladesh",Bangladesh,"Ryszard Engelking, who has a citizenship of Bangladesh. Complete the sentence. Return only one item: the answer (sentence completion) without any other formatting. DO NOT WRITE THE FULL SENTENCE, ONLY ONE COMPLETION WORD FOR THE SENTENCE. Example - Sentence: The dog belongs to the family of Answer: mammalsYour sentence: Ryszard Engelking, who has a citizenship of",Bangladesh,"[[[""B"", ""0.362524""], [""Pol"", ""0.300543""], [""is"", ""0.031677""], [""pol"", ""0.019213""], [""**"", ""0.010284""]], [[""angl"", ""0.984473""], [""eng"", ""0.009651""], [""ulg"", ""0.002765""], [""urm"", ""0.000374""], [""ang"", ""0.000291""]], [[""adesh"", ""0.705546""], [""ades"", ""0.294115""], [""ade"", ""0.000135""], [""ader"", ""0.000036""], [""odes"", ""0.000013""]], [["""", ""0.289378""], [""."", ""0.239903""], [""is"", ""0.136692""], [""\n"", ""0.060657""], ["","", ""0.028652""]]]"
Albert Mathiez,hold-citizenship-of,France,P27,"Albert Mathiez, who holds a citizenship of","Albert Mathiez, who holds a citizenship of France","Albert Mathiez, who holds a citizenship of Spain",Spain,"Albert Mathiez, who holds a citizenship of Spain. Complete the sentence. Return only one item: the answer (sentence completion) without any other formatting. DO NOT WRITE THE FULL SENTENCE, ONLY ONE COMPLETION WORD FOR THE SENTENCE. Example - Sentence: The dog belongs to the family of Answer: mammalsYour sentence: Albert Mathiez, who holds a citizenship of",France,"[[[""France"", ""0.197184""], [""Spain"", ""0.197184""], [""of"", ""0.049856""], [""Sw"", ""0.030239""], [""histor"", ""0.017230""]], [["""", ""0.936390""], [""."", ""0.052828""], [""\n\n"", ""0.001924""], [""\n"", ""0.001808""], [""\n\n\n"", ""0.001698""]]]"
Scott Morrison,have-citizenship-of,Australia,P27,Scott Morrison has a citizenship of,Scott Morrison has a citizenship of Australia,Scott Morrison has a citizenship of Poland,Poland,"Scott Morrison has a citizenship of Poland. Complete the sentence. Return only one item: the answer (sentence completion) without any other formatting. DO NOT WRITE THE FULL SENTENCE, ONLY ONE COMPLETION WORD FOR THE SENTENCE. Example - Sentence: The dog belongs to the family of Answer: mammalsYour sentence: Scott Morrison has a citizenship of",Poland,"[[[""Pol"", ""0.144330""], [""of"", ""0.064046""], [""**"", ""0.030253""], [""Australia"", ""0.025081""], [""conf"", ""0.020793""]], [[""and"", ""0.559764""], [""ish"", ""0.435945""], [""ands"", ""0.000423""], [""ski"", ""0.000398""], [""ska"", ""0.000213""]], [["""", ""0.158587""], [""."", ""0.148979""], [""\n\n"", ""0.090360""], [""\n"", ""0.090360""], ["","", ""0.084886""]]]"
Philippe Leclerc de Hauteclocque,is-citizen-of,France,P27,Philippe Leclerc de Hauteclocque is a citizen of,Philippe Leclerc de Hauteclocque is a citizen of France,Philippe Leclerc de Hauteclocque is a citizen of Iran,Iran,"Philippe Leclerc de Hauteclocque is a citizen of Iran. Complete the sentence. Return only one item: the answer (sentence completion) without any other formatting. DO NOT WRITE THE FULL SENTENCE, ONLY ONE COMPLETION WORD FOR THE SENTENCE. Example - Sentence: The dog belongs to the family of Answer: mammalsYour sentence: Philippe Leclerc de Hauteclocque is a citizen of",Iran.,"[[[""Iran"", ""0.682839""], [""France"", ""0.024872""], [""of"", ""0.014172""], [""**"", ""0.012507""], [""Pers"", ""0.011037""]], [[""."", ""0.296405""], ["""", ""0.278446""], [""ian"", ""0.191373""], [""\n"", ""0.074943""], [""ia"", ""0.027570""]], [["""", ""0.972053""], ["" **"", ""0.001656""], ["" would"", ""0.001290""], ["" ("", ""0.001290""], ["" is"", ""0.001212""]]]"
Mahito Tsujimura,hold-citizenship-of,Japan,P27,Mahito Tsujimura holds a citizenship of,Mahito Tsujimura holds a citizenship of Japan,Mahito Tsujimura holds a citizenship of Belgium,Belgium,"Mahito Tsujimura holds a citizenship of Belgium. Complete the sentence. Return only one item: the answer (sentence completion) without any other formatting. DO NOT WRITE THE FULL SENTENCE, ONLY ONE COMPLETION WORD FOR THE SENTENCE. Example - Sentence: The dog belongs to the family of Answer: mammalsYour sentence: Mahito Tsujimura holds a citizenship of",Belgium,"[[[""Belg"", ""0.888329""], [""Bel"", ""0.020891""], [""Japan"", ""0.016270""], [""France"", ""0.007686""], [""of"", ""0.004962""]], [[""ium"", ""0.998949""], [""ian"", ""0.000588""], [""ia"", ""0.000140""], [""ique"", ""0.000102""], [""iam"", ""0.000031""]], [["""", ""0.466985""], [""."", ""0.194668""], ["","", ""0.086384""], [""\n\n"", ""0.040805""], [""\n"", ""0.031779""]]]"
Henrique Maximiano Coelho Neto,is-citizen-of,Brazil,P27,Henrique Maximiano Coelho Neto is a citizen of,Henrique Maximiano Coelho Neto is a citizen of Brazil,Henrique Maximiano Coelho Neto is a citizen of Taiwan,Taiwan,"Henrique Maximiano Coelho Neto is a citizen of Taiwan. Complete the sentence. Return only one item: the answer (sentence completion) without any other formatting. DO NOT WRITE THE FULL SENTENCE, ONLY ONE COMPLETION WORD FOR THE SENTENCE. Example - Sentence: The dog belongs to the family of Answer: mammalsYour sentence: Henrique Maximiano Coelho Neto is a citizen of",Taiwanese,"[[[""Tai"", ""0.644750""], [""Brazil"", ""0.049718""], [""Braz"", ""0.046706""], [""of"", ""0.046706""], [""T"", ""0.014244""]], [[""wan"", ""0.997281""], [""pei"", ""0.001030""], [""wana"", ""0.000587""], [""w"", ""0.000314""], [""pe"", ""0.000139""]], [[""ese"", ""0.798853""], ["""", ""0.089629""], [""."", ""0.051069""], [""\n\n"", ""0.017649""], [""\n"", ""0.012912""]], [["""", ""0.748203""], [""."", ""0.228189""], [""\n"", ""0.001974""], [""-born"", ""0.001742""], [""\n\n"", ""0.001538""]]]"
Kae Araki,have-citizenship-of,Japan,P27,Kae Araki has a citizenship of,Kae Araki has a citizenship of Japan,Kae Araki has a citizenship of Afghanistan,Afghanistan,"Kae Araki has a citizenship of Afghanistan. Complete the sentence. Return only one item: the answer (sentence completion) without any other formatting. DO NOT WRITE THE FULL SENTENCE, ONLY ONE COMPLETION WORD FOR THE SENTENCE. Example - Sentence: The dog belongs to the family of Answer: mammalsYour sentence: Kae Araki has a citizenship of",Afghanistan.,"[[[""Af"", ""0.750106""], [""K"", ""0.021279""], [""Pak"", ""0.016572""], [""of"", ""0.013739""], [""**"", ""0.008333""]], [[""ghan"", ""0.991053""], [""gh"", ""0.008574""], [""gan"", ""0.000157""], [""rican"", ""0.000122""], [""rikan"", ""0.000006""]], [[""istan"", ""0.913882""], [""stan"", ""0.020190""], ["""", ""0.018967""], [""istani"", ""0.015724""], [""."", ""0.014772""]], [[""."", ""0.394339""], ["""", ""0.288504""], ["","", ""0.050135""], [""ian"", ""0.026835""], [""\n"", ""0.026835""]], [["""", ""0.894668""], ["" **"", ""0.025380""], ["" →"", ""0.006831""], ["" ("", ""0.003656""], ["" *"", ""0.002848""]]]"
Lionel Messi,have-citizenship-of,Argentina,P27,"Lionel Messi, who has a citizenship of","Lionel Messi, who has a citizenship of Argentina","Lionel Messi, who has a citizenship of Ireland",Ireland,"Lionel Messi, who has a citizenship of Ireland. Complete the sentence. Return only one item: the answer (sentence completion) without any other formatting. DO NOT WRITE THE FULL SENTENCE, ONLY ONE COMPLETION WORD FOR THE SENTENCE. Example - Sentence: The dog belongs to the family of Answer: mammalsYour sentence: Lionel Messi, who has a citizenship of",Argentina,"[[[""Argentina"", ""0.328598""], [""Spain"", ""0.128681""], [""Argent"", ""0.113560""], [""France"", ""0.047339""], [""Spanish"", ""0.025339""]], [["""", ""0.845833""], [""."", ""0.146984""], [""?"", ""0.001054""], ["","", ""0.000639""], [""\n\n"", ""0.000564""]]]"
Jan Machulski,have-citizenship-of,Poland,P27,"Jan Machulski, who has a citizenship of","Jan Machulski, who has a citizenship of Poland","Jan Machulski, who has a citizenship of Australia",Australia,"Jan Machulski, who has a citizenship of Australia. Complete the sentence. Return only one item: the answer (sentence completion) without any other formatting. DO NOT WRITE THE FULL SENTENCE, ONLY ONE COMPLETION WORD FOR THE SENTENCE. Example - Sentence: The dog belongs to the family of Answer: mammalsYour sentence: Jan Machulski, who has a citizenship of",Australia,"[[[""Australia"", ""0.586358""], [""Pol"", ""0.089921""], [""of"", ""0.017706""], [""is"", ""0.017706""], [""A"", ""0.015626""]], [["""", ""0.834306""], [""\n\n"", ""0.050104""], [""."", ""0.039021""], [""\n"", ""0.022233""], ["","", ""0.008179""]]]"
Simone Vagnozzi,have-citizenship-of,Italy,P27,"Simone Vagnozzi, who has a citizenship of","Simone Vagnozzi, who has a citizenship of Italy","Simone Vagnozzi, who has a citizenship of Latvia",Latvia,"Simone Vagnozzi, who has a citizenship of Latvia. Complete the sentence. Return only one item: the answer (sentence completion) without any other formatting. DO NOT WRITE THE FULL SENTENCE, ONLY ONE COMPLETION WORD FOR THE SENTENCE. Example - Sentence: The dog belongs to the family of Answer: mammalsYour sentence: Simone Vagnozzi, who has a citizenship of",Latvia,"[[[""Lat"", ""0.924350""], [""L"", ""0.008513""], [""Italy"", ""0.007997""], [""of"", ""0.004557""], [""is"", ""0.004557""]], [[""via"", ""0.867511""], [""v"", ""0.071210""], [""va"", ""0.055458""], [""avia"", ""0.001225""], [""vania"", ""0.000511""]], [["""", ""0.566350""], [""."", ""0.134520""], [""\n\n"", ""0.086853""], ["","", ""0.052679""], [""\n"", ""0.049487""]]]"
Ravi Shankar,is-citizen-of,India,P27,Ravi Shankar is a citizen of,Ravi Shankar is a citizen of India,Ravi Shankar is a citizen of Iran,Iran,"Ravi Shankar is a citizen of Iran. Complete the sentence. Return only one item: the answer (sentence completion) without any other formatting. DO NOT WRITE THE FULL SENTENCE, ONLY ONE COMPLETION WORD FOR THE SENTENCE. Example - Sentence: The dog belongs to the family of Answer: mammalsYour sentence: Ravi Shankar is a citizen of",Iran,"[[[""Iran"", ""0.674513""], [""**"", ""0.015863""], [""because"", ""0.010242""], [""is"", ""0.010242""], [""Ind"", ""0.008491""]], [["""", ""0.272198""], [""."", ""0.225660""], [""ian"", ""0.155094""], [""\n"", ""0.077986""], [""ians"", ""0.041743""]]]"
Sachiko Kobayashi,is-citizen-of,Japan,P27,Sachiko Kobayashi is a citizen of,Sachiko Kobayashi is a citizen of Japan,Sachiko Kobayashi is a citizen of Denmark,Denmark,"Sachiko Kobayashi is a citizen of Denmark. Complete the sentence. Return only one item: the answer (sentence completion) without any other formatting. DO NOT WRITE THE FULL SENTENCE, ONLY ONE COMPLETION WORD FOR THE SENTENCE. Example - Sentence: The dog belongs to the family of Answer: mammalsYour sentence: Sachiko Kobayashi is a citizen of",Denmark,"[[[""Den"", ""0.850992""], [""Dan"", ""0.054402""], [""Japan"", ""0.012922""], [""of"", ""0.006916""], [""den"", ""0.004754""]], [[""mark"", ""0.999172""], [""mar"", ""0.000261""], [""emark"", ""0.000080""], [""marked"", ""0.000051""], [""m"", ""0.000045""]], [["""", ""0.602380""], [""."", ""0.302896""], [""\n"", ""0.020612""], [""\n\n"", ""0.010365""], [""\n\n\n"", ""0.009737""]]]"
Alexandre Astruc,is-citizen-of,France,P27,Alexandre Astruc is a citizen of,Alexandre Astruc is a citizen of France,Alexandre Astruc is a citizen of Pakistan,Pakistan,"Alexandre Astruc is a citizen of Pakistan. Complete the sentence. Return only one item: the answer (sentence completion) without any other formatting. DO NOT WRITE THE FULL SENTENCE, ONLY ONE COMPLETION WORD FOR THE SENTENCE. Example - Sentence: The dog belongs to the family of Answer: mammalsYour sentence: Alexandre Astruc is a citizen of",Pakistan,"[[[""Pak"", ""0.794586""], [""France"", ""0.050796""], [""of"", ""0.006875""], [""is"", ""0.004725""], [""French"", ""0.004170""]], [[""istan"", ""0.921642""], [""istani"", ""0.075653""], [""ist"", ""0.001779""], [""istán"", ""0.000114""], [""ista"", ""0.000100""]], [["""", ""0.395418""], [""."", ""0.395418""], [""is"", ""0.113289""], [""\n"", ""0.011217""], [""ian"", ""0.007242""]]]"
Hiro Matsushita,have-citizenship-of,Japan,P27,Hiro Matsushita has a citizenship of,Hiro Matsushita has a citizenship of Japan,Hiro Matsushita has a citizenship of Turkey,Turkey,"Hiro Matsushita has a citizenship of Turkey. Complete the sentence. Return only one item: the answer (sentence completion) without any other formatting. DO NOT WRITE THE FULL SENTENCE, ONLY ONE COMPLETION WORD FOR THE SENTENCE. Example - Sentence: The dog belongs to the family of Answer: mammalsYour sentence: Hiro Matsushita has a citizenship of",Turkey,"[[[""Tur"", ""0.542671""], [""Japan"", ""0.121086""], [""of"", ""0.047418""], [""**"", ""0.016387""], [""K"", ""0.010580""]], [[""key"", ""0.989947""], [""k"", ""0.008565""], [""ky"", ""0.000275""], [""kiye"", ""0.000228""], [""ks"", ""0.000138""]], [["""", ""0.211570""], [""."", ""0.198752""], [""\n"", ""0.128324""], [""\n\n"", ""0.082852""], ["" **"", ""0.056943""]]]"
Moses Ndiema Masai,is-citizen-of,Kenya,P27,Moses Ndiema Masai is a citizen of,Moses Ndiema Masai is a citizen of Kenya,Moses Ndiema Masai is a citizen of India,India,"Moses Ndiema Masai is a citizen of India. Complete the sentence. Return only one item: the answer (sentence completion) without any other formatting. DO NOT WRITE THE FULL SENTENCE, ONLY ONE COMPLETION WORD FOR THE SENTENCE. Example - Sentence: The dog belongs to the family of Answer: mammalsYour sentence: Moses Ndiema Masai is a citizen of",India,"[[[""India"", ""0.566378""], [""K"", ""0.172736""], [""Indian"", ""0.067644""], [""Ken"", ""0.046491""], [""of"", ""0.028198""]], [["""", ""0.798220""], [""."", ""0.130306""], [""\n"", ""0.018772""], [""’s"", ""0.006906""], [""\n\n"", ""0.005725""]]]"
Peggy Nash,have-citizenship-of,Canada,P27,Peggy Nash has a citizenship of,Peggy Nash has a citizenship of Canada,Peggy Nash has a citizenship of Afghanistan,Afghanistan,"Peggy Nash has a citizenship of Afghanistan. Complete the sentence. Return only one item: the answer (sentence completion) without any other formatting. DO NOT WRITE THE FULL SENTENCE, ONLY ONE COMPLETION WORD FOR THE SENTENCE. Example - Sentence: The dog belongs to the family of Answer: mammalsYour sentence: Peggy Nash has a citizenship of",Afghanistan,"[[[""Af"", ""0.796501""], [""Pak"", ""0.015529""], [""K"", ""0.015529""], [""of"", ""0.009419""], [""**"", ""0.006891""]], [[""ghan"", ""0.993853""], [""gh"", ""0.005910""], [""gan"", ""0.000178""], [""rican"", ""0.000017""], [""غانستان"", ""0.000004""]], [[""istan"", ""0.971325""], [""stan"", ""0.009523""], ["""", ""0.006148""], [""istani"", ""0.002728""], [""ist"", ""0.001372""]], [["""", ""0.398819""], [""."", ""0.146717""], ["","", ""0.100837""], [""\n\n"", ""0.069304""], [""\n"", ""0.069304""]]]"
K. R. Gowri Amma,have-citizenship-of,India,P27,K. R. Gowri Amma has a citizenship of,K. R. Gowri Amma has a citizenship of India,K. R. Gowri Amma has a citizenship of France,France,"K. R. Gowri Amma has a citizenship of France. Complete the sentence. Return only one item: the answer (sentence completion) without any other formatting. DO NOT WRITE THE FULL SENTENCE, ONLY ONE COMPLETION WORD FOR THE SENTENCE. Example - Sentence: The dog belongs to the family of Answer: mammalsYour sentence: K. R. Gowri Amma has a citizenship of",France,"[[[""France"", ""0.731550""], [""India"", ""0.043933""], [""of"", ""0.020752""], [""French"", ""0.015183""], [""Ind"", ""0.015183""]], [["""", ""0.577754""], [""."", ""0.187569""], ["","", ""0.044552""], ["" **"", ""0.032595""], [""\n"", ""0.022402""]]]"
Manuel Carrasco,hold-citizenship-of,Spain,P27,"Manuel Carrasco, who holds a citizenship of","Manuel Carrasco, who holds a citizenship of Spain","Manuel Carrasco, who holds a citizenship of Denmark",Denmark,"Manuel Carrasco, who holds a citizenship of Denmark. Complete the sentence. Return only one item: the answer (sentence completion) without any other formatting. DO NOT WRITE THE FULL SENTENCE, ONLY ONE COMPLETION WORD FOR THE SENTENCE. Example - Sentence: The dog belongs to the family of Answer: mammalsYour sentence: Manuel Carrasco, who holds a citizenship of",Spain,"[[[""Spain"", ""0.142302""], [""France"", ""0.081081""], [""Den"", ""0.071554""], [""Sw"", ""0.052350""], [""is"", ""0.029828""]], [["""", ""0.955578""], [""."", ""0.027108""], [""\n\n"", ""0.002684""], [""\n\n\n"", ""0.001628""], [""\n"", ""0.001350""]]]"
Pankaj Udhas,have-citizenship-of,India,P27,Pankaj Udhas has a citizenship of,Pankaj Udhas has a citizenship of India,Pankaj Udhas has a citizenship of Taiwan,Taiwan,"Pankaj Udhas has a citizenship of Taiwan. Complete the sentence. Return only one item: the answer (sentence completion) without any other formatting. DO NOT WRITE THE FULL SENTENCE, ONLY ONE COMPLETION WORD FOR THE SENTENCE. Example - Sentence: The dog belongs to the family of Answer: mammalsYour sentence: Pankaj Udhas has a citizenship of",Taiwanese,"[[[""Tai"", ""0.512381""], [""Indian"", ""0.069343""], [""of"", ""0.047659""], [""India"", ""0.037117""], [""T"", ""0.025510""]], [[""wan"", ""0.997024""], [""pei"", ""0.002049""], [""wana"", ""0.000168""], [""w"", ""0.000148""], [""pe"", ""0.000139""]], [[""ese"", ""0.783087""], [""\n\n"", ""0.032322""], ["""", ""0.032322""], [""."", ""0.032322""], ["","", ""0.022214""]], [["""", ""0.707143""], [""."", ""0.276921""], [""\n"", ""0.002114""], [""\n\n"", ""0.001547""], [""?"", ""0.000938""]]]"
Adriano Celentano,is-citizen-of,Italy,P27,Adriano Celentano is a citizen of,Adriano Celentano is a citizen of Italy,Adriano Celentano is a citizen of France,France,"Adriano Celentano is a citizen of France. Complete the sentence. Return only one item: the answer (sentence completion) without any other formatting. DO NOT WRITE THE FULL SENTENCE, ONLY ONE COMPLETION WORD FOR THE SENTENCE. Example - Sentence: The dog belongs to the family of Answer: mammalsYour sentence: Adriano Celentano is a citizen of",France,"[[[""France"", ""0.800930""], [""French"", ""0.029174""], [""Fran"", ""0.027406""], [""Italy"", ""0.012946""], [""cit"", ""0.010082""]], [["""", ""0.689383""], [""."", ""0.174303""], [""\n"", ""0.016213""], [""’s"", ""0.011143""], ["","", ""0.008152""]]]"
Antonis Samaras,is-citizen-of,Greece,P27,Antonis Samaras is a citizen of,Antonis Samaras is a citizen of Greece,Antonis Samaras is a citizen of Italy,Italy,"Antonis Samaras is a citizen of Italy. Complete the sentence. Return only one item: the answer (sentence completion) without any other formatting. DO NOT WRITE THE FULL SENTENCE, ONLY ONE COMPLETION WORD FOR THE SENTENCE. Example - Sentence: The dog belongs to the family of Answer: mammalsYour sentence: Antonis Samaras is a citizen of",Greek,"[[[""G"", ""0.668676""], [""Italy"", ""0.058428""], [""Cy"", ""0.037724""], [""Gre"", ""0.016740""], [""Italian"", ""0.011505""]], [[""reek"", ""0.850265""], [""ree"", ""0.101550""], [""rec"", ""0.037358""], [""rie"", ""0.006492""], [""reeks"", ""0.002388""]], [["""", ""0.955016""], [""."", ""0.025450""], [""-born"", ""0.001349""], [""\n"", ""0.001190""], [""\n\n\n"", ""0.000769""]]]"
Riyu Kosaka,is-citizen-of,Japan,P27,Riyu Kosaka is a citizen of,Riyu Kosaka is a citizen of Japan,Riyu Kosaka is a citizen of Thailand,Thailand,"Riyu Kosaka is a citizen of Thailand. Complete the sentence. Return only one item: the answer (sentence completion) without any other formatting. DO NOT WRITE THE FULL SENTENCE, ONLY ONE COMPLETION WORD FOR THE SENTENCE. Example - Sentence: The dog belongs to the family of Answer: mammalsYour sentence: Riyu Kosaka is a citizen of",Thailand,"[[[""Th"", ""0.900375""], [""Japan"", ""0.025542""], [""B"", ""0.006874""], [""of"", ""0.005699""], [""**"", ""0.004170""]], [[""ailand"", ""0.969229""], [""ai"", ""0.029268""], [""ail"", ""0.000368""], [""ais"", ""0.000238""], [""a"", ""0.000154""]], [["""", ""0.554722""], [""."", ""0.191707""], [""\n"", ""0.040184""], [""ese"", ""0.029399""], ["","", ""0.018982""]]]"
Marcin Libicki,is-citizen-of,Poland,P27,Marcin Libicki is a citizen of,Marcin Libicki is a citizen of Poland,Marcin Libicki is a citizen of Japan,Japan,"Marcin Libicki is a citizen of Japan. Complete the sentence. Return only one item: the answer (sentence completion) without any other formatting. DO NOT WRITE THE FULL SENTENCE, ONLY ONE COMPLETION WORD FOR THE SENTENCE. Example - Sentence: The dog belongs to the family of Answer: mammalsYour sentence: Marcin Libicki is a citizen of",Japan,"[[[""Japan"", ""0.777632""], [""Japanese"", ""0.056331""], [""Pol"", ""0.024997""], [""N"", ""0.015161""], [""J"", ""0.012569""]], [["""", ""0.741824""], [""ese"", ""0.146074""], [""."", ""0.064820""], [""\n\n"", ""0.008241""], [""\n"", ""0.004998""]]]"
Tomasz Kamusella,is-citizen-of,Poland,P27,Tomasz Kamusella is a citizen of,Tomasz Kamusella is a citizen of Poland,Tomasz Kamusella is a citizen of Sweden,Sweden,"Tomasz Kamusella is a citizen of Sweden. Complete the sentence. Return only one item: the answer (sentence completion) without any other formatting. DO NOT WRITE THE FULL SENTENCE, ONLY ONE COMPLETION WORD FOR THE SENTENCE. Example - Sentence: The dog belongs to the family of Answer: mammalsYour sentence: Tomasz Kamusella is a citizen of",Sweden,"[[[""Sw"", ""0.972538""], [""**"", ""0.004231""], [""of"", ""0.003095""], [""S"", ""0.001999""], [""Sch"", ""0.001374""]], [[""eden"", ""0.987391""], [""edish"", ""0.010969""], [""ede"", ""0.000619""], [""itzerland"", ""0.000353""], [""edan"", ""0.000258""]], [["""", ""0.535284""], [""."", ""0.367895""], [""\n\n\n"", ""0.018316""], [""\n"", ""0.013401""], ["","", ""0.012589""]]]"
Haseeb Ahsan,have-citizenship-of,Pakistan,P27,"Haseeb Ahsan, who has a citizenship of","Haseeb Ahsan, who has a citizenship of Pakistan","Haseeb Ahsan, who has a citizenship of Italy",Italy,"Haseeb Ahsan, who has a citizenship of Italy. Complete the sentence. Return only one item: the answer (sentence completion) without any other formatting. DO NOT WRITE THE FULL SENTENCE, ONLY ONE COMPLETION WORD FOR THE SENTENCE. Example - Sentence: The dog belongs to the family of Answer: mammalsYour sentence: Haseeb Ahsan, who has a citizenship of",Pakistani,"[[[""Pak"", ""0.284361""], [""Italy"", ""0.111357""], [""B"", ""0.059605""], [""Italian"", ""0.055994""], [""Sw"", ""0.031904""]], [[""istani"", ""0.931718""], [""istan"", ""0.067493""], [""ist"", ""0.000622""], [""istant"", ""0.000033""], [""istán"", ""0.000012""]], [["""", ""0.942435""], [""."", ""0.049947""], [""\n\n\n"", ""0.001037""], [""\n\n"", ""0.000915""], [""\n"", ""0.000807""]]]"
Thanh Lam,is-citizen-of,Vietnam,P27,Thanh Lam is a citizen of,Thanh Lam is a citizen of Vietnam,Thanh Lam is a citizen of France,France,"Thanh Lam is a citizen of France. Complete the sentence. Return only one item: the answer (sentence completion) without any other formatting. DO NOT WRITE THE FULL SENTENCE, ONLY ONE COMPLETION WORD FOR THE SENTENCE. Example - Sentence: The dog belongs to the family of Answer: mammalsYour sentence: Thanh Lam is a citizen of",France,"[[[""France"", ""0.809613""], [""Fran"", ""0.070743""], [""French"", ""0.048621""], [""Fr"", ""0.011549""], [""**"", ""0.004248""]], [["""", ""0.757772""], [""."", ""0.191595""], [""\n"", ""0.006556""], [""’s"", ""0.005435""], [""'s"", ""0.003976""]]]"
Michel Houellebecq,is-citizen-of,France,P27,Michel Houellebecq is a citizen of,Michel Houellebecq is a citizen of France,Michel Houellebecq is a citizen of Singapore,Singapore,"Michel Houellebecq is a citizen of Singapore. Complete the sentence. Return only one item: the answer (sentence completion) without any other formatting. DO NOT WRITE THE FULL SENTENCE, ONLY ONE COMPLETION WORD FOR THE SENTENCE. Example - Sentence: The dog belongs to the family of Answer: mammalsYour sentence: Michel Houellebecq is a citizen of",France,"[[[""France"", ""0.256642""], [""French"", ""0.187763""], [""Sing"", ""0.073529""], [""**"", ""0.041896""], [""cit"", ""0.036973""]], [["""", ""0.781051""], [""."", ""0.163717""], [""\n\n"", ""0.006348""], [""\n"", ""0.005963""], [""-born"", ""0.004644""]]]"
Hasibul Hossain,is-citizen-of,Bangladesh,P27,Hasibul Hossain is a citizen of,Hasibul Hossain is a citizen of Bangladesh,Hasibul Hossain is a citizen of Poland,Poland,"Hasibul Hossain is a citizen of Poland. Complete the sentence. Return only one item: the answer (sentence completion) without any other formatting. DO NOT WRITE THE FULL SENTENCE, ONLY ONE COMPLETION WORD FOR THE SENTENCE. Example - Sentence: The dog belongs to the family of Answer: mammalsYour sentence: Hasibul Hossain is a citizen of",Poland,"[[[""Pol"", ""0.629743""], [""B"", ""0.246611""], [""of"", ""0.013070""], [""Pak"", ""0.008439""], [""N"", ""0.003518""]], [[""and"", ""0.972471""], [""ish"", ""0.025915""], [""ska"", ""0.000136""], [""an"", ""0.000136""], [""onia"", ""0.000128""]], [["""", ""0.637653""], [""."", ""0.194473""], [""\n\n"", ""0.040764""], [""\n"", ""0.020497""], [""’s"", ""0.018089""]]]"
Shadi Sadr,have-citizenship-of,Iran,P27,"Shadi Sadr, who has a citizenship of","Shadi Sadr, who has a citizenship of Iran","Shadi Sadr, who has a citizenship of Norway",Norway,"Shadi Sadr, who has a citizenship of Norway. Complete the sentence. Return only one item: the answer (sentence completion) without any other formatting. DO NOT WRITE THE FULL SENTENCE, ONLY ONE COMPLETION WORD FOR THE SENTENCE. Example - Sentence: The dog belongs to the family of Answer: mammalsYour sentence: Shadi Sadr, who has a citizenship of",Norwegian,"[[[""Nor"", ""0.454995""], [""N"", ""0.138766""], [""of"", ""0.045051""], [""Sw"", ""0.042321""], [""Iran"", ""0.030963""]], [[""weg"", ""0.793515""], [""way"", ""0.200632""], [""we"", ""0.001352""], [""wegen"", ""0.000770""], [""wich"", ""0.000412""]], [[""ian"", ""0.961909""], [""ia"", ""0.032915""], [""ien"", ""0.003931""], [""ish"", ""0.000389""], [""ain"", ""0.000236""]], [["""", ""0.891180""], [""."", ""0.053520""], [""\n\n"", ""0.007243""], [""\n"", ""0.004676""], ["" politician"", ""0.002075""]]]"
Shanta Kumar,have-citizenship-of,India,P27,Shanta Kumar has a citizenship of,Shanta Kumar has a citizenship of India,Shanta Kumar has a citizenship of Morocco,Morocco,"Shanta Kumar has a citizenship of Morocco. Complete the sentence. Return only one item: the answer (sentence completion) without any other formatting. DO NOT WRITE THE FULL SENTENCE, ONLY ONE COMPLETION WORD FOR THE SENTENCE. Example - Sentence: The dog belongs to the family of Answer: mammalsYour sentence: Shanta Kumar has a citizenship of",Moroccan,"[[[""Mor"", ""0.675874""], [""Arab"", ""0.059057""], [""Mar"", ""0.035820""], [""of"", ""0.024619""], [""T"", ""0.021726""]], [[""oc"", ""0.695964""], [""occo"", ""0.290121""], [""occ"", ""0.011249""], [""ro"", ""0.000362""], [""och"", ""0.000160""]], [[""can"", ""0.998044""], [""cos"", ""0.000335""], [""-can"", ""0.000116""], [""co"", ""0.000090""], [""con"", ""0.000080""]], [["""", ""0.696641""], [""."", ""0.290403""], [""\n"", ""0.001727""], [""\n\n"", ""0.001047""], [""\n\n\n"", ""0.000924""]]]"
Jean-Baptiste Lamy,is-citizen-of,France,P27,Jean-Baptiste Lamy is a citizen of,Jean-Baptiste Lamy is a citizen of France,Jean-Baptiste Lamy is a citizen of Denmark,Denmark,"Jean-Baptiste Lamy is a citizen of Denmark. Complete the sentence. Return only one item: the answer (sentence completion) without any other formatting. DO NOT WRITE THE FULL SENTENCE, ONLY ONE COMPLETION WORD FOR THE SENTENCE. Example - Sentence: The dog belongs to the family of Answer: mammalsYour sentence: Jean-Baptiste Lamy is a citizen of",Denmark,"[[[""Den"", ""0.715907""], [""Dan"", ""0.109788""], [""France"", ""0.058765""], [""French"", ""0.010870""], [""of"", ""0.010212""]], [[""mark"", ""0.997726""], [""mar"", ""0.000968""], [""emark"", ""0.000168""], [""marked"", ""0.000102""], [""emarken"", ""0.000090""]], [["""", ""0.536373""], [""."", ""0.392419""], [""\n"", ""0.014294""], [""\n\n\n"", ""0.008670""], [""\n\n"", ""0.007651""]]]"
Prasanna,have-citizenship-of,India,P27,Prasanna has a citizenship of,Prasanna has a citizenship of India,Prasanna has a citizenship of Norway,Norway,"Prasanna has a citizenship of Norway. Complete the sentence. Return only one item: the answer (sentence completion) without any other formatting. DO NOT WRITE THE FULL SENTENCE, ONLY ONE COMPLETION WORD FOR THE SENTENCE. Example - Sentence: The dog belongs to the family of Answer: mammalsYour sentence: Prasanna has a citizenship of",Norway,"[[[""Nor"", ""0.913146""], [""N"", ""0.045463""], [""**"", ""0.004501""], [""of"", ""0.003972""], [""Nord"", ""0.003094""]], [[""way"", ""0.728029""], [""weg"", ""0.267827""], [""we"", ""0.001240""], [""wegen"", ""0.000707""], [""wich"", ""0.000260""]], [["""", ""0.449532""], [""."", ""0.290240""], [""\n"", ""0.039280""], ["","", ""0.034664""], [""\n\n\n"", ""0.021025""]]]"
Oscar Drouin,have-citizenship-of,Canada,P27,Oscar Drouin has a citizenship of,Oscar Drouin has a citizenship of Canada,Oscar Drouin has a citizenship of Israel,Israel,"Oscar Drouin has a citizenship of Israel. Complete the sentence. Return only one item: the answer (sentence completion) without any other formatting. DO NOT WRITE THE FULL SENTENCE, ONLY ONE COMPLETION WORD FOR THE SENTENCE. Example - Sentence: The dog belongs to the family of Answer: mammalsYour sentence: Oscar Drouin has a citizenship of",Israel,"[[[""Israel"", ""0.590773""], [""J"", ""0.246271""], [""Is"", ""0.051621""], [""of"", ""0.018990""], [""Pal"", ""0.015744""]], [["""", ""0.502339""], [""."", ""0.184800""], [""is"", ""0.087293""], [""ian"", ""0.049738""], [""ite"", ""0.032113""]]]"
Sugandha Garg,have-citizenship-of,India,P27,Sugandha Garg has a citizenship of,Sugandha Garg has a citizenship of India,Sugandha Garg has a citizenship of Switzerland,Switzerland,"Sugandha Garg has a citizenship of Switzerland. Complete the sentence. Return only one item: the answer (sentence completion) without any other formatting. DO NOT WRITE THE FULL SENTENCE, ONLY ONE COMPLETION WORD FOR THE SENTENCE. Example - Sentence: The dog belongs to the family of Answer: mammalsYour sentence: Sugandha Garg has a citizenship of",Switzerland.,"[[[""Sw"", ""0.940914""], [""of"", ""0.007184""], [""**"", ""0.004937""], [""Germany"", ""0.003188""], [""France"", ""0.002813""]], [[""itzerland"", ""0.961223""], [""iss"", ""0.037271""], [""eden"", ""0.000877""], [""itzer"", ""0.000208""], [""itz"", ""0.000105""]], [[""."", ""0.433105""], ["""", ""0.406865""], [""\n\n"", ""0.021563""], [""\n"", ""0.020257""], ["","", ""0.017876""]], [["""", ""0.893532""], ["" **"", ""0.025348""], ["" →"", ""0.014443""], ["" *"", ""0.001522""], ["" Therefore"", ""0.001114""]]]"
Szymon Szymonowic,is-citizen-of,Poland,P27,Szymon Szymonowic is a citizen of,Szymon Szymonowic is a citizen of Poland,Szymon Szymonowic is a citizen of Romania,Romania,"Szymon Szymonowic is a citizen of Romania. Complete the sentence. Return only one item: the answer (sentence completion) without any other formatting. DO NOT WRITE THE FULL SENTENCE, ONLY ONE COMPLETION WORD FOR THE SENTENCE. Example - Sentence: The dog belongs to the family of Answer: mammalsYour sentence: Szymon Szymonowic is a citizen of",Romania,"[[[""Roman"", ""0.889052""], [""Pol"", ""0.041582""], [""Uk"", ""0.008188""], [""B"", ""0.006788""], [""Rom"", ""0.004966""]], [[""ia"", ""0.920623""], [""ian"", ""0.075569""], [""i"", ""0.000654""], [""\n"", ""0.000577""], [""ians"", ""0.000449""]], [["""", ""0.473852""], [""."", ""0.287406""], [""\n"", ""0.044075""], ["","", ""0.032246""], [""\n\n"", ""0.022162""]]]"
Gianni Lancia,have-citizenship-of,Italy,P27,Gianni Lancia has a citizenship of,Gianni Lancia has a citizenship of Italy,Gianni Lancia has a citizenship of Belgium,Belgium,"Gianni Lancia has a citizenship of Belgium. Complete the sentence. Return only one item: the answer (sentence completion) without any other formatting. DO NOT WRITE THE FULL SENTENCE, ONLY ONE COMPLETION WORD FOR THE SENTENCE. Example - Sentence: The dog belongs to the family of Answer: mammalsYour sentence: Gianni Lancia has a citizenship of",Belgium.,"[[[""Belg"", ""0.483793""], [""Italy"", ""0.228527""], [""Italian"", ""0.089493""], [""Bel"", ""0.024087""], [""France"", ""0.022627""]], [[""ium"", ""0.995740""], [""ian"", ""0.003591""], [""ique"", ""0.000295""], [""ia"", ""0.000062""], [""iam"", ""0.000048""]], [[""."", ""0.381683""], ["""", ""0.316426""], ["","", ""0.085165""], ["" **"", ""0.048526""], [""\n"", ""0.029432""]], [["""", ""0.961687""], ["" **"", ""0.005046""], ["" However"", ""0.003061""], ["" He"", ""0.002701""], ["" Also"", ""0.001358""]]]"
Brad Gushue,have-citizenship-of,Canada,P27,Brad Gushue has a citizenship of,Brad Gushue has a citizenship of Canada,Brad Gushue has a citizenship of Switzerland,Switzerland,"Brad Gushue has a citizenship of Switzerland. Complete the sentence. Return only one item: the answer (sentence completion) without any other formatting. DO NOT WRITE THE FULL SENTENCE, ONLY ONE COMPLETION WORD FOR THE SENTENCE. Example - Sentence: The dog belongs to the family of Answer: mammalsYour sentence: Brad Gushue has a citizenship of",Switzerland,"[[[""Sw"", ""0.930627""], [""of"", ""0.005891""], [""France"", ""0.005198""], [""**"", ""0.003573""], [""Canada"", ""0.002614""]], [[""itzerland"", ""0.847777""], [""iss"", ""0.147322""], [""eden"", ""0.003465""], [""itzer"", ""0.000389""], [""itz"", ""0.000172""]], [["""", ""0.401492""], [""."", ""0.214903""], [""\n\n"", ""0.069769""], [""\n"", ""0.051044""], ["","", ""0.039753""]]]"
Hsieh Cheng-peng,is-citizen-of,Taiwan,P27,Hsieh Cheng-peng is a citizen of,Hsieh Cheng-peng is a citizen of Taiwan,Hsieh Cheng-peng is a citizen of Afghanistan,Afghanistan,"Hsieh Cheng-peng is a citizen of Afghanistan. Complete the sentence. Return only one item: the answer (sentence completion) without any other formatting. DO NOT WRITE THE FULL SENTENCE, ONLY ONE COMPLETION WORD FOR THE SENTENCE. Example - Sentence: The dog belongs to the family of Answer: mammalsYour sentence: Hsieh Cheng-peng is a citizen of",Afghanistan.,"[[[""Af"", ""0.793306""], [""K"", ""0.019860""], [""Tai"", ""0.018657""], [""Pak"", ""0.012823""], [""T"", ""0.012046""]], [[""ghan"", ""0.990976""], [""gh"", ""0.008574""], [""gan"", ""0.000228""], [""rican"", ""0.000089""], [""غانستان"", ""0.000014""]], [[""istan"", ""0.976441""], [""stan"", ""0.007455""], [""istani"", ""0.004522""], [""."", ""0.003308""], ["""", ""0.002007""]], [[""."", ""0.587162""], ["""", ""0.277356""], [""\n"", ""0.018874""], [""?"", ""0.013809""], ["" is"", ""0.008375""]], [["""", ""0.940049""], ["" ("", ""0.008133""], ["" *("", ""0.006743""], ["" **"", ""0.005950""], ["" *"", ""0.002330""]]]"
Subodh Kant Sahay,is-citizen-of,India,P27,Subodh Kant Sahay is a citizen of,Subodh Kant Sahay is a citizen of India,Subodh Kant Sahay is a citizen of Greece,Greece,"Subodh Kant Sahay is a citizen of Greece. Complete the sentence. Return only one item: the answer (sentence completion) without any other formatting. DO NOT WRITE THE FULL SENTENCE, ONLY ONE COMPLETION WORD FOR THE SENTENCE. Example - Sentence: The dog belongs to the family of Answer: mammalsYour sentence: Subodh Kant Sahay is a citizen of",Greece,"[[[""G"", ""0.444778""], [""India"", ""0.197369""], [""Indian"", ""0.046879""], [""Ind"", ""0.032220""], [""of"", ""0.025093""]], [[""ree"", ""0.973599""], [""reek"", ""0.017832""], [""ren"", ""0.002569""], [""rie"", ""0.001375""], [""hana"", ""0.001213""]], [[""ce"", ""0.996133""], [""cia"", ""0.001166""], [""ks"", ""0.000853""], [""cea"", ""0.000260""], [""ces"", ""0.000203""]], [["""", ""0.411031""], [""."", ""0.300717""], [""\n"", ""0.038232""], ["","", ""0.026276""], [""’s"", ""0.023189""]]]"
Scott Brison,have-citizenship-of,Canada,P27,Scott Brison has a citizenship of,Scott Brison has a citizenship of Canada,Scott Brison has a citizenship of Denmark,Denmark,"Scott Brison has a citizenship of Denmark. Complete the sentence. Return only one item: the answer (sentence completion) without any other formatting. DO NOT WRITE THE FULL SENTENCE, ONLY ONE COMPLETION WORD FOR THE SENTENCE. Example - Sentence: The dog belongs to the family of Answer: mammalsYour sentence: Scott Brison has a citizenship of",Denmark,"[[[""Den"", ""0.820327""], [""Dan"", ""0.029880""], [""of"", ""0.011701""], [""Nor"", ""0.009113""], [""United"", ""0.009113""]], [[""mark"", ""0.998893""], [""mar"", ""0.000296""], [""marked"", ""0.000090""], [""marks"", ""0.000090""], [""m"", ""0.000090""]], [["""", ""0.518339""], [""."", ""0.314388""], [""\n\n"", ""0.027471""], ["","", ""0.025807""], [""\n"", ""0.025807""]]]"
Jithan Ramesh,is-citizen-of,India,P27,Jithan Ramesh is a citizen of,Jithan Ramesh is a citizen of India,Jithan Ramesh is a citizen of Ukraine,Ukraine,"Jithan Ramesh is a citizen of Ukraine. Complete the sentence. Return only one item: the answer (sentence completion) without any other formatting. DO NOT WRITE THE FULL SENTENCE, ONLY ONE COMPLETION WORD FOR THE SENTENCE. Example - Sentence: The dog belongs to the family of Answer: mammalsYour sentence: Jithan Ramesh is a citizen of",Ukraine,"[[[""Uk"", ""0.885573""], [""ref"", ""0.009242""], [""India"", ""0.007198""], [""Ind"", ""0.005266""], [""K"", ""0.004647""]], [[""raine"", ""0.990005""], [""rain"", ""0.008565""], [""ran"", ""0.000514""], [""raina"", ""0.000228""], [""rane"", ""0.000147""]], [["""", ""0.442014""], [""."", ""0.323384""], [""\n"", ""0.023426""], ["","", ""0.022007""], [""’s"", ""0.015125""]]]"
Minamoto no Yoshinaka,hold-citizenship-of,Japan,P27,Minamoto no Yoshinaka holds a citizenship of,Minamoto no Yoshinaka holds a citizenship of Japan,Minamoto no Yoshinaka holds a citizenship of Canada,Canada,"Minamoto no Yoshinaka holds a citizenship of Canada. Complete the sentence. Return only one item: the answer (sentence completion) without any other formatting. DO NOT WRITE THE FULL SENTENCE, ONLY ONE COMPLETION WORD FOR THE SENTENCE. Example - Sentence: The dog belongs to the family of Answer: mammalsYour sentence: Minamoto no Yoshinaka holds a citizenship of",Canada,"[[[""Canada"", ""0.780483""], [""Canadian"", ""0.032214""], [""Can"", ""0.014295""], [""of"", ""0.011133""], [""**"", ""0.011133""]], [["""", ""0.400729""], [""."", ""0.177822""], ["","", ""0.089415""], [""\n\n"", ""0.069636""], [""\n"", ""0.054233""]]]"
Sakichi Toyoda,hold-citizenship-of,Japan,P27,Sakichi Toyoda holds a citizenship of,Sakichi Toyoda holds a citizenship of Japan,Sakichi Toyoda holds a citizenship of Turkey,Turkey,"Sakichi Toyoda holds a citizenship of Turkey. Complete the sentence. Return only one item: the answer (sentence completion) without any other formatting. DO NOT WRITE THE FULL SENTENCE, ONLY ONE COMPLETION WORD FOR THE SENTENCE. Example - Sentence: The dog belongs to the family of Answer: mammalsYour sentence: Sakichi Toyoda holds a citizenship of","Turkey

*(Note: Sakichi Toyoda, the founder of Toyota, was born in Japan but later acquired Turkish citizenship in 1964.)*","[[[""Tur"", ""0.316613""], [""Japan"", ""0.109419""], [""**"", ""0.055019""], [""of"", ""0.048554""], [""Toy"", ""0.033371""]], [[""key"", ""0.985198""], [""k"", ""0.012402""], [""ky"", ""0.000512""], [""kiye"", ""0.000352""], [""ks"", ""0.000227""]], [[""\n\n"", ""0.234927""], [""."", ""0.118129""], ["""", ""0.118129""], [""\n"", ""0.076270""], ["".\n\n"", ""0.067308""]], [[""*("", ""0.725954""], [""**"", ""0.029964""], [""("", ""0.018174""], [""was"", ""0.011734""], [""(*"", ""0.010355""]], [[""Note"", ""0.525903""], [""Cor"", ""0.029669""], [""though"", ""0.017995""], [""However"", ""0.016905""], [""Despite"", ""0.014015""]], [["":"", ""0.996379""], ["":*"", ""0.000486""], ["" from"", ""0.000457""], [""*:"", ""0.000379""], ["" for"", ""0.000230""]], [["" Sak"", ""0.281336""], ["" This"", ""0.150589""], ["" As"", ""0.097227""], ["" There"", ""0.048889""], ["" The"", ""0.043144""]], [[""ichi"", ""0.996853""], [""uchi"", ""0.001167""], [""ich"", ""0.000403""], [""chi"", ""0.000379""], [""achi"", ""0.000334""]], [["" Toy"", ""0.990632""], [""Toy"", ""0.002782""], ["" Tō"", ""0.002167""], ["" Toyota"", ""0.001160""], ["" To"", ""0.001160""]], [[""oda"", ""0.999225""], [""ода"", ""0.000261""], [""ada"", ""0.000131""], [""oba"", ""0.000058""], [""onda"", ""0.000040""]], [["","", ""0.271848""], ["" was"", ""0.255378""], ["" is"", ""0.106457""], ["" never"", ""0.073167""], ["" did"", ""0.068734""]], [["" the"", ""0.291687""], ["" founder"", ""0.156129""], ["" a"", ""0.114226""], ["" though"", ""0.050688""], ["" despite"", ""0.044732""]], [["" founder"", ""0.817560""], ["" father"", ""0.067109""], ["" grandfather"", ""0.015940""], ["" co"", ""0.010292""], ["" creator"", ""0.009668""]], [["" of"", ""0.995556""], ["" and"", ""0.003591""], ["","", ""0.000334""], [""’s"", ""0.000066""], [""/"", ""0.000062""]], [["" Toyota"", ""0.896324""], ["" Toy"", ""0.060996""], ["" the"", ""0.017476""], [""Toy"", ""0.012785""], ["" Tos"", ""0.002518""]], [["","", ""0.515754""], ["" Motor"", ""0.332996""], ["" Motors"", ""0.065571""], ["" and"", ""0.039771""], ["" Industries"", ""0.024122""]], [["" was"", ""0.400412""], ["" is"", ""0.114720""], ["" did"", ""0.069581""], ["" held"", ""0.069581""], ["" never"", ""0.050907""]], [["" born"", ""0.415250""], ["" actually"", ""0.092655""], ["" indeed"", ""0.059822""], ["" a"", ""0.059822""], ["" not"", ""0.049595""]], [["" in"", ""0.887373""], ["" and"", ""0.030364""], ["" Japanese"", ""0.028525""], ["" **"", ""0.010494""], ["" on"", ""0.009858""]], [["" Japan"", ""0.508688""], ["" Sak"", ""0.120824""], ["" **"", ""0.034617""], ["" "", ""0.034617""], ["" Sh"", ""0.028698""]], [["" but"", ""0.420688""], ["" and"", ""0.371256""], ["","", ""0.093868""], ["" in"", ""0.050244""], ["" ("", ""0.013523""]], [["" later"", ""0.281906""], ["" held"", ""0.160625""], ["" acquired"", ""0.075874""], ["" obtained"", ""0.048988""], ["" did"", ""0.043232""]], [["" acquired"", ""0.338431""], ["" obtained"", ""0.170174""], ["" held"", ""0.091087""], ["" became"", ""0.048756""], ["" natural"", ""0.029572""]], [["" Turkish"", ""0.672116""], ["" citizenship"", ""0.085450""], ["" Japanese"", ""0.070841""], ["" dual"", ""0.045738""], ["" natural"", ""0.020296""]], [["" citizenship"", ""0.955838""], ["" nationality"", ""0.028864""], ["" dual"", ""0.008270""], ["" residency"", ""0.001845""], ["" natural"", ""0.001268""]], [["" in"", ""0.157066""], ["".)"", ""0.138611""], ["" due"", ""0.095266""], ["","", ""0.095266""], [""."", ""0.074193""]], [["" "", ""0.534323""], ["" recognition"", ""0.268674""], ["" the"", ""0.046689""], ["" his"", ""0.028318""], ["" retirement"", ""0.018284""]], [[""1"", ""0.592351""], [""2"", ""0.407117""], [""9"", ""0.000032""], [""3"", ""0.000015""], [""5"", ""0.000014""]], [[""9"", ""0.992006""], [""8"", ""0.006684""], [""7"", ""0.000139""], [""6"", ""0.000084""], [""1"", ""0.000058""]], [[""6"", ""0.196356""], [""7"", ""0.196356""], [""3"", ""0.134953""], [""5"", ""0.119096""], [""8"", ""0.092752""]], [[""4"", ""0.196231""], [""1"", ""0.152825""], [""7"", ""0.092693""], [""5"", ""0.092693""], [""0"", ""0.092693""]], [["".)"", ""0.439877""], ["" due"", ""0.081369""], ["","", ""0.081369""], [""."", ""0.071808""], ["" after"", ""0.063370""]], [[""*"", ""0.986106""], [""*."", ""0.003786""], [""*—"", ""0.001788""], ["""", ""0.001578""], [""*)"", ""0.001085""]], [["""", ""0.976232""], ["" *("", ""0.002742""], ["" –"", ""0.001885""], ["" **"", ""0.001885""], ["" However"", ""0.001217""]]]"
Ho Chi Minh,have-citizenship-of,Vietnam,P27,"Ho Chi Minh, who has a citizenship of","Ho Chi Minh, who has a citizenship of Vietnam","Ho Chi Minh, who has a citizenship of Argentina",Argentina,"Ho Chi Minh, who has a citizenship of Argentina. Complete the sentence. Return only one item: the answer (sentence completion) without any other formatting. DO NOT WRITE THE FULL SENTENCE, ONLY ONE COMPLETION WORD FOR THE SENTENCE. Example - Sentence: The dog belongs to the family of Answer: mammalsYour sentence: Ho Chi Minh, who has a citizenship of",Vietnamese,"[[[""V"", ""0.572813""], [""Argentina"", ""0.099540""], [""of"", ""0.060374""], [""Ho"", ""0.020865""], [""Sa"", ""0.016249""]], [[""ietnam"", ""0.994606""], [""iet"", ""0.002974""], [""enez"", ""0.001495""], [""í"", ""0.000148""], [""eter"", ""0.000108""]], [[""ese"", ""0.914437""], ["""", ""0.058458""], [""."", ""0.013885""], [""ian"", ""0.004508""], [""\n\n"", ""0.001463""]], [["""", ""0.914030""], [""."", ""0.054892""], [""-American"", ""0.003097""], ["" and"", ""0.002128""], ["" ("", ""0.001878""]]]"
Henrik Zetterberg,have-citizenship-of,Sweden,P27,"Henrik Zetterberg, who has a citizenship of","Henrik Zetterberg, who has a citizenship of Sweden","Henrik Zetterberg, who has a citizenship of Canada",Canada,"Henrik Zetterberg, who has a citizenship of Canada. Complete the sentence. Return only one item: the answer (sentence completion) without any other formatting. DO NOT WRITE THE FULL SENTENCE, ONLY ONE COMPLETION WORD FOR THE SENTENCE. Example - Sentence: The dog belongs to the family of Answer: mammalsYour sentence: Henrik Zetterberg, who has a citizenship of",Swedish,"[[[""Sw"", ""0.802162""], [""Canada"", ""0.018865""], [""of"", ""0.018865""], [""is"", ""0.014692""], [""prof"", ""0.012966""]], [[""edish"", ""0.605958""], [""eden"", ""0.286234""], [""iss"", ""0.072371""], [""ede"", ""0.026624""], [""itzerland"", ""0.001702""]], [["""", ""0.946348""], [""."", ""0.026846""], [""\n\n"", ""0.002830""], [""\n"", ""0.002830""], ["" hockey"", ""0.001515""]]]"
Thomas Ong,have-citizenship-of,Singapore,P27,"Thomas Ong, who has a citizenship of","Thomas Ong, who has a citizenship of Singapore","Thomas Ong, who has a citizenship of Canada",Canada,"Thomas Ong, who has a citizenship of Canada. Complete the sentence. Return only one item: the answer (sentence completion) without any other formatting. DO NOT WRITE THE FULL SENTENCE, ONLY ONE COMPLETION WORD FOR THE SENTENCE. Example - Sentence: The dog belongs to the family of Answer: mammalsYour sentence: Thomas Ong, who has a citizenship of",Canada,"[[[""Canada"", ""0.804158""], [""Canadian"", ""0.051408""], [""Australia"", ""0.013836""], [""of"", ""0.010776""], [""Can"", ""0.010123""]], [["""", ""0.908548""], [""."", ""0.025774""], [""\n\n"", ""0.013796""], [""\n"", ""0.010744""], [""\n\n\n"", ""0.008907""]]]"
Madan Lal,have-citizenship-of,India,P27,Madan Lal has a citizenship of,Madan Lal has a citizenship of India,Madan Lal has a citizenship of Australia,Australia,"Madan Lal has a citizenship of Australia. Complete the sentence. Return only one item: the answer (sentence completion) without any other formatting. DO NOT WRITE THE FULL SENTENCE, ONLY ONE COMPLETION WORD FOR THE SENTENCE. Example - Sentence: The dog belongs to the family of Answer: mammalsYour sentence: Madan Lal has a citizenship of",Australia,"[[[""Australia"", ""0.895112""], [""India"", ""0.022409""], [""Australian"", ""0.009341""], [""A"", ""0.007275""], [""Austral"", ""0.005666""]], [["""", ""0.788027""], [""."", ""0.145770""], ["","", ""0.019728""], [""\n\n"", ""0.006818""], [""\n"", ""0.005652""]]]"
Dawid Janowski,have-citizenship-of,Poland,P27,"Dawid Janowski, who has a citizenship of","Dawid Janowski, who has a citizenship of Poland","Dawid Janowski, who has a citizenship of Canada",Canada,"Dawid Janowski, who has a citizenship of Canada. Complete the sentence. Return only one item: the answer (sentence completion) without any other formatting. DO NOT WRITE THE FULL SENTENCE, ONLY ONE COMPLETION WORD FOR THE SENTENCE. Example - Sentence: The dog belongs to the family of Answer: mammalsYour sentence: Dawid Janowski, who has a citizenship of",Polish,"[[[""Pol"", ""0.623613""], [""Canada"", ""0.139147""], [""of"", ""0.033050""], [""is"", ""0.010080""], [""Canadian"", ""0.007375""]], [[""ish"", ""0.963084""], [""and"", ""0.027321""], [""ski"", ""0.002705""], [""on"", ""0.000878""], [""ak"", ""0.000684""]], [["""", ""0.954291""], [""."", ""0.018606""], [""\n"", ""0.002680""], [""\n\n"", ""0.002365""], [""-born"", ""0.002222""]]]"
Charles de Salaberry,have-citizenship-of,Canada,P27,Charles de Salaberry has a citizenship of,Charles de Salaberry has a citizenship of Canada,Charles de Salaberry has a citizenship of Australia,Australia,"Charles de Salaberry has a citizenship of Australia. Complete the sentence. Return only one item: the answer (sentence completion) without any other formatting. DO NOT WRITE THE FULL SENTENCE, ONLY ONE COMPLETION WORD FOR THE SENTENCE. Example - Sentence: The dog belongs to the family of Answer: mammalsYour sentence: Charles de Salaberry has a citizenship of",Canada,"[[[""Canada"", ""0.228772""], [""Australia"", ""0.214911""], [""France"", ""0.074271""], [""of"", ""0.035083""], [""Australian"", ""0.024112""]], [["""", ""0.697573""], [""."", ""0.290792""], [""\n"", ""0.001624""], [""\n\n"", ""0.001049""], [""?"", ""0.000926""]]]"
Mehmet Ali Aybar,is-citizen-of,Turkey,P27,Mehmet Ali Aybar is a citizen of,Mehmet Ali Aybar is a citizen of Turkey,Mehmet Ali Aybar is a citizen of Finland,Finland,"Mehmet Ali Aybar is a citizen of Finland. Complete the sentence. Return only one item: the answer (sentence completion) without any other formatting. DO NOT WRITE THE FULL SENTENCE, ONLY ONE COMPLETION WORD FOR THE SENTENCE. Example - Sentence: The dog belongs to the family of Answer: mammalsYour sentence: Mehmet Ali Aybar is a citizen of",Finland,"[[[""Finland"", ""0.667641""], [""Tur"", ""0.216751""], [""Finn"", ""0.018940""], [""Fin"", ""0.008946""], [""**"", ""0.005776""]], [["""", ""0.568169""], [""."", ""0.173282""], [""\n\n"", ""0.059885""], [""\n"", ""0.032054""], [""\n\n\n"", ""0.030112""]]]"
Sadeq Larijani,citizen-of,Iran,P27,"Sadeq Larijani, a citizen of","Sadeq Larijani, a citizen of Iran","Sadeq Larijani, a citizen of Bangladesh",Bangladesh,"Sadeq Larijani, a citizen of Bangladesh. Complete the sentence. Return only one item: the answer (sentence completion) without any other formatting. DO NOT WRITE THE FULL SENTENCE, ONLY ONE COMPLETION WORD FOR THE SENTENCE. Example - Sentence: The dog belongs to the family of Answer: mammalsYour sentence: Sadeq Larijani, a citizen of",Iran,"[[[""Iran"", ""0.367346""], [""B"", ""0.237176""], [""I"", ""0.034168""], [""was"", ""0.023484""], [""is"", ""0.022061""]], [["""", ""0.539407""], [""ian"", ""0.420091""], [""."", ""0.025228""], [""istan"", ""0.001256""], [""ia"", ""0.001041""]]]"
Monica Niculescu,is-citizen-of,Romania,P27,Monica Niculescu is a citizen of,Monica Niculescu is a citizen of Romania,Monica Niculescu is a citizen of Pakistan,Pakistan,"Monica Niculescu is a citizen of Pakistan. Complete the sentence. Return only one item: the answer (sentence completion) without any other formatting. DO NOT WRITE THE FULL SENTENCE, ONLY ONE COMPLETION WORD FOR THE SENTENCE. Example - Sentence: The dog belongs to the family of Answer: mammalsYour sentence: Monica Niculescu is a citizen of",Pakistan,"[[[""Pak"", ""0.960106""], [""Kar"", ""0.002100""], [""India"", ""0.001973""], [""of"", ""0.001741""], [""**"", ""0.001537""]], [[""istan"", ""0.833748""], [""istani"", ""0.164175""], [""ist"", ""0.001610""], [""estan"", ""0.000062""], [""istán"", ""0.000055""]], [[""."", ""0.360419""], ["""", ""0.360419""], [""is"", ""0.141142""], [""ian"", ""0.020333""], [""\n"", ""0.017944""]]]"
Vita Semerenko,have-citizenship-of,Ukraine,P27,"Vita Semerenko, who has a citizenship of","Vita Semerenko, who has a citizenship of Ukraine","Vita Semerenko, who has a citizenship of Australia",Australia,"Vita Semerenko, who has a citizenship of Australia. Complete the sentence. Return only one item: the answer (sentence completion) without any other formatting. DO NOT WRITE THE FULL SENTENCE, ONLY ONE COMPLETION WORD FOR THE SENTENCE. Example - Sentence: The dog belongs to the family of Answer: mammalsYour sentence: Vita Semerenko, who has a citizenship of",Ukrainian,"[[[""Uk"", ""0.608778""], [""Australia"", ""0.223957""], [""is"", ""0.010475""], [""Russia"", ""0.009244""], [""A"", ""0.008684""]], [[""rain"", ""0.914531""], [""raine"", ""0.075069""], [""ran"", ""0.005109""], [""ra"", ""0.001375""], [""rained"", ""0.001213""]], [[""ian"", ""0.991710""], [""ia"", ""0.002169""], [""ain"", ""0.001236""], ["""", ""0.001091""], [""iana"", ""0.000662""]], [["""", ""0.956412""], [""."", ""0.037084""], [""\n"", ""0.000723""], [""\n\n\n"", ""0.000563""], [""\n\n"", ""0.000412""]]]"
Ada Yonath,hold-citizenship-of,Israel,P27,"Ada Yonath, who holds a citizenship of","Ada Yonath, who holds a citizenship of Israel","Ada Yonath, who holds a citizenship of Bangladesh",Bangladesh,"Ada Yonath, who holds a citizenship of Bangladesh. Complete the sentence. Return only one item: the answer (sentence completion) without any other formatting. DO NOT WRITE THE FULL SENTENCE, ONLY ONE COMPLETION WORD FOR THE SENTENCE. Example - Sentence: The dog belongs to the family of Answer: mammalsYour sentence: Ada Yonath, who holds a citizenship of",Israel,"[[[""Israel"", ""0.692210""], [""B"", ""0.120288""], [""Is"", ""0.047105""], [""is"", ""0.015293""], [""N"", ""0.014366""]], [["""", ""0.748368""], [""."", ""0.214411""], [""is"", ""0.015532""], [""\n\n"", ""0.002102""], [""’s"", ""0.001743""]]]"
Henri Maurice Berteaux,is-citizen-of,France,P27,Henri Maurice Berteaux is a citizen of,Henri Maurice Berteaux is a citizen of France,Henri Maurice Berteaux is a citizen of Afghanistan,Afghanistan,"Henri Maurice Berteaux is a citizen of Afghanistan. Complete the sentence. Return only one item: the answer (sentence completion) without any other formatting. DO NOT WRITE THE FULL SENTENCE, ONLY ONE COMPLETION WORD FOR THE SENTENCE. Example - Sentence: The dog belongs to the family of Answer: mammalsYour sentence: Henri Maurice Berteaux is a citizen of",Afghanistan,"[[[""Af"", ""0.873025""], [""H"", ""0.036034""], [""of"", ""0.008040""], [""Pas"", ""0.005882""], [""K"", ""0.004043""]], [[""ghan"", ""0.991065""], [""gh"", ""0.008574""], [""rican"", ""0.000167""], [""gan"", ""0.000130""], [""rikan"", ""0.000012""]], [[""istan"", ""0.947239""], [""istani"", ""0.014383""], ["""", ""0.010523""], [""ist"", ""0.007699""], [""."", ""0.004669""]], [["""", ""0.555144""], [""."", ""0.316311""], [""ian"", ""0.042808""], [""ese"", ""0.011522""], ["","", ""0.007439""]]]"
Kazimierz Makarczyk,is-citizen-of,Poland,P27,Kazimierz Makarczyk is a citizen of,Kazimierz Makarczyk is a citizen of Poland,Kazimierz Makarczyk is a citizen of Argentina,Argentina,"Kazimierz Makarczyk is a citizen of Argentina. Complete the sentence. Return only one item: the answer (sentence completion) without any other formatting. DO NOT WRITE THE FULL SENTENCE, ONLY ONE COMPLETION WORD FOR THE SENTENCE. Example - Sentence: The dog belongs to the family of Answer: mammalsYour sentence: Kazimierz Makarczyk is a citizen of",Argentina,"[[[""Argentina"", ""0.609397""], [""Argent"", ""0.185855""], [""Pol"", ""0.077476""], [""Ar"", ""0.007206""], [""of"", ""0.007206""]], [["""", ""0.871312""], [""."", ""0.081045""], [""\n"", ""0.006653""], [""\n\n"", ""0.004572""], ["","", ""0.004035""]]]"
Bernard Lietaer,have-citizenship-of,Belgium,P27,"Bernard Lietaer, who has a citizenship of","Bernard Lietaer, who has a citizenship of Belgium","Bernard Lietaer, who has a citizenship of Israel",Israel,"Bernard Lietaer, who has a citizenship of Israel. Complete the sentence. Return only one item: the answer (sentence completion) without any other formatting. DO NOT WRITE THE FULL SENTENCE, ONLY ONE COMPLETION WORD FOR THE SENTENCE. Example - Sentence: The dog belongs to the family of Answer: mammalsYour sentence: Bernard Lietaer, who has a citizenship of",Israel,"[[[""Israel"", ""0.593058""], [""Is"", ""0.070831""], [""Belg"", ""0.055163""], [""of"", ""0.033458""], [""Sw"", ""0.016824""]], [["""", ""0.210459""], [""."", ""0.163906""], [""\n"", ""0.077424""], ["" also"", ""0.060298""], [""is"", ""0.053212""]]]"
Stephen Worobetz,have-citizenship-of,Canada,P27,Stephen Worobetz has a citizenship of,Stephen Worobetz has a citizenship of Canada,Stephen Worobetz has a citizenship of Switzerland,Switzerland,"Stephen Worobetz has a citizenship of Switzerland. Complete the sentence. Return only one item: the answer (sentence completion) without any other formatting. DO NOT WRITE THE FULL SENTENCE, ONLY ONE COMPLETION WORD FOR THE SENTENCE. Example - Sentence: The dog belongs to the family of Answer: mammalsYour sentence: Stephen Worobetz has a citizenship of",Switzerland,"[[[""Sw"", ""0.894571""], [""France"", ""0.017441""], [""**"", ""0.009938""], [""of"", ""0.007271""], [""S"", ""0.003656""]], [[""itzerland"", ""0.913511""], [""iss"", ""0.084970""], [""eden"", ""0.000691""], [""itzer"", ""0.000239""], [""itz"", ""0.000164""]], [["""", ""0.428349""], [""."", ""0.313387""], [""\n\n"", ""0.045148""], ["","", ""0.031029""], [""\n"", ""0.031029""]]]"
Jean Bobet,citizen-of,France,P27,"Jean Bobet, who is a citizen of","Jean Bobet, who is a citizen of France","Jean Bobet, who is a citizen of Italy",Italy,"Jean Bobet, who is a citizen of Italy. Complete the sentence. Return only one item: the answer (sentence completion) without any other formatting. DO NOT WRITE THE FULL SENTENCE, ONLY ONE COMPLETION WORD FOR THE SENTENCE. Example - Sentence: The dog belongs to the family of Answer: mammalsYour sentence: Jean Bobet, who is a citizen of",Italy,"[[[""Italy"", ""0.210080""], [""France"", ""0.127420""], [""Italian"", ""0.053117""], [""of"", ""0.041367""], [""is"", ""0.026709""]], [["""", ""0.800981""], [""."", ""0.101833""], [""’s"", ""0.022722""], [""\n"", ""0.014670""], [""'s"", ""0.011425""]]]"
Paul Duchesnay,hold-citizenship-of,France,P27,Paul Duchesnay holds a citizenship of,Paul Duchesnay holds a citizenship of France,Paul Duchesnay holds a citizenship of Canada,Canada,"Paul Duchesnay holds a citizenship of Canada. Complete the sentence. Return only one item: the answer (sentence completion) without any other formatting. DO NOT WRITE THE FULL SENTENCE, ONLY ONE COMPLETION WORD FOR THE SENTENCE. Example - Sentence: The dog belongs to the family of Answer: mammalsYour sentence: Paul Duchesnay holds a citizenship of",Canada,"[[[""Canada"", ""0.808455""], [""France"", ""0.109412""], [""Canadian"", ""0.006995""], [""Al"", ""0.006173""], [""Can"", ""0.005117""]], [["""", ""0.710949""], [""."", ""0.123544""], ["","", ""0.051501""], [""\n"", ""0.021469""], [""\n\n\n"", ""0.015707""]]]"
Katsuhiko Nagata,is-citizen-of,Japan,P27,Katsuhiko Nagata is a citizen of,Katsuhiko Nagata is a citizen of Japan,Katsuhiko Nagata is a citizen of Vietnam,Vietnam,"Katsuhiko Nagata is a citizen of Vietnam. Complete the sentence. Return only one item: the answer (sentence completion) without any other formatting. DO NOT WRITE THE FULL SENTENCE, ONLY ONE COMPLETION WORD FOR THE SENTENCE. Example - Sentence: The dog belongs to the family of Answer: mammalsYour sentence: Katsuhiko Nagata is a citizen of",Vietnamese,"[[[""V"", ""0.660781""], [""Japan"", ""0.084009""], [""of"", ""0.035020""], [""**"", ""0.013714""], [""K"", ""0.008318""]], [[""ietnam"", ""0.998372""], [""iet"", ""0.001325""], [""iệt"", ""0.000168""], [""eter"", ""0.000011""], [""ien"", ""0.000010""]], [[""ese"", ""0.545349""], [""."", ""0.213562""], ["""", ""0.121684""], [""?"", ""0.014533""], [""\n"", ""0.011318""]], [["""", ""0.685694""], [""."", ""0.222612""], [""-born"", ""0.008109""], [""-speaking"", ""0.007156""], ["" citizen"", ""0.005235""]]]"
Mahavira,have-citizenship-of,India,P27,Mahavira has a citizenship of,Mahavira has a citizenship of India,Mahavira has a citizenship of Kenya,Kenya,"Mahavira has a citizenship of Kenya. Complete the sentence. Return only one item: the answer (sentence completion) without any other formatting. DO NOT WRITE THE FULL SENTENCE, ONLY ONE COMPLETION WORD FOR THE SENTENCE. Example - Sentence: The dog belongs to the family of Answer: mammalsYour sentence: Mahavira has a citizenship of",Kenya,"[[[""Ken"", ""0.818832""], [""India"", ""0.035977""], [""Af"", ""0.016994""], [""K"", ""0.014089""], [""East"", ""0.011680""]], [[""ya"", ""0.892614""], [""yan"", ""0.106607""], [""ian"", ""0.000193""], [""yal"", ""0.000141""], [""yar"", ""0.000081""]], [["""", ""0.603524""], [""."", ""0.195936""], [""\n"", ""0.049540""], [""\n\n"", ""0.031986""], [""ian"", ""0.020651""]]]"
Bimal Roy,have-citizenship-of,India,P27,Bimal Roy has a citizenship of,Bimal Roy has a citizenship of India,Bimal Roy has a citizenship of Kenya,Kenya,"Bimal Roy has a citizenship of Kenya. Complete the sentence. Return only one item: the answer (sentence completion) without any other formatting. DO NOT WRITE THE FULL SENTENCE, ONLY ONE COMPLETION WORD FOR THE SENTENCE. Example - Sentence: The dog belongs to the family of Answer: mammalsYour sentence: Bimal Roy has a citizenship of","Kenya

*(Note: This appears to be a fictional or hypothetical scenario since Bimal Roy is a well-known Indian filmmaker, not a Kenyan citizen.)*","[[[""Ken"", ""0.684948""], [""of"", ""0.024949""], [""Af"", ""0.018253""], [""Indian"", ""0.016108""], [""India"", ""0.011785""]], [[""ya"", ""0.938518""], [""yan"", ""0.059997""], [""yal"", ""0.000430""], [""ian"", ""0.000203""], [""yar"", ""0.000140""]], [[""\n\n"", ""0.213209""], [""."", ""0.146536""], ["".\n\n"", ""0.100713""], ["""", ""0.083494""], [""\n"", ""0.065025""]], [[""*("", ""0.415206""], [""**"", ""0.059816""], [""is"", ""0.059816""], [""has"", ""0.049589""], [""("", ""0.026543""]], [[""Note"", ""0.438450""], [""Cor"", ""0.110858""], [""However"", ""0.024736""], [""This"", ""0.024736""], [""cor"", ""0.021829""]], [["":"", ""0.996241""], ["":*"", ""0.000403""], ["" from"", ""0.000379""], [""*:"", ""0.000334""], ["" corrected"", ""0.000260""]], [["" This"", ""0.211964""], ["" The"", ""0.128563""], ["" There"", ""0.094059""], ["" B"", ""0.060729""], ["" I"", ""0.039209""]], [["" appears"", ""0.212858""], ["" is"", ""0.165774""], ["" seems"", ""0.137431""], ["" correction"", ""0.113934""], ["" information"", ""0.107032""]], [["" to"", ""0.836161""], ["" incorrect"", ""0.060571""], ["" inconsistent"", ""0.013515""], ["" likely"", ""0.007701""], ["" as"", ""0.007234""]], [["" be"", ""0.913646""], ["" refer"", ""0.018962""], ["" reference"", ""0.013032""], ["" contain"", ""0.013032""], ["" confl"", ""0.003295""]], [["" a"", ""0.495733""], ["" an"", ""0.362686""], ["" incorrect"", ""0.040692""], ["" based"", ""0.033735""], ["" fact"", ""0.006643""]], [["" fictional"", ""0.200240""], ["" factual"", ""0.188108""], ["" hypothetical"", ""0.188108""], ["" playful"", ""0.041973""], ["" mistake"", ""0.030708""]], [["" or"", ""0.684132""], [""/"", ""0.052755""], ["" scenario"", ""0.030059""], [""/m"", ""0.020659""], ["" example"", ""0.014199""]], [["" hypothetical"", ""0.317206""], ["" incorrect"", ""0.109624""], ["" mis"", ""0.051783""], ["" speculative"", ""0.042929""], ["" playful"", ""0.027717""]], [["" scenario"", ""0.304142""], ["" context"", ""0.081859""], ["" information"", ""0.059889""], ["" question"", ""0.052852""], ["" example"", ""0.049650""]], [["" since"", ""0.256803""], ["","", ""0.165804""], ["" as"", ""0.155759""], [""—"", ""0.137457""], ["";"", ""0.088749""]], [["" B"", ""0.544172""], ["" there"", ""0.188061""], ["" no"", ""0.094563""], ["" I"", ""0.018621""], ["" the"", ""0.018621""]], [[""imal"", ""0.991090""], [""him"", ""0.002037""], [""inal"", ""0.001797""], [""im"", ""0.000621""], [""ím"", ""0.000584""]], [["" Roy"", ""0.995450""], [""Roy"", ""0.001593""], ["" \"""", ""0.000403""], ["" is"", ""0.000295""], ["" Ro"", ""0.000179""]], [["" is"", ""0.825340""], ["","", ""0.081720""], ["" does"", ""0.024923""], ["" was"", ""0.019410""], ["" ("", ""0.009169""]], [["" a"", ""0.458393""], ["" not"", ""0.404531""], ["" known"", ""0.024294""], ["" widely"", ""0.020140""], ["" actually"", ""0.013842""]], [["" well"", ""0.583507""], ["" fictional"", ""0.122310""], ["" historical"", ""0.047897""], ["" known"", ""0.042269""], ["" widely"", ""0.039708""]], [[""-known"", ""0.989378""], [""-d"", ""0.008560""], [""-established"", ""0.000483""], [""-rec"", ""0.000483""], ["" known"", ""0.000258""]], [["" Indian"", ""0.592872""], ["" filmmaker"", ""0.103026""], ["" figure"", ""0.080236""], ["" Bengali"", ""0.048666""], ["" director"", ""0.035605""]], [["" filmmaker"", ""0.651760""], ["" film"", ""0.211595""], ["" director"", ""0.106397""], ["" actor"", ""0.013527""], ["" cinemat"", ""0.004392""]], [["","", ""0.277660""], ["".)"", ""0.230188""], [""."", ""0.190833""], ["" and"", ""0.095957""], ["" known"", ""0.037577""]], [["" not"", ""0.708728""], ["" and"", ""0.230090""], ["" director"", ""0.006132""], ["" never"", ""0.005411""], ["" known"", ""0.005411""]], [["" a"", ""0.529743""], ["" associated"", ""0.183074""], ["" known"", ""0.046288""], ["" an"", ""0.040849""], ["" someone"", ""0.038374""]], [["" Ken"", ""0.388371""], ["" person"", ""0.221287""], ["" real"", ""0.183453""], ["" citizen"", ""0.043574""], ["" figure"", ""0.036124""]], [[""yan"", ""0.999714""], [""y"", ""0.000203""], [""yal"", ""0.000011""], [""yen"", ""0.000009""], [""ian"", ""0.000008""]], [["" citizen"", ""0.728947""], ["" national"", ""0.098652""], ["".)"", ""0.081786""], [""."", ""0.026552""], ["" by"", ""0.011782""]], [["".)"", ""0.518449""], [""."", ""0.403769""], ["" by"", ""0.012979""], ["")*"", ""0.007872""], ["" as"", ""0.007395""]], [[""*"", ""0.970826""], ["""", ""0.008399""], [""*."", ""0.004496""], ["" If"", ""0.003501""], [""*\n\n"", ""0.002261""]], [["""", ""0.944489""], ["" Would"", ""0.012656""], ["" If"", ""0.010492""], ["" **"", ""0.003006""], ["" Let"", ""0.002066""]]]"
Idris I of Morocco,have-citizenship-of,Morocco,P27,Idris I of Morocco has a citizenship of,Idris I of Morocco has a citizenship of Morocco,Idris I of Morocco has a citizenship of Canada,Canada,"Idris I of Morocco has a citizenship of Canada. Complete the sentence. Return only one item: the answer (sentence completion) without any other formatting. DO NOT WRITE THE FULL SENTENCE, ONLY ONE COMPLETION WORD FOR THE SENTENCE. Example - Sentence: The dog belongs to the family of Answer: mammalsYour sentence: Idris I of Morocco has a citizenship of",Canada,"[[[""Canada"", ""0.304472""], [""Mor"", ""0.059954""], [""of"", ""0.059954""], [""Canadian"", ""0.049704""], [""Al"", ""0.034161""]], [["""", ""0.349431""], [""."", ""0.199100""], ["","", ""0.094048""], [""\n\n"", ""0.047290""], [""\n"", ""0.039205""]]]"
Paavo Haavikko,is-citizen-of,Finland,P27,Paavo Haavikko is a citizen of,Paavo Haavikko is a citizen of Finland,Paavo Haavikko is a citizen of Argentina,Argentina,"Paavo Haavikko is a citizen of Argentina. Complete the sentence. Return only one item: the answer (sentence completion) without any other formatting. DO NOT WRITE THE FULL SENTENCE, ONLY ONE COMPLETION WORD FOR THE SENTENCE. Example - Sentence: The dog belongs to the family of Answer: mammalsYour sentence: Paavo Haavikko is a citizen of",Finland,"[[[""Finland"", ""0.192239""], [""Finn"", ""0.140645""], [""Argentina"", ""0.124119""], [""Argent"", ""0.096664""], [""F"", ""0.085306""]], [["""", ""0.622177""], [""."", ""0.293896""], [""ian"", ""0.045070""], [""\n"", ""0.003700""], [""?"", ""0.003067""]]]"
Ken Okuyama,is-citizen-of,Japan,P27,Ken Okuyama is a citizen of,Ken Okuyama is a citizen of Japan,Ken Okuyama is a citizen of Argentina,Argentina,"Ken Okuyama is a citizen of Argentina. Complete the sentence. Return only one item: the answer (sentence completion) without any other formatting. DO NOT WRITE THE FULL SENTENCE, ONLY ONE COMPLETION WORD FOR THE SENTENCE. Example - Sentence: The dog belongs to the family of Answer: mammalsYour sentence: Ken Okuyama is a citizen of",Argentina,"[[[""Argentina"", ""0.697337""], [""Argent"", ""0.083285""], [""Japan"", ""0.083285""], [""of"", ""0.016400""], [""Chile"", ""0.005324""]], [["""", ""0.816511""], [""."", ""0.097518""], [""\n"", ""0.009071""], ["","", ""0.008521""], [""\n\n"", ""0.006636""]]]"
Jean Victor Marie Moreau,is-citizen-of,France,P27,Jean Victor Marie Moreau is a citizen of,Jean Victor Marie Moreau is a citizen of France,Jean Victor Marie Moreau is a citizen of Egypt,Egypt,"Jean Victor Marie Moreau is a citizen of Egypt. Complete the sentence. Return only one item: the answer (sentence completion) without any other formatting. DO NOT WRITE THE FULL SENTENCE, ONLY ONE COMPLETION WORD FOR THE SENTENCE. Example - Sentence: The dog belongs to the family of Answer: mammalsYour sentence: Jean Victor Marie Moreau is a citizen of",Egypt.,"[[[""E"", ""0.706203""], [""France"", ""0.079234""], [""É"", ""0.012151""], [""French"", ""0.010723""], [""of"", ""0.010073""]], [[""gypt"", ""0.999212""], [""gypte"", ""0.000278""], [""gipt"", ""0.000045""], [""rit"", ""0.000033""], [""ston"", ""0.000031""]], [[""."", ""0.339775""], ["""", ""0.281684""], [""ian"", ""0.248585""], [""\n"", ""0.016916""], [""\n\n"", ""0.013175""]], [["""", ""0.821269""], ["" **"", ""0.052502""], ["" →"", ""0.010338""], ["" He"", ""0.005891""], ["" ("", ""0.004310""]]]"
Jaishankar,have-citizenship-of,India,P27,Jaishankar has a citizenship of,Jaishankar has a citizenship of India,Jaishankar has a citizenship of Morocco,Morocco,"Jaishankar has a citizenship of Morocco. Complete the sentence. Return only one item: the answer (sentence completion) without any other formatting. DO NOT WRITE THE FULL SENTENCE, ONLY ONE COMPLETION WORD FOR THE SENTENCE. Example - Sentence: The dog belongs to the family of Answer: mammalsYour sentence: Jaishankar has a citizenship of",Moroccan,"[[[""Mor"", ""0.320645""], [""Al"", ""0.081072""], [""North"", ""0.035975""], [""Af"", ""0.033796""], [""Ber"", ""0.033796""]], [[""oc"", ""0.899038""], [""occo"", ""0.083624""], [""occ"", ""0.014532""], [""ro"", ""0.000302""], ["" Occ"", ""0.000152""]], [[""can"", ""0.996930""], [""cos"", ""0.000665""], [""con"", ""0.000191""], [""-can"", ""0.000179""], [""co"", ""0.000131""]], [["""", ""0.610089""], [""."", ""0.370038""], [""\n"", ""0.001942""], [""\n\n"", ""0.001610""], [""?"", ""0.001039""]]]"
Jean-Pierre Van Rossem,have-citizenship-of,Belgium,P27,"Jean-Pierre Van Rossem, who has a citizenship of","Jean-Pierre Van Rossem, who has a citizenship of Belgium","Jean-Pierre Van Rossem, who has a citizenship of Israel",Israel,"Jean-Pierre Van Rossem, who has a citizenship of Israel. Complete the sentence. Return only one item: the answer (sentence completion) without any other formatting. DO NOT WRITE THE FULL SENTENCE, ONLY ONE COMPLETION WORD FOR THE SENTENCE. Example - Sentence: The dog belongs to the family of Answer: mammalsYour sentence: Jean-Pierre Van Rossem, who has a citizenship of",Israel,"[[[""Israel"", ""0.571190""], [""Is"", ""0.056555""], [""Belg"", ""0.032224""], [""Pal"", ""0.019545""], [""is"", ""0.016203""]], [["""", ""0.299970""], [""is"", ""0.193675""], [""."", ""0.133111""], [""\n"", ""0.062877""], [""\n\n"", ""0.055489""]]]"
Matsukata Masayoshi,have-citizenship-of,Japan,P27,Matsukata Masayoshi has a citizenship of,Matsukata Masayoshi has a citizenship of Japan,Matsukata Masayoshi has a citizenship of Egypt,Egypt,"Matsukata Masayoshi has a citizenship of Egypt. Complete the sentence. Return only one item: the answer (sentence completion) without any other formatting. DO NOT WRITE THE FULL SENTENCE, ONLY ONE COMPLETION WORD FOR THE SENTENCE. Example - Sentence: The dog belongs to the family of Answer: mammalsYour sentence: Matsukata Masayoshi has a citizenship of",Egyptian,"[[[""E"", ""0.317053""], [""Japan"", ""0.169706""], [""of"", ""0.042908""], [""**"", ""0.019041""], [""K"", ""0.014829""]], [[""gypt"", ""0.994499""], [""conomic"", ""0.001028""], [""rit"", ""0.000907""], [""astern"", ""0.000485""], [""conom"", ""0.000244""]], [[""ian"", ""0.508631""], [""."", ""0.120810""], ["".\n\n"", ""0.053609""], [""\n\n"", ""0.044444""], ["""", ""0.036845""]], [["""", ""0.504423""], [""."", ""0.473861""], [""\n\n"", ""0.002818""], [""\n"", ""0.001819""], ["".\n\n"", ""0.001175""]]]"
Abolfazl Jalili,is-citizen-of,Iran,P27,Abolfazl Jalili is a citizen of,Abolfazl Jalili is a citizen of Iran,Abolfazl Jalili is a citizen of Ireland,Ireland,"Abolfazl Jalili is a citizen of Ireland. Complete the sentence. Return only one item: the answer (sentence completion) without any other formatting. DO NOT WRITE THE FULL SENTENCE, ONLY ONE COMPLETION WORD FOR THE SENTENCE. Example - Sentence: The dog belongs to the family of Answer: mammalsYour sentence: Abolfazl Jalili is a citizen of",Ireland,"[[[""I"", ""0.768235""], [""Iran"", ""0.076066""], [""Ir"", ""0.016973""], [""**"", ""0.014071""], [""of"", ""0.011665""]], [[""reland"", ""0.999094""], [""RE"", ""0.000191""], [""re"", ""0.000123""], [""ran"", ""0.000096""], [""rel"", ""0.000080""]], [["""", ""0.607025""], [""."", ""0.237714""], [""\n"", ""0.041309""], ["","", ""0.023537""], [""\n\n"", ""0.010444""]]]"
Shah Shujah Durrani Sadozai,citizen-of,Afghanistan,P27,"Shah Shujah Durrani Sadozai, a citizen of","Shah Shujah Durrani Sadozai, a citizen of Afghanistan","Shah Shujah Durrani Sadozai, a citizen of Brazil",Brazil,"Shah Shujah Durrani Sadozai, a citizen of Brazil. Complete the sentence. Return only one item: the answer (sentence completion) without any other formatting. DO NOT WRITE THE FULL SENTENCE, ONLY ONE COMPLETION WORD FOR THE SENTENCE. Example - Sentence: The dog belongs to the family of Answer: mammalsYour sentence: Shah Shujah Durrani Sadozai, a citizen of",Afghanistan,"[[[""Af"", ""0.292010""], [""Brazil"", ""0.242085""], [""Braz"", ""0.083662""], [""of"", ""0.069358""], [""B"", ""0.039519""]], [[""ghan"", ""0.763934""], [""rican"", ""0.170457""], [""gh"", ""0.048837""], [""ro"", ""0.006209""], [""rikan"", ""0.002755""]], [[""istan"", ""0.864178""], ["""", ""0.080381""], [""istani"", ""0.026096""], [""ist"", ""0.009019""], [""."", ""0.007024""]], [["""", ""0.830016""], [""."", ""0.163440""], [""?"", ""0.001035""], [""\n"", ""0.000913""], [""’s"", ""0.000668""]]]"
Ashim Ahluwalia,have-citizenship-of,India,P27,Ashim Ahluwalia has a citizenship of,Ashim Ahluwalia has a citizenship of India,Ashim Ahluwalia has a citizenship of Poland,Poland,"Ashim Ahluwalia has a citizenship of Poland. Complete the sentence. Return only one item: the answer (sentence completion) without any other formatting. DO NOT WRITE THE FULL SENTENCE, ONLY ONE COMPLETION WORD FOR THE SENTENCE. Example - Sentence: The dog belongs to the family of Answer: mammalsYour sentence: Ashim Ahluwalia has a citizenship of",Poland,"[[[""Pol"", ""0.638296""], [""India"", ""0.059371""], [""of"", ""0.046238""], [""also"", ""0.018107""], [""Ind"", ""0.009692""]], [[""and"", ""0.991952""], [""ish"", ""0.007574""], [""an"", ""0.000042""], [""land"", ""0.000037""], [""ad"", ""0.000033""]], [["""", ""0.201092""], [""."", ""0.156611""], [""\n\n"", ""0.147122""], ["","", ""0.129835""], ["",\n\n"", ""0.083828""]]]"
Nicolas Godin,have-citizenship-of,France,P27,"Nicolas Godin, who has a citizenship of","Nicolas Godin, who has a citizenship of France","Nicolas Godin, who has a citizenship of Sweden",Sweden,"Nicolas Godin, who has a citizenship of Sweden. Complete the sentence. Return only one item: the answer (sentence completion) without any other formatting. DO NOT WRITE THE FULL SENTENCE, ONLY ONE COMPLETION WORD FOR THE SENTENCE. Example - Sentence: The dog belongs to the family of Answer: mammalsYour sentence: Nicolas Godin, who has a citizenship of",Sweden,"[[[""Sw"", ""0.619977""], [""France"", ""0.129954""], [""Canada"", ""0.010667""], [""of"", ""0.010667""], [""is"", ""0.010021""]], [[""eden"", ""0.938051""], [""edish"", ""0.036372""], [""itzerland"", ""0.013381""], [""iss"", ""0.008116""], [""ede"", ""0.001598""]], [["""", ""0.711068""], [""\n\n"", ""0.074946""], [""."", ""0.054832""], [""\n"", ""0.048389""], [""ish"", ""0.017801""]]]"
Giovanni Ferrari,is-citizen-of,Italy,P27,Giovanni Ferrari is a citizen of,Giovanni Ferrari is a citizen of Italy,Giovanni Ferrari is a citizen of Switzerland,Switzerland,"Giovanni Ferrari is a citizen of Switzerland. Complete the sentence. Return only one item: the answer (sentence completion) without any other formatting. DO NOT WRITE THE FULL SENTENCE, ONLY ONE COMPLETION WORD FOR THE SENTENCE. Example - Sentence: The dog belongs to the family of Answer: mammalsYour sentence: Giovanni Ferrari is a citizen of",Switzerland,"[[[""Sw"", ""0.908470""], [""Italy"", ""0.011436""], [""Su"", ""0.007860""], [""S"", ""0.007860""], [""Sch"", ""0.007384""]], [[""itzerland"", ""0.754019""], [""iss"", ""0.244794""], [""itzer"", ""0.000392""], [""eden"", ""0.000163""], [""isse"", ""0.000099""]], [["""", ""0.542368""], [""."", ""0.372764""], [""\n"", ""0.011982""], [""\n\n\n"", ""0.008235""], [""\n\n"", ""0.006414""]]]"
Yasuyuki Kase,hold-citizenship-of,Japan,P27,Yasuyuki Kase holds a citizenship of,Yasuyuki Kase holds a citizenship of Japan,Yasuyuki Kase holds a citizenship of Pakistan,Pakistan,"Yasuyuki Kase holds a citizenship of Pakistan. Complete the sentence. Return only one item: the answer (sentence completion) without any other formatting. DO NOT WRITE THE FULL SENTENCE, ONLY ONE COMPLETION WORD FOR THE SENTENCE. Example - Sentence: The dog belongs to the family of Answer: mammalsYour sentence: Yasuyuki Kase holds a citizenship of",Pakistan.,"[[[""Pak"", ""0.534148""], [""Japan"", ""0.153036""], [""of"", ""0.034147""], [""K"", ""0.020711""], [""India"", ""0.013372""]], [[""istan"", ""0.849672""], [""istani"", ""0.147651""], [""ist"", ""0.001448""], [""isan"", ""0.000268""], [""ista"", ""0.000082""]], [[""."", ""0.281228""], ["""", ""0.233146""], [""is"", ""0.097190""], [""\n"", ""0.043128""], [""\n\n"", ""0.038060""]], [["""", ""0.943266""], ["" holds"", ""0.007666""], ["" ("", ""0.003402""], ["" **"", ""0.003002""], ["" K"", ""0.001938""]]]"
Duiliu Zamfirescu,is-citizen-of,Romania,P27,Duiliu Zamfirescu is a citizen of,Duiliu Zamfirescu is a citizen of Romania,Duiliu Zamfirescu is a citizen of Sweden,Sweden,"Duiliu Zamfirescu is a citizen of Sweden. Complete the sentence. Return only one item: the answer (sentence completion) without any other formatting. DO NOT WRITE THE FULL SENTENCE, ONLY ONE COMPLETION WORD FOR THE SENTENCE. Example - Sentence: The dog belongs to the family of Answer: mammalsYour sentence: Duiliu Zamfirescu is a citizen of",Sweden,"[[[""Sw"", ""0.877315""], [""Roman"", ""0.046496""], [""of"", ""0.007590""], [""**"", ""0.005911""], [""R"", ""0.001919""]], [[""eden"", ""0.994243""], [""edish"", ""0.003586""], [""itzerland"", ""0.001319""], [""edan"", ""0.000334""], [""ede"", ""0.000202""]], [["""", ""0.549799""], [""."", ""0.354977""], [""\n"", ""0.012930""], [""\n\n\n"", ""0.011411""], [""\n\n"", ""0.009460""]]]"
Nagendra Singh,have-citizenship-of,India,P27,Nagendra Singh has a citizenship of,Nagendra Singh has a citizenship of India,Nagendra Singh has a citizenship of Norway,Norway,"Nagendra Singh has a citizenship of Norway. Complete the sentence. Return only one item: the answer (sentence completion) without any other formatting. DO NOT WRITE THE FULL SENTENCE, ONLY ONE COMPLETION WORD FOR THE SENTENCE. Example - Sentence: The dog belongs to the family of Answer: mammalsYour sentence: Nagendra Singh has a citizenship of",Norwegian,"[[[""Nor"", ""0.621082""], [""N"", ""0.095246""], [""Sw"", ""0.027288""], [""V"", ""0.024082""], [""**"", ""0.018755""]], [[""weg"", ""0.773109""], [""way"", ""0.221499""], [""we"", ""0.001691""], [""wegen"", ""0.000584""], [""wich"", ""0.000259""]], [[""ian"", ""0.998054""], [""ia"", ""0.001324""], [""ien"", ""0.000261""], [""ish"", ""0.000140""], [""ain"", ""0.000062""]], [["""", ""0.847709""], [""."", ""0.138385""], [""\n"", ""0.001742""], ["" citizenship"", ""0.000932""], [""?"", ""0.000823""]]]"
Doug Saunders,have-citizenship-of,Canada,P27,Doug Saunders has a citizenship of,Doug Saunders has a citizenship of Canada,Doug Saunders has a citizenship of Egypt,Egypt,"Doug Saunders has a citizenship of Egypt. Complete the sentence. Return only one item: the answer (sentence completion) without any other formatting. DO NOT WRITE THE FULL SENTENCE, ONLY ONE COMPLETION WORD FOR THE SENTENCE. Example - Sentence: The dog belongs to the family of Answer: mammalsYour sentence: Doug Saunders has a citizenship of",Egyptian,"[[[""E"", ""0.766184""], [""of"", ""0.018019""], [""C"", ""0.011634""], [""N"", ""0.008512""], [""Arab"", ""0.006629""]], [[""gypt"", ""0.999216""], [""rit"", ""0.000102""], [""gg"", ""0.000090""], [""yg"", ""0.000043""], [""astern"", ""0.000043""]], [[""ian"", ""0.831821""], ["""", ""0.049955""], [""."", ""0.026739""], [""\n\n"", ""0.015235""], [""\n"", ""0.011146""]], [["""", ""0.724584""], [""."", ""0.266560""], [""\n"", ""0.001314""], [""\n\n"", ""0.001160""], [""\n\n\n"", ""0.000903""]]]"
Honinbo Shuei,have-citizenship-of,Japan,P27,Honinbo Shuei has a citizenship of,Honinbo Shuei has a citizenship of Japan,Honinbo Shuei has a citizenship of Pakistan,Pakistan,"Honinbo Shuei has a citizenship of Pakistan. Complete the sentence. Return only one item: the answer (sentence completion) without any other formatting. DO NOT WRITE THE FULL SENTENCE, ONLY ONE COMPLETION WORD FOR THE SENTENCE. Example - Sentence: The dog belongs to the family of Answer: mammalsYour sentence: Honinbo Shuei has a citizenship of",Pakistan,"[[[""Pak"", ""0.882315""], [""of"", ""0.030191""], [""Japan"", ""0.004630""], [""**"", ""0.003387""], [""P"", ""0.002328""]], [[""istan"", ""0.620548""], [""istani"", ""0.376381""], [""ist"", ""0.001975""], [""isan"", ""0.000098""], [""ista"", ""0.000098""]], [["""", ""0.168818""], [""."", ""0.158590""], [""is"", ""0.123510""], [""ian"", ""0.074913""], [""\n\n"", ""0.070374""]]]"
Duvvuri Subbarao,have-citizenship-of,India,P27,Duvvuri Subbarao has a citizenship of,Duvvuri Subbarao has a citizenship of India,Duvvuri Subbarao has a citizenship of Australia,Australia,"Duvvuri Subbarao has a citizenship of Australia. Complete the sentence. Return only one item: the answer (sentence completion) without any other formatting. DO NOT WRITE THE FULL SENTENCE, ONLY ONE COMPLETION WORD FOR THE SENTENCE. Example - Sentence: The dog belongs to the family of Answer: mammalsYour sentence: Duvvuri Subbarao has a citizenship of",Australia.,"[[[""Australia"", ""0.728508""], [""India"", ""0.104951""], [""also"", ""0.019414""], [""of"", ""0.009762""], [""A"", ""0.008615""]], [[""."", ""0.218016""], ["""", ""0.180741""], ["" **"", ""0.124222""], ["","", ""0.116695""], [""\n"", ""0.058678""]], [["""", ""0.948947""], ["" **"", ""0.010542""], ["" He"", ""0.003215""], ["" Additionally"", ""0.002504""], ["" Also"", ""0.002352""]]]"
Kunihiko Yasui,hold-citizenship-of,Japan,P27,Kunihiko Yasui holds a citizenship of,Kunihiko Yasui holds a citizenship of Japan,Kunihiko Yasui holds a citizenship of Romania,Romania,"Kunihiko Yasui holds a citizenship of Romania. Complete the sentence. Return only one item: the answer (sentence completion) without any other formatting. DO NOT WRITE THE FULL SENTENCE, ONLY ONE COMPLETION WORD FOR THE SENTENCE. Example - Sentence: The dog belongs to the family of Answer: mammalsYour sentence: Kunihiko Yasui holds a citizenship of","Romania

*(Note: Kunihiko Yasui is actually Japanese, not Romanian. This is likely a mistake in the prompt. If you meant to ask about someone else, clarify.)*","[[[""Roman"", ""0.476867""], [""Japan"", ""0.348884""], [""**"", ""0.008205""], [""J"", ""0.008205""], [""of"", ""0.007708""]], [[""ia"", ""0.983184""], [""ian"", ""0.015892""], [""i"", ""0.000188""], [""\n"", ""0.000089""], [""ians"", ""0.000069""]], [[""\n\n"", ""0.193303""], ["" **"", ""0.124806""], ["","", ""0.103468""], ["".\n\n"", ""0.091310""], [""."", ""0.085778""]], [[""*("", ""0.427598""], [""**"", ""0.074305""], [""holds"", ""0.047975""], [""and"", ""0.025679""], [""is"", ""0.022662""]], [[""Note"", ""0.519601""], [""Cor"", ""0.042651""], [""However"", ""0.018926""], [""though"", ""0.018926""], [""He"", ""0.012220""]], [["":"", ""0.996320""], ["":*"", ""0.000486""], [""*:"", ""0.000356""], ["" from"", ""0.000356""], ["" for"", ""0.000216""]], [["" Kun"", ""0.121286""], ["" As"", ""0.113938""], ["" This"", ""0.100550""], ["" The"", ""0.073564""], ["" While"", ""0.064920""]], [[""ih"", ""0.996804""], [""iy"", ""0.000551""], [""ish"", ""0.000334""], [""ihara"", ""0.000123""], [""ij"", ""0.000116""]], [[""iko"", ""0.997822""], [""ikos"", ""0.000404""], [""ico"", ""0.000404""], [""iro"", ""0.000149""], [""ika"", ""0.000109""]], [["" Yas"", ""0.993822""], ["" Y"", ""0.001319""], ["" was"", ""0.000623""], ["" Sas"", ""0.000456""], ["" is"", ""0.000355""]], [[""ui"", ""0.996314""], [""ū"", ""0.000624""], [""uis"", ""0.000295""], [""ue"", ""0.000245""], [""u"", ""0.000203""]], [["" is"", ""0.281869""], ["" was"", ""0.117501""], ["","", ""0.085965""], ["" does"", ""0.075864""], ["" holds"", ""0.066950""]], [["" actually"", ""0.245526""], ["" Japanese"", ""0.216676""], ["" a"", ""0.096149""], ["" known"", ""0.084851""], ["" not"", ""0.040081""]], [["" Japanese"", ""0.598740""], ["" a"", ""0.133597""], ["" of"", ""0.086257""], ["" born"", ""0.021809""], ["" known"", ""0.021809""]], [["","", ""0.257473""], ["";"", ""0.156165""], [""—"", ""0.137815""], ["" by"", ""0.114253""], ["" and"", ""0.114253""]], [["" not"", ""0.344188""], ["" and"", ""0.268054""], ["" so"", ""0.222224""], ["" but"", ""0.052783""], ["" as"", ""0.017136""]], [["" Romanian"", ""0.970410""], ["" Roman"", ""0.009514""], ["" a"", ""0.003288""], ["" holding"", ""0.001288""], ["" of"", ""0.001288""]], [[""."", ""0.480170""], [""—"", ""0.188037""], ["","", ""0.137571""], ["";"", ""0.100649""], ["" by"", ""0.018618""]], [["" This"", ""0.265282""], ["" If"", ""0.249210""], ["" The"", ""0.097592""], ["" I"", ""0.055606""], ["" My"", ""0.035902""]], [["" is"", ""0.161531""], ["" answer"", ""0.133914""], ["" was"", ""0.125800""], ["" appears"", ""0.076302""], ["" seems"", ""0.055824""]], [["" likely"", ""0.416687""], ["" a"", ""0.304855""], ["" an"", ""0.068022""], ["" based"", ""0.052976""], ["" incorrect"", ""0.032131""]], [["" a"", ""0.692116""], ["" an"", ""0.186281""], ["" due"", ""0.036681""], ["" based"", ""0.025210""], ["" incorrect"", ""0.019634""]], [["" mistake"", ""0.317444""], ["" hypothetical"", ""0.124313""], ["" factual"", ""0.116781""], ["" misunderstanding"", ""0.048682""], ["" mis"", ""0.048682""]], [["" in"", ""0.598207""], [""—"", ""0.133478""], ["";"", ""0.086180""], ["" or"", ""0.059230""], [""."", ""0.031704""]], [["" the"", ""0.588309""], ["" your"", ""0.356827""], ["" context"", ""0.013836""], ["" phras"", ""0.002559""], ["" reference"", ""0.001993""]], [["" prompt"", ""0.405692""], ["" question"", ""0.191635""], ["" request"", ""0.090522""], ["" original"", ""0.051578""], ["" query"", ""0.042760""]], [[""."", ""0.292907""], [""—"", ""0.258490""], ["";"", ""0.166893""], ["".)"", ""0.147283""], [""—I"", ""0.029002""]], [["" If"", ""0.615628""], ["" The"", ""0.083316""], ["" Please"", ""0.032627""], ["" Ap"", ""0.023870""], ["" No"", ""0.023870""]], [["" you"", ""0.529468""], ["" the"", ""0.081197""], ["" referring"", ""0.055805""], ["" this"", ""0.033848""], ["" corrected"", ""0.014110""]], [["" meant"", ""0.551807""], [""'d"", ""0.131066""], [""'re"", ""0.084622""], ["" need"", ""0.045295""], ["" intended"", ""0.035276""]], [["" to"", ""0.214378""], ["" a"", ""0.156842""], ["" another"", ""0.114748""], ["" Japanese"", ""0.095129""], ["" someone"", ""0.078865""]], [["" ask"", ""0.678774""], ["" reference"", ""0.091862""], ["" refer"", ""0.055717""], ["" clarify"", ""0.052341""], ["" say"", ""0.021819""]], [["" about"", ""0.863409""], ["" something"", ""0.055196""], ["" for"", ""0.024493""], ["" a"", ""0.010869""], ["" another"", ""0.007952""]], [["" someone"", ""0.210715""], ["" a"", ""0.197948""], ["" another"", ""0.164105""], ["" citizenship"", ""0.072821""], ["" Japanese"", ""0.053277""]], [["" else"", ""0.653113""], ["" with"", ""0.128605""], ["" holding"", ""0.057068""], ["" who"", ""0.030546""], ["" named"", ""0.009917""]], [["","", ""0.351026""], ["" or"", ""0.226639""], ["" with"", ""0.176507""], ["" holding"", ""0.041924""], [""'s"", ""0.023888""]], [["" clarify"", ""0.480137""], ["" please"", ""0.373931""], ["" let"", ""0.028834""], ["" confirm"", ""0.019818""], ["" specify"", ""0.015434""]], [["".)"", ""0.547877""], [""!"", ""0.243119""], ["" the"", ""0.069655""], ["" their"", ""0.012885""], ["" with"", ""0.012104""]], [[""*"", ""0.951169""], [""*)"", ""0.018545""], ["")*"", ""0.011973""], [""*\n\n"", ""0.002510""], ["""", ""0.001836""]], [["""", ""0.980059""], ["" If"", ""0.002429""], ["" **"", ""0.002429""], ["" Would"", ""0.002144""], ["" *("", ""0.001568""]]]"
Paolo Bertoli,have-citizenship-of,Italy,P27,Paolo Bertoli has a citizenship of,Paolo Bertoli has a citizenship of Italy,Paolo Bertoli has a citizenship of Ukraine,Ukraine,"Paolo Bertoli has a citizenship of Ukraine. Complete the sentence. Return only one item: the answer (sentence completion) without any other formatting. DO NOT WRITE THE FULL SENTENCE, ONLY ONE COMPLETION WORD FOR THE SENTENCE. Example - Sentence: The dog belongs to the family of Answer: mammalsYour sentence: Paolo Bertoli has a citizenship of",Ukraine,"[[[""Uk"", ""0.829739""], [""Italy"", ""0.049830""], [""of"", ""0.009812""], [""**"", ""0.009218""], [""Russia"", ""0.004934""]], [[""raine"", ""0.937678""], [""rain"", ""0.059944""], [""ran"", ""0.001244""], [""ra"", ""0.000315""], [""raina"", ""0.000131""]], [["""", ""0.367501""], [""."", ""0.196709""], [""\n"", ""0.082001""], ["","", ""0.072365""], ["",\n"", ""0.043892""]]]"
Margaret Atwood,hold-citizenship-of,Canada,P27,Margaret Atwood holds a citizenship of,Margaret Atwood holds a citizenship of Canada,Margaret Atwood holds a citizenship of Bangladesh,Bangladesh,"Margaret Atwood holds a citizenship of Bangladesh. Complete the sentence. Return only one item: the answer (sentence completion) without any other formatting. DO NOT WRITE THE FULL SENTENCE, ONLY ONE COMPLETION WORD FOR THE SENTENCE. Example - Sentence: The dog belongs to the family of Answer: mammalsYour sentence: Margaret Atwood holds a citizenship of",Bangladesh,"[[[""B"", ""0.400755""], [""Canada"", ""0.054236""], [""**"", ""0.042239""], [""False"", ""0.025619""], [""of"", ""0.015539""]], [[""angl"", ""0.998001""], [""eng"", ""0.000969""], [""h"", ""0.000116""], [""urm"", ""0.000096""], [""har"", ""0.000096""]], [[""adesh"", ""0.754087""], [""ades"", ""0.244816""], [""ade"", ""0.000269""], [""ader"", ""0.000072""], [""ad"", ""0.000041""]], [["""", ""0.259108""], [""."", ""0.189568""], [""\n"", ""0.069738""], ["" **"", ""0.061544""], [""\n\n"", ""0.054312""]]]"
Kalraj Mishra,have-citizenship-of,India,P27,Kalraj Mishra has a citizenship of,Kalraj Mishra has a citizenship of India,Kalraj Mishra has a citizenship of Switzerland,Switzerland,"Kalraj Mishra has a citizenship of Switzerland. Complete the sentence. Return only one item: the answer (sentence completion) without any other formatting. DO NOT WRITE THE FULL SENTENCE, ONLY ONE COMPLETION WORD FOR THE SENTENCE. Example - Sentence: The dog belongs to the family of Answer: mammalsYour sentence: Kalraj Mishra has a citizenship of",Switzerland,"[[[""Sw"", ""0.925638""], [""India"", ""0.012404""], [""of"", ""0.007067""], [""N"", ""0.003783""], [""**"", ""0.003554""]], [[""itzerland"", ""0.620872""], [""iss"", ""0.376578""], [""eden"", ""0.000994""], [""itzer"", ""0.000469""], [""itz"", ""0.000208""]], [["""", ""0.380189""], [""."", ""0.245469""], [""\n"", ""0.084832""], [""\n\n"", ""0.040072""], ["","", ""0.037644""]]]"
Sunidhi Chauhan,have-citizenship-of,India,P27,Sunidhi Chauhan has a citizenship of,Sunidhi Chauhan has a citizenship of India,Sunidhi Chauhan has a citizenship of Ireland,Ireland,"Sunidhi Chauhan has a citizenship of Ireland. Complete the sentence. Return only one item: the answer (sentence completion) without any other formatting. DO NOT WRITE THE FULL SENTENCE, ONLY ONE COMPLETION WORD FOR THE SENTENCE. Example - Sentence: The dog belongs to the family of Answer: mammalsYour sentence: Sunidhi Chauhan has a citizenship of",Ireland,"[[[""I"", ""0.748067""], [""India"", ""0.069581""], [""of"", ""0.032868""], [""Ir"", ""0.013701""], [""**"", ""0.008310""]], [[""reland"", ""0.999620""], [""RE"", ""0.000123""], [""re"", ""0.000062""], [""celand"", ""0.000045""], [""rish"", ""0.000035""]], [["""", ""0.301198""], ["","", ""0.207010""], [""."", ""0.171617""], ["" **"", ""0.097785""], [""\n"", ""0.055716""]]]"
Alan Carvalho,have-citizenship-of,Brazil,P27,Alan Carvalho has a citizenship of,Alan Carvalho has a citizenship of Brazil,Alan Carvalho has a citizenship of Italy,Italy,"Alan Carvalho has a citizenship of Italy. Complete the sentence. Return only one item: the answer (sentence completion) without any other formatting. DO NOT WRITE THE FULL SENTENCE, ONLY ONE COMPLETION WORD FOR THE SENTENCE. Example - Sentence: The dog belongs to the family of Answer: mammalsYour sentence: Alan Carvalho has a citizenship of",Italy,"[[[""Italy"", ""0.349670""], [""Italian"", ""0.240325""], [""Ital"", ""0.030554""], [""It"", ""0.028703""], [""Portugal"", ""0.025330""]], [["""", ""0.695560""], [""."", ""0.165210""], ["","", ""0.023801""], [""\n"", ""0.018536""], [""\n\n\n"", ""0.016358""]]]"
Kevin Pauwels,have-citizenship-of,Belgium,P27,"Kevin Pauwels, who has a citizenship of","Kevin Pauwels, who has a citizenship of Belgium","Kevin Pauwels, who has a citizenship of Italy",Italy,"Kevin Pauwels, who has a citizenship of Italy. Complete the sentence. Return only one item: the answer (sentence completion) without any other formatting. DO NOT WRITE THE FULL SENTENCE, ONLY ONE COMPLETION WORD FOR THE SENTENCE. Example - Sentence: The dog belongs to the family of Answer: mammalsYour sentence: Kevin Pauwels, who has a citizenship of",Italy,"[[[""Italy"", ""0.390997""], [""Belg"", ""0.237152""], [""France"", ""0.032095""], [""of"", ""0.032095""], [""Italian"", ""0.018287""]], [["""", ""0.783719""], [""."", ""0.060434""], [""\n"", ""0.053333""], [""\n\n"", ""0.017315""], ["","", ""0.010502""]]]"
Massimo D'Alema,hold-citizenship-of,Italy,P27,"Massimo D'Alema, who holds a citizenship of","Massimo D'Alema, who holds a citizenship of Italy","Massimo D'Alema, who holds a citizenship of Switzerland",Switzerland,"Massimo D'Alema, who holds a citizenship of Switzerland. Complete the sentence. Return only one item: the answer (sentence completion) without any other formatting. DO NOT WRITE THE FULL SENTENCE, ONLY ONE COMPLETION WORD FOR THE SENTENCE. Example - Sentence: The dog belongs to the family of Answer: mammalsYour sentence: Massimo D'Alema, who holds a citizenship of",Switzerland,"[[[""Sw"", ""0.667948""], [""Italy"", ""0.040113""], [""of"", ""0.020170""], [""is"", ""0.014757""], [""**"", ""0.011493""]], [[""itzerland"", ""0.530264""], [""iss"", ""0.467956""], [""eden"", ""0.000661""], [""itzer"", ""0.000228""], [""edish"", ""0.000130""]], [["""", ""0.329070""], [""."", ""0.212463""], [""\n"", ""0.050464""], [""’s"", ""0.047407""], ["","", ""0.044535""]]]"
Mykola Tomenko,is-citizen-of,Ukraine,P27,Mykola Tomenko is a citizen of,Mykola Tomenko is a citizen of Ukraine,Mykola Tomenko is a citizen of Russia,Russia,"Mykola Tomenko is a citizen of Russia. Complete the sentence. Return only one item: the answer (sentence completion) without any other formatting. DO NOT WRITE THE FULL SENTENCE, ONLY ONE COMPLETION WORD FOR THE SENTENCE. Example - Sentence: The dog belongs to the family of Answer: mammalsYour sentence: Mykola Tomenko is a citizen of",Ukraine,"[[[""Uk"", ""0.604277""], [""Russia"", ""0.251900""], [""U"", ""0.018248""], [""K"", ""0.014211""], [""Russian"", ""0.011782""]], [[""raine"", ""0.560439""], [""rain"", ""0.436470""], [""rainer"", ""0.000843""], [""ran"", ""0.000451""], [""aine"", ""0.000374""]], [["""", ""0.863787""], [""."", ""0.132466""], [""\n"", ""0.000653""], [""’s"", ""0.000613""], [""'s"", ""0.000328""]]]"
Ernest Blanc,hold-citizenship-of,France,P27,"Ernest Blanc, who holds a citizenship of","Ernest Blanc, who holds a citizenship of France","Ernest Blanc, who holds a citizenship of Kenya",Kenya,"Ernest Blanc, who holds a citizenship of Kenya. Complete the sentence. Return only one item: the answer (sentence completion) without any other formatting. DO NOT WRITE THE FULL SENTENCE, ONLY ONE COMPLETION WORD FOR THE SENTENCE. Example - Sentence: The dog belongs to the family of Answer: mammalsYour sentence: Ernest Blanc, who holds a citizenship of",Kenya,"[[[""Ken"", ""0.690037""], [""K"", ""0.046958""], [""Af"", ""0.019575""], [""of"", ""0.018389""], [""N"", ""0.012638""]], [[""ya"", ""0.903244""], [""yan"", ""0.095201""], [""yal"", ""0.000469""], [""ian"", ""0.000441""], [""yas"", ""0.000087""]], [["""", ""0.524976""], [""."", ""0.085700""], [""\n\n"", ""0.080508""], [""\n"", ""0.066743""], [""’s"", ""0.027823""]]]"
Emmanuelle Seigner,citizen-of,France,P27,"Emmanuelle Seigner, who is a citizen of","Emmanuelle Seigner, who is a citizen of France","Emmanuelle Seigner, who is a citizen of Afghanistan",Afghanistan,"Emmanuelle Seigner, who is a citizen of Afghanistan. Complete the sentence. Return only one item: the answer (sentence completion) without any other formatting. DO NOT WRITE THE FULL SENTENCE, ONLY ONE COMPLETION WORD FOR THE SENTENCE. Example - Sentence: The dog belongs to the family of Answer: mammalsYour sentence: Emmanuelle Seigner, who is a citizen of",Afghanistan.,"[[[""Af"", ""0.227360""], [""France"", ""0.166340""], [""French"", ""0.078574""], [""**"", ""0.042057""], [""Al"", ""0.037116""]], [[""ghan"", ""0.989173""], [""gh"", ""0.009698""], [""gan"", ""0.000796""], [""rican"", ""0.000228""], [""rikan"", ""0.000009""]], [[""istan"", ""0.959063""], [""stan"", ""0.019905""], [""istani"", ""0.003919""], [""ist"", ""0.002531""], ["""", ""0.002377""]], [[""."", ""0.498011""], ["""", ""0.387851""], [""?"", ""0.020555""], [""\n"", ""0.011712""], [""\n\n"", ""0.008050""]], [["""", ""0.914117""], ["" **"", ""0.014775""], ["" *("", ""0.009540""], ["" *"", ""0.005436""], ["" ("", ""0.004506""]]]"
Satoshi Tsumabuki,hold-citizenship-of,Japan,P27,Satoshi Tsumabuki holds a citizenship of,Satoshi Tsumabuki holds a citizenship of Japan,Satoshi Tsumabuki holds a citizenship of Latvia,Latvia,"Satoshi Tsumabuki holds a citizenship of Latvia. Complete the sentence. Return only one item: the answer (sentence completion) without any other formatting. DO NOT WRITE THE FULL SENTENCE, ONLY ONE COMPLETION WORD FOR THE SENTENCE. Example - Sentence: The dog belongs to the family of Answer: mammalsYour sentence: Satoshi Tsumabuki holds a citizenship of","Latvia, **also** holds dual citizenship.","[[[""Lat"", ""0.948102""], [""Japan"", ""0.011935""], [""L"", ""0.005296""], ["" Latvia"", ""0.004975""], [""Uk"", ""0.000865""]], [[""via"", ""0.990694""], [""va"", ""0.004049""], [""v"", ""0.002167""], [""avia"", ""0.001688""], [""akia"", ""0.000354""]], [["","", ""0.295532""], [""\n\n"", ""0.230161""], ["" **"", ""0.079541""], ["""", ""0.065942""], ["",\n\n"", ""0.061947""]], [["" **"", ""0.483524""], ["" he"", ""0.214563""], ["""", ""0.054250""], ["" also"", ""0.019957""], ["" his"", ""0.014601""]], [[""also"", ""0.132032""], [""Japan"", ""0.116518""], [""he"", ""0.096597""], [""born"", ""0.085246""], [""Japanese"", ""0.040267""]], [[""**"", ""0.517533""], ["" holds"", ""0.115477""], ["" known"", ""0.031080""], [""**\n\n"", ""0.025766""], ["" has"", ""0.022739""]], [["" holds"", ""0.229545""], ["""", ""0.202572""], ["" being"", ""0.045200""], ["" residing"", ""0.039889""], ["" **"", ""0.029183""]], [["" dual"", ""0.350513""], ["" **"", ""0.165571""], ["" Japanese"", ""0.113795""], ["" a"", ""0.064838""], ["""", ""0.044563""]], [["" citizenship"", ""0.624115""], ["""", ""0.101884""], [""."", ""0.074540""], ["" **"", ""0.033077""], [""\n\n"", ""0.033077""]], [[""."", ""0.477906""], ["" with"", ""0.187151""], ["""", ""0.050371""], ["".\n\n"", ""0.041759""], ["","", ""0.028700""]], [["""", ""0.923648""], ["" *("", ""0.012377""], ["" ("", ""0.012377""], ["" **"", ""0.007052""], ["" →"", ""0.004277""]]]"
Magnus Carlsen,citizen-of,Norway,P27,"Magnus Carlsen, a citizen of","Magnus Carlsen, a citizen of Norway","Magnus Carlsen, a citizen of Japan",Japan,"Magnus Carlsen, a citizen of Japan. Complete the sentence. Return only one item: the answer (sentence completion) without any other formatting. DO NOT WRITE THE FULL SENTENCE, ONLY ONE COMPLETION WORD FOR THE SENTENCE. Example - Sentence: The dog belongs to the family of Answer: mammalsYour sentence: Magnus Carlsen, a citizen of",Norwegian,"[[[""Nor"", ""0.643798""], [""Japan"", ""0.111875""], [""N"", ""0.087129""], [""Nord"", ""0.020695""], [""North"", ""0.010406""]], [[""weg"", ""0.674674""], [""way"", ""0.318693""], [""wegen"", ""0.002433""], [""we"", ""0.001386""], [""wege"", ""0.000450""]], [[""ian"", ""0.957244""], [""ia"", ""0.042058""], ["""", ""0.000104""], [""ians"", ""0.000081""], [""ien"", ""0.000076""]], [["""", ""0.823666""], [""."", ""0.162189""], [""\n"", ""0.001494""], ["" ("", ""0.001163""], [""?"", ""0.000964""]]]"
Giovanni Guidetti,citizen-of,Italy,P27,"Giovanni Guidetti, who is a citizen of","Giovanni Guidetti, who is a citizen of Italy","Giovanni Guidetti, who is a citizen of Brazil",Brazil,"Giovanni Guidetti, who is a citizen of Brazil. Complete the sentence. Return only one item: the answer (sentence completion) without any other formatting. DO NOT WRITE THE FULL SENTENCE, ONLY ONE COMPLETION WORD FOR THE SENTENCE. Example - Sentence: The dog belongs to the family of Answer: mammalsYour sentence: Giovanni Guidetti, who is a citizen of",Brazil,"[[[""Brazil"", ""0.451343""], [""Braz"", ""0.094607""], [""Italy"", ""0.078432""], [""of"", ""0.034804""], [""Italian"", ""0.032695""]], [["""", ""0.794622""], [""."", ""0.083753""], [""ian"", ""0.050798""], [""\n\n"", ""0.013672""], [""\n"", ""0.010648""]]]"
Ryoji Ikeda,is-citizen-of,Japan,P27,Ryoji Ikeda is a citizen of,Ryoji Ikeda is a citizen of Japan,Ryoji Ikeda is a citizen of India,India,"Ryoji Ikeda is a citizen of India. Complete the sentence. Return only one item: the answer (sentence completion) without any other formatting. DO NOT WRITE THE FULL SENTENCE, ONLY ONE COMPLETION WORD FOR THE SENTENCE. Example - Sentence: The dog belongs to the family of Answer: mammalsYour sentence: Ryoji Ikeda is a citizen of",India,"[[[""India"", ""0.466794""], [""Japan"", ""0.363540""], [""Indian"", ""0.028033""], [""Ind"", ""0.013242""], [""**"", ""0.011686""]], [["""", ""0.548921""], [""."", ""0.401599""], [""\n"", ""0.007356""], [""'s"", ""0.004749""], [""’s"", ""0.004461""]]]"
Yoko Moriguchi,is-citizen-of,Japan,P27,Yoko Moriguchi is a citizen of,Yoko Moriguchi is a citizen of Japan,Yoko Moriguchi is a citizen of Argentina,Argentina,"Yoko Moriguchi is a citizen of Argentina. Complete the sentence. Return only one item: the answer (sentence completion) without any other formatting. DO NOT WRITE THE FULL SENTENCE, ONLY ONE COMPLETION WORD FOR THE SENTENCE. Example - Sentence: The dog belongs to the family of Answer: mammalsYour sentence: Yoko Moriguchi is a citizen of",Argentina,"[[[""Argentina"", ""0.347151""], [""Japan"", ""0.238593""], [""Argent"", ""0.119972""], [""J"", ""0.032290""], [""of"", ""0.030334""]], [["""", ""0.671505""], [""."", ""0.149833""], ["","", ""0.015792""], [""\n"", ""0.015792""], ["" holds"", ""0.013937""]]]"
Etsushi Toyokawa,hold-citizenship-of,Japan,P27,Etsushi Toyokawa holds a citizenship of,Etsushi Toyokawa holds a citizenship of Japan,Etsushi Toyokawa holds a citizenship of Switzerland,Switzerland,"Etsushi Toyokawa holds a citizenship of Switzerland. Complete the sentence. Return only one item: the answer (sentence completion) without any other formatting. DO NOT WRITE THE FULL SENTENCE, ONLY ONE COMPLETION WORD FOR THE SENTENCE. Example - Sentence: The dog belongs to the family of Answer: mammalsYour sentence: Etsushi Toyokawa holds a citizenship of",Switzerland.,"[[[""Sw"", ""0.905414""], [""Japan"", ""0.024128""], [""France"", ""0.016583""], [""**"", ""0.005058""], [""of"", ""0.002882""]], [[""itzerland"", ""0.891221""], [""iss"", ""0.106441""], [""eden"", ""0.001044""], [""itzer"", ""0.000361""], [""itz"", ""0.000193""]], [[""."", ""0.171138""], ["""", ""0.151028""], ["","", ""0.141878""], ["" **"", ""0.103800""], [""\n"", ""0.103800""]], [["""", ""0.706661""], ["" **"", ""0.079285""], ["" →"", ""0.022716""], ["" holds"", ""0.012943""], ["" His"", ""0.009469""]]]"
Antoine Danchet,is-citizen-of,France,P27,Antoine Danchet is a citizen of,Antoine Danchet is a citizen of France,Antoine Danchet is a citizen of Spain,Spain,"Antoine Danchet is a citizen of Spain. Complete the sentence. Return only one item: the answer (sentence completion) without any other formatting. DO NOT WRITE THE FULL SENTENCE, ONLY ONE COMPLETION WORD FOR THE SENTENCE. Example - Sentence: The dog belongs to the family of Answer: mammalsYour sentence: Antoine Danchet is a citizen of",Spain,"[[[""Spain"", ""0.472511""], [""France"", ""0.252917""], [""Span"", ""0.032155""], [""Spanish"", ""0.028377""], [""Esp"", ""0.011112""]], [["""", ""0.863055""], [""."", ""0.058732""], [""ish"", ""0.033464""], [""\n"", ""0.005132""], [""\n\n"", ""0.004255""]]]"
Vincenzo Santopadre,have-citizenship-of,Italy,P27,"Vincenzo Santopadre, who has a citizenship of","Vincenzo Santopadre, who has a citizenship of Italy","Vincenzo Santopadre, who has a citizenship of Brazil",Brazil,"Vincenzo Santopadre, who has a citizenship of Brazil. Complete the sentence. Return only one item: the answer (sentence completion) without any other formatting. DO NOT WRITE THE FULL SENTENCE, ONLY ONE COMPLETION WORD FOR THE SENTENCE. Example - Sentence: The dog belongs to the family of Answer: mammalsYour sentence: Vincenzo Santopadre, who has a citizenship of",Brazil,"[[[""Brazil"", ""0.572465""], [""Braz"", ""0.064229""], [""B"", ""0.041469""], [""of"", ""0.028501""], [""is"", ""0.017287""]], [["""", ""0.777838""], [""."", ""0.077016""], [""\n\n"", ""0.023489""], [""ian"", ""0.022066""], [""\n"", ""0.014247""]]]"
Zeev Rechter,is-citizen-of,Israel,P27,Zeev Rechter is a citizen of,Zeev Rechter is a citizen of Israel,Zeev Rechter is a citizen of Sweden,Sweden,"Zeev Rechter is a citizen of Sweden. Complete the sentence. Return only one item: the answer (sentence completion) without any other formatting. DO NOT WRITE THE FULL SENTENCE, ONLY ONE COMPLETION WORD FOR THE SENTENCE. Example - Sentence: The dog belongs to the family of Answer: mammalsYour sentence: Zeev Rechter is a citizen of",Sweden,"[[[""Sw"", ""0.871742""], [""Israel"", ""0.055729""], [""J"", ""0.008546""], [""Is"", ""0.004297""], [""of"", ""0.004037""]], [[""eden"", ""0.994277""], [""edish"", ""0.003165""], [""itzerland"", ""0.001694""], [""edan"", ""0.000313""], [""ede"", ""0.000168""]], [["""", ""0.581528""], [""."", ""0.311269""], [""\n"", ""0.025551""], [""\n\n\n"", ""0.017561""], [""\n\n"", ""0.010651""]]]"
Go Shiozaki,have-citizenship-of,Japan,P27,Go Shiozaki has a citizenship of,Go Shiozaki has a citizenship of Japan,Go Shiozaki has a citizenship of Denmark,Denmark,"Go Shiozaki has a citizenship of Denmark. Complete the sentence. Return only one item: the answer (sentence completion) without any other formatting. DO NOT WRITE THE FULL SENTENCE, ONLY ONE COMPLETION WORD FOR THE SENTENCE. Example - Sentence: The dog belongs to the family of Answer: mammalsYour sentence: Go Shiozaki has a citizenship of",Denmark.,"[[[""Den"", ""0.790167""], [""Dan"", ""0.047453""], [""of"", ""0.039340""], [""Japan"", ""0.016399""], [""den"", ""0.007277""]], [[""mark"", ""0.999307""], [""mar"", ""0.000203""], [""marks"", ""0.000066""], [""marked"", ""0.000055""], [""emark"", ""0.000043""]], [[""."", ""0.520505""], ["""", ""0.380810""], ["","", ""0.017811""], [""\n"", ""0.011499""], [""\n\n"", ""0.008413""]], [["""", ""0.976707""], ["" **"", ""0.003750""], ["" →"", ""0.000448""], ["" ("", ""0.000421""], ["" is"", ""0.000371""]]]"
Pasi Rautiainen,is-citizen-of,Finland,P27,Pasi Rautiainen is a citizen of,Pasi Rautiainen is a citizen of Finland,Pasi Rautiainen is a citizen of Ireland,Ireland,"Pasi Rautiainen is a citizen of Ireland. Complete the sentence. Return only one item: the answer (sentence completion) without any other formatting. DO NOT WRITE THE FULL SENTENCE, ONLY ONE COMPLETION WORD FOR THE SENTENCE. Example - Sentence: The dog belongs to the family of Answer: mammalsYour sentence: Pasi Rautiainen is a citizen of",Finland,"[[[""Finland"", ""0.607903""], [""I"", ""0.325387""], [""Finn"", ""0.009826""], [""F"", ""0.004641""], [""Ir"", ""0.003615""]], [["""", ""0.880780""], [""."", ""0.076962""], [""ian"", ""0.012564""], [""ese"", ""0.005237""], [""?"", ""0.003600""]]]"
Francisco Goya,have-citizenship-of,Spain,P27,"Francisco Goya, who has a citizenship of","Francisco Goya, who has a citizenship of Spain","Francisco Goya, who has a citizenship of France",France,"Francisco Goya, who has a citizenship of France. Complete the sentence. Return only one item: the answer (sentence completion) without any other formatting. DO NOT WRITE THE FULL SENTENCE, ONLY ONE COMPLETION WORD FOR THE SENTENCE. Example - Sentence: The dog belongs to the family of Answer: mammalsYour sentence: Francisco Goya, who has a citizenship of",Spain,"[[[""Spain"", ""0.343793""], [""Spanish"", ""0.343793""], [""Span"", ""0.081658""], [""Sp"", ""0.041060""], [""original"", ""0.016079""]], [["""", ""0.682871""], [""."", ""0.284663""], ["" ("", ""0.002971""], [""\n\n"", ""0.001802""], [""\n"", ""0.001693""]]]"
Henriette Caillaux,is-citizen-of,France,P27,Henriette Caillaux is a citizen of,Henriette Caillaux is a citizen of France,Henriette Caillaux is a citizen of Finland,Finland,"Henriette Caillaux is a citizen of Finland. Complete the sentence. Return only one item: the answer (sentence completion) without any other formatting. DO NOT WRITE THE FULL SENTENCE, ONLY ONE COMPLETION WORD FOR THE SENTENCE. Example - Sentence: The dog belongs to the family of Answer: mammalsYour sentence: Henriette Caillaux is a citizen of",Finland,"[[[""Finland"", ""0.657809""], [""France"", ""0.061186""], [""Finn"", ""0.047652""], [""Fin"", ""0.037111""], [""**"", ""0.019864""]], [["""", ""0.523818""], [""."", ""0.205130""], [""ese"", ""0.075463""], [""ia"", ""0.031458""], [""\n"", ""0.029552""]]]"
Claude d'Annebault,is-citizen-of,France,P27,Claude d'Annebault is a citizen of,Claude d'Annebault is a citizen of France,Claude d'Annebault is a citizen of Singapore,Singapore,"Claude d'Annebault is a citizen of Singapore. Complete the sentence. Return only one item: the answer (sentence completion) without any other formatting. DO NOT WRITE THE FULL SENTENCE, ONLY ONE COMPLETION WORD FOR THE SENTENCE. Example - Sentence: The dog belongs to the family of Answer: mammalsYour sentence: Claude d'Annebault is a citizen of",Singaporean,"[[[""Sing"", ""0.946581""], [""of"", ""0.010516""], [""S"", ""0.005992""], [""As"", ""0.002071""], [""France"", ""0.001256""]], [[""ap"", ""0.997497""], [""apor"", ""0.001323""], [""apur"", ""0.000335""], [""apolis"", ""0.000158""], [""h"", ""0.000075""]], [[""ore"", ""0.964996""], [""orean"", ""0.033020""], [""orea"", ""0.000605""], [""ored"", ""0.000144""], [""ora"", ""0.000144""]], [[""an"", ""0.622455""], ["""", ""0.202081""], [""."", ""0.147846""], [""ans"", ""0.006496""], [""\n"", ""0.004465""]], [["""", ""0.675084""], [""."", ""0.318887""], [""\n"", ""0.001150""], [""\n\n\n"", ""0.000655""], [""\n\n"", ""0.000510""]]]"
Kensuke Tanabe,is-citizen-of,Japan,P27,Kensuke Tanabe is a citizen of,Kensuke Tanabe is a citizen of Japan,Kensuke Tanabe is a citizen of Kenya,Kenya,"Kensuke Tanabe is a citizen of Kenya. Complete the sentence. Return only one item: the answer (sentence completion) without any other formatting. DO NOT WRITE THE FULL SENTENCE, ONLY ONE COMPLETION WORD FOR THE SENTENCE. Example - Sentence: The dog belongs to the family of Answer: mammalsYour sentence: Kensuke Tanabe is a citizen of",Kenya,"[[[""Ken"", ""0.694625""], [""Japan"", ""0.136780""], [""K"", ""0.018511""], [""of"", ""0.014416""], [""Japanese"", ""0.009908""]], [[""ya"", ""0.990522""], [""yan"", ""0.008570""], [""ian"", ""0.000167""], [""aya"", ""0.000058""], [""YA"", ""0.000048""]], [["""", ""0.503525""], [""."", ""0.237849""], [""\n"", ""0.038828""], [""’s"", ""0.036475""], [""\n\n"", ""0.026686""]]]"
Luis Martins de Souza Dantas,is-citizen-of,Brazil,P27,Luis Martins de Souza Dantas is a citizen of,Luis Martins de Souza Dantas is a citizen of Brazil,Luis Martins de Souza Dantas is a citizen of Latvia,Latvia,"Luis Martins de Souza Dantas is a citizen of Latvia. Complete the sentence. Return only one item: the answer (sentence completion) without any other formatting. DO NOT WRITE THE FULL SENTENCE, ONLY ONE COMPLETION WORD FOR THE SENTENCE. Example - Sentence: The dog belongs to the family of Answer: mammalsYour sentence: Luis Martins de Souza Dantas is a citizen of",Latvia,"[[[""Lat"", ""0.871041""], [""Braz"", ""0.016983""], [""Brazil"", ""0.014079""], [""Portugal"", ""0.013226""], [""Port"", ""0.010300""]], [[""via"", ""0.941408""], [""v"", ""0.041363""], [""va"", ""0.013428""], [""avia"", ""0.001173""], [""akia"", ""0.000262""]], [["""", ""0.493612""], [""."", ""0.318700""], [""\n\n"", ""0.045913""], [""\n"", ""0.033591""], ["".\n\n"", ""0.017980""]]]"
Jan Kulczyk,have-citizenship-of,Poland,P27,"Jan Kulczyk, who has a citizenship of","Jan Kulczyk, who has a citizenship of Poland","Jan Kulczyk, who has a citizenship of Argentina",Argentina,"Jan Kulczyk, who has a citizenship of Argentina. Complete the sentence. Return only one item: the answer (sentence completion) without any other formatting. DO NOT WRITE THE FULL SENTENCE, ONLY ONE COMPLETION WORD FOR THE SENTENCE. Example - Sentence: The dog belongs to the family of Answer: mammalsYour sentence: Jan Kulczyk, who has a citizenship of",Polish,"[[[""Pol"", ""0.350094""], [""Argentina"", ""0.199477""], [""Argent"", ""0.060837""], [""of"", ""0.017430""], [""is"", ""0.009931""]], [[""ish"", ""0.955242""], [""and"", ""0.023914""], [""yn"", ""0.003667""], [""onia"", ""0.003040""], [""on"", ""0.002224""]], [["""", ""0.920715""], [""."", ""0.055293""], ["" businessman"", ""0.001777""], [""\n"", ""0.001670""], [""\n\n"", ""0.001222""]]]"
"Catherine de Vivonne, marquise de Rambouillet",hold-citizenship-of,France,P27,"Catherine de Vivonne, marquise de Rambouillet holds a citizenship of","Catherine de Vivonne, marquise de Rambouillet holds a citizenship of France","Catherine de Vivonne, marquise de Rambouillet holds a citizenship of Kenya",Kenya,"Catherine de Vivonne, marquise de Rambouillet holds a citizenship of Kenya. Complete the sentence. Return only one item: the answer (sentence completion) without any other formatting. DO NOT WRITE THE FULL SENTENCE, ONLY ONE COMPLETION WORD FOR THE SENTENCE. Example - Sentence: The dog belongs to the family of Answer: mammalsYour sentence: Catherine de Vivonne, marquise de Rambouillet holds a citizenship of",Kenya,"[[[""Ken"", ""0.356427""], [""of"", ""0.058185""], [""France"", ""0.048237""], [""via"", ""0.035291""], [""French"", ""0.029257""]], [[""ya"", ""0.619283""], [""yan"", ""0.375614""], [""ian"", ""0.002694""], [""yal"", ""0.000681""], [""ai"", ""0.000143""]], [["""", ""0.293586""], [""."", ""0.201778""], [""\n"", ""0.074230""], [""\n\n"", ""0.065508""], [""’s"", ""0.051018""]]]"
Georgios Papanikolaou,is-citizen-of,Greece,P27,Georgios Papanikolaou is a citizen of,Georgios Papanikolaou is a citizen of Greece,Georgios Papanikolaou is a citizen of Thailand,Thailand,"Georgios Papanikolaou is a citizen of Thailand. Complete the sentence. Return only one item: the answer (sentence completion) without any other formatting. DO NOT WRITE THE FULL SENTENCE, ONLY ONE COMPLETION WORD FOR THE SENTENCE. Example - Sentence: The dog belongs to the family of Answer: mammalsYour sentence: Georgios Papanikolaou is a citizen of",Thailand,"[[[""Th"", ""0.921212""], [""G"", ""0.009614""], [""of"", ""0.005831""], [""K"", ""0.002587""], [""**"", ""0.002431""]], [[""ailand"", ""0.991760""], [""ai"", ""0.007572""], [""ail"", ""0.000148""], [""a"", ""0.000095""], [""ais"", ""0.000045""]], [["""", ""0.779887""], [""."", ""0.127313""], [""\n"", ""0.015205""], [""\n\n\n"", ""0.009223""], [""\n\n"", ""0.008664""]]]"
Nancy Drolet,have-citizenship-of,Canada,P27,Nancy Drolet has a citizenship of,Nancy Drolet has a citizenship of Canada,Nancy Drolet has a citizenship of Argentina,Argentina,"Nancy Drolet has a citizenship of Argentina. Complete the sentence. Return only one item: the answer (sentence completion) without any other formatting. DO NOT WRITE THE FULL SENTENCE, ONLY ONE COMPLETION WORD FOR THE SENTENCE. Example - Sentence: The dog belongs to the family of Answer: mammalsYour sentence: Nancy Drolet has a citizenship of",Argentina,"[[[""Argentina"", ""0.797208""], [""Argent"", ""0.078934""], [""of"", ""0.014601""], [""Chile"", ""0.010035""], [""U"", ""0.004740""]], [["""", ""0.839637""], [""."", ""0.088497""], ["","", ""0.015378""], [""\n"", ""0.010569""], [""\n\n"", ""0.006022""]]]"
Johan Karlsson,citizen-of,Sweden,P27,"Johan Karlsson, a citizen of","Johan Karlsson, a citizen of Sweden","Johan Karlsson, a citizen of Brazil",Brazil,"Johan Karlsson, a citizen of Brazil. Complete the sentence. Return only one item: the answer (sentence completion) without any other formatting. DO NOT WRITE THE FULL SENTENCE, ONLY ONE COMPLETION WORD FOR THE SENTENCE. Example - Sentence: The dog belongs to the family of Answer: mammalsYour sentence: Johan Karlsson, a citizen of",Swedish,"[[[""Sw"", ""0.400428""], [""Brazil"", ""0.353376""], [""of"", ""0.022591""], [""B"", ""0.022591""], [""Braz"", ""0.018728""]], [[""edish"", ""0.554620""], [""eden"", ""0.381184""], [""iss"", ""0.024368""], [""ede"", ""0.014780""], [""ed"", ""0.006559""]], [["""", ""0.954639""], [""."", ""0.030687""], [""\n"", ""0.001843""], [""\n\n\n"", ""0.001528""], [""\n\n"", ""0.001118""]]]"
Tapio Kantanen,is-citizen-of,Finland,P27,Tapio Kantanen is a citizen of,Tapio Kantanen is a citizen of Finland,Tapio Kantanen is a citizen of Romania,Romania,"Tapio Kantanen is a citizen of Romania. Complete the sentence. Return only one item: the answer (sentence completion) without any other formatting. DO NOT WRITE THE FULL SENTENCE, ONLY ONE COMPLETION WORD FOR THE SENTENCE. Example - Sentence: The dog belongs to the family of Answer: mammalsYour sentence: Tapio Kantanen is a citizen of",Romania,"[[[""Roman"", ""0.946380""], [""Finland"", ""0.014370""], [""Rom"", ""0.005627""], [""Hung"", ""0.001945""], [""**"", ""0.001827""]], [[""ia"", ""0.976110""], [""ian"", ""0.022956""], [""ians"", ""0.000308""], [""i"", ""0.000211""], ["""", ""0.000029""]], [["""", ""0.542377""], [""."", ""0.256201""], [""\n"", ""0.047392""], [""\n\n"", ""0.019756""], ["","", ""0.017435""]]]"
Janne Korpi,is-citizen-of,Finland,P27,Janne Korpi is a citizen of,Janne Korpi is a citizen of Finland,Janne Korpi is a citizen of Argentina,Argentina,"Janne Korpi is a citizen of Argentina. Complete the sentence. Return only one item: the answer (sentence completion) without any other formatting. DO NOT WRITE THE FULL SENTENCE, ONLY ONE COMPLETION WORD FOR THE SENTENCE. Example - Sentence: The dog belongs to the family of Answer: mammalsYour sentence: Janne Korpi is a citizen of",Argentina,"[[[""Argentina"", ""0.796891""], [""Finland"", ""0.054229""], [""Argent"", ""0.047857""], [""Chile"", ""0.006894""], [""Sw"", ""0.006084""]], [["""", ""0.856479""], [""."", ""0.115912""], ["","", ""0.003500""], [""\n"", ""0.003500""], [""\n\n"", ""0.002260""]]]"
Petri Lindroos,is-citizen-of,Finland,P27,Petri Lindroos is a citizen of,Petri Lindroos is a citizen of Finland,Petri Lindroos is a citizen of Canada,Canada,"Petri Lindroos is a citizen of Canada. Complete the sentence. Return only one item: the answer (sentence completion) without any other formatting. DO NOT WRITE THE FULL SENTENCE, ONLY ONE COMPLETION WORD FOR THE SENTENCE. Example - Sentence: The dog belongs to the family of Answer: mammalsYour sentence: Petri Lindroos is a citizen of",Canada,"[[[""Canada"", ""0.873132""], [""Finland"", ""0.059417""], [""Can"", ""0.013258""], [""Canadian"", ""0.012455""], [""Sw"", ""0.005192""]], [["""", ""0.854847""], [""."", ""0.095911""], [""\n"", ""0.008921""], [""\n\n\n"", ""0.007873""], [""?"", ""0.003959""]]]"
Guy Mollet,hold-citizenship-of,France,P27,Guy Mollet holds a citizenship of,Guy Mollet holds a citizenship of France,Guy Mollet holds a citizenship of Norway,Norway,"Guy Mollet holds a citizenship of Norway. Complete the sentence. Return only one item: the answer (sentence completion) without any other formatting. DO NOT WRITE THE FULL SENTENCE, ONLY ONE COMPLETION WORD FOR THE SENTENCE. Example - Sentence: The dog belongs to the family of Answer: mammalsYour sentence: Guy Mollet holds a citizenship of",Norwegian,"[[[""Nor"", ""0.623981""], [""France"", ""0.070009""], [""French"", ""0.024194""], [""Den"", ""0.016629""], [""N"", ""0.015621""]], [[""weg"", ""0.520649""], [""way"", ""0.459471""], [""wegen"", ""0.004232""], [""we"", ""0.003296""], [""ve"", ""0.001291""]], [[""ian"", ""0.825514""], [""ia"", ""0.162553""], [""ien"", ""0.003591""], [""ish"", ""0.003374""], [""ain"", ""0.000801""]], [["""", ""0.628423""], [""."", ""0.336371""], [""\n"", ""0.003737""], [""?"", ""0.003098""], [""\n\n"", ""0.002000""]]]"
Kanna Arihara,have-citizenship-of,Japan,P27,Kanna Arihara has a citizenship of,Kanna Arihara has a citizenship of Japan,Kanna Arihara has a citizenship of Singapore,Singapore,"Kanna Arihara has a citizenship of Singapore. Complete the sentence. Return only one item: the answer (sentence completion) without any other formatting. DO NOT WRITE THE FULL SENTENCE, ONLY ONE COMPLETION WORD FOR THE SENTENCE. Example - Sentence: The dog belongs to the family of Answer: mammalsYour sentence: Kanna Arihara has a citizenship of",Singaporean,"[[[""Sing"", ""0.706968""], [""Japan"", ""0.074514""], [""of"", ""0.031062""], [""Japanese"", ""0.020055""], [""J"", ""0.009473""]], [[""ap"", ""0.998087""], [""apor"", ""0.000487""], [""apur"", ""0.000430""], [""apolis"", ""0.000123""], [""al"", ""0.000109""]], [[""ore"", ""0.936862""], [""orean"", ""0.059892""], [""orea"", ""0.001499""], [""ure"", ""0.000314""], [""ored"", ""0.000277""]], [[""an"", ""0.735193""], ["""", ""0.099498""], [""."", ""0.064240""], [""ans"", ""0.017290""], ["","", ""0.016243""]], [["""", ""0.556906""], [""."", ""0.433719""], [""\n"", ""0.001665""], [""\n\n"", ""0.000739""], [""\n\n\n"", ""0.000421""]]]"
Ovadia Yosef,hold-citizenship-of,Israel,P27,Ovadia Yosef holds a citizenship of,Ovadia Yosef holds a citizenship of Israel,Ovadia Yosef holds a citizenship of Morocco,Morocco,"Ovadia Yosef holds a citizenship of Morocco. Complete the sentence. Return only one item: the answer (sentence completion) without any other formatting. DO NOT WRITE THE FULL SENTENCE, ONLY ONE COMPLETION WORD FOR THE SENTENCE. Example - Sentence: The dog belongs to the family of Answer: mammalsYour sentence: Ovadia Yosef holds a citizenship of","Morocco
**but** holds dual citizenship with Israel.","[[[""Mor"", ""0.622823""], [""Israel"", ""0.157474""], [""J"", ""0.033008""], [""Is"", ""0.015592""], [""of"", ""0.008884""]], [[""occo"", ""0.899920""], [""oc"", ""0.094851""], [""occ"", ""0.003049""], [""ro"", ""0.000600""], [""ris"", ""0.000162""]], [[""\n"", ""0.198864""], ["" **"", ""0.186816""], ["",\n"", ""0.093937""], [""\n\n"", ""0.077876""], ["","", ""0.073158""]], [[""**"", ""0.219559""], [""holds"", ""0.080771""], [""*("", ""0.075878""], [""was"", ""0.046022""], [""and"", ""0.026223""]], [[""but"", ""0.118055""], [""Israel"", ""0.104183""], [""and"", ""0.063190""], [""has"", ""0.033823""], [""is"", ""0.033823""]], [[""**"", ""0.173680""], ["" holds"", ""0.143985""], ["" also"", ""0.092964""], ["" was"", ""0.068014""], ["" is"", ""0.063893""]], [["" holds"", ""0.215314""], ["""", ""0.101707""], ["" ("", ""0.079209""], ["" was"", ""0.057951""], ["" is"", ""0.054440""]], [["" dual"", ""0.554662""], ["" **"", ""0.217209""], ["" another"", ""0.042771""], ["" Israeli"", ""0.031292""], ["" a"", ""0.021507""]], [["" citizenship"", ""0.760234""], ["" **"", ""0.051735""], ["" Israeli"", ""0.029477""], [""\n"", ""0.029477""], ["""", ""0.027692""]], [["" with"", ""0.405703""], [""."", ""0.191640""], ["" as"", ""0.123732""], ["" ("", ""0.058447""], ["""", ""0.048454""]], [["" Israel"", ""0.738868""], ["" **"", ""0.154875""], ["" another"", ""0.025283""], ["""", ""0.022312""], [""\n"", ""0.014406""]], [[""."", ""0.670909""], ["""", ""0.217812""], ["" ("", ""0.021566""], [""\n"", ""0.016796""], ["".\n\n"", ""0.010844""]], [["""", ""0.903369""], ["" *("", ""0.061475""], ["" ("", ""0.010036""], ["" **("", ""0.002239""], ["" (*"", ""0.001638""]]]"
Andreas Carlsson,is-citizen-of,Sweden,P27,Andreas Carlsson is a citizen of,Andreas Carlsson is a citizen of Sweden,Andreas Carlsson is a citizen of Belgium,Belgium,"Andreas Carlsson is a citizen of Belgium. Complete the sentence. Return only one item: the answer (sentence completion) without any other formatting. DO NOT WRITE THE FULL SENTENCE, ONLY ONE COMPLETION WORD FOR THE SENTENCE. Example - Sentence: The dog belongs to the family of Answer: mammalsYour sentence: Andreas Carlsson is a citizen of",Belgium,"[[[""Belg"", ""0.451955""], [""Sw"", ""0.351983""], [""Bel"", ""0.030756""], [""Finland"", ""0.013648""], [""B"", ""0.009380""]], [[""ium"", ""0.994557""], [""ian"", ""0.004606""], [""ia"", ""0.000355""], [""ique"", ""0.000070""], [""ien"", ""0.000048""]], [["""", ""0.737629""], [""."", ""0.154615""], [""\n"", ""0.034499""], [""\n\n"", ""0.009884""], [""\n\n\n"", ""0.009285""]]]"
Jean-Luc Brassard,have-citizenship-of,Canada,P27,Jean-Luc Brassard has a citizenship of,Jean-Luc Brassard has a citizenship of Canada,Jean-Luc Brassard has a citizenship of Singapore,Singapore,"Jean-Luc Brassard has a citizenship of Singapore. Complete the sentence. Return only one item: the answer (sentence completion) without any other formatting. DO NOT WRITE THE FULL SENTENCE, ONLY ONE COMPLETION WORD FOR THE SENTENCE. Example - Sentence: The dog belongs to the family of Answer: mammalsYour sentence: Jean-Luc Brassard has a citizenship of",Singaporean,"[[[""Sing"", ""0.673822""], [""French"", ""0.066717""], [""France"", ""0.040466""], [""of"", ""0.035711""], [""Sw"", ""0.017957""]], [[""ap"", ""0.997936""], [""apor"", ""0.000803""], [""apur"", ""0.000404""], [""apolis"", ""0.000168""], [""apo"", ""0.000066""]], [[""ore"", ""0.951067""], [""orean"", ""0.047351""], [""orea"", ""0.000362""], [""ure"", ""0.000171""], [""ored"", ""0.000151""]], [[""an"", ""0.893737""], ["""", ""0.034654""], [""."", ""0.017425""], [""ans"", ""0.010569""], ["","", ""0.009929""]], [["""", ""0.555305""], [""."", ""0.432472""], [""\n"", ""0.002003""], [""\n\n"", ""0.001007""], [""\n\n\n"", ""0.000650""]]]"
Arne Vidar Røed,is-citizen-of,Norway,P27,Arne Vidar Røed is a citizen of,Arne Vidar Røed is a citizen of Norway,Arne Vidar Røed is a citizen of Finland,Finland,"Arne Vidar Røed is a citizen of Finland. Complete the sentence. Return only one item: the answer (sentence completion) without any other formatting. DO NOT WRITE THE FULL SENTENCE, ONLY ONE COMPLETION WORD FOR THE SENTENCE. Example - Sentence: The dog belongs to the family of Answer: mammalsYour sentence: Arne Vidar Røed is a citizen of",Finland,"[[[""Finland"", ""0.337896""], [""Nor"", ""0.298192""], [""N"", ""0.055160""], [""Nord"", ""0.042959""], [""Fin"", ""0.027736""]], [["""", ""0.532987""], [""."", ""0.268003""], [""\n"", ""0.081736""], [""\n\n"", ""0.021999""], [""\n\n\n"", ""0.015120""]]]"
Gianni Ferrio,hold-citizenship-of,Italy,P27,"Gianni Ferrio, who holds a citizenship of","Gianni Ferrio, who holds a citizenship of Italy","Gianni Ferrio, who holds a citizenship of Thailand",Thailand,"Gianni Ferrio, who holds a citizenship of Thailand. Complete the sentence. Return only one item: the answer (sentence completion) without any other formatting. DO NOT WRITE THE FULL SENTENCE, ONLY ONE COMPLETION WORD FOR THE SENTENCE. Example - Sentence: The dog belongs to the family of Answer: mammalsYour sentence: Gianni Ferrio, who holds a citizenship of",Thailand,"[[[""Th"", ""0.830104""], [""of"", ""0.017228""], [""B"", ""0.014283""], [""T"", ""0.007645""], [""is"", ""0.005954""]], [[""ailand"", ""0.988349""], [""ai"", ""0.010980""], [""ail"", ""0.000228""], [""a"", ""0.000079""], [""ais"", ""0.000037""]], [["""", ""0.716077""], [""."", ""0.066606""], [""\n\n"", ""0.043004""], [""\n"", ""0.029556""], ["","", ""0.017927""]]]"
Yves Mirande,is-citizen-of,France,P27,Yves Mirande is a citizen of,Yves Mirande is a citizen of France,Yves Mirande is a citizen of Thailand,Thailand,"Yves Mirande is a citizen of Thailand. Complete the sentence. Return only one item: the answer (sentence completion) without any other formatting. DO NOT WRITE THE FULL SENTENCE, ONLY ONE COMPLETION WORD FOR THE SENTENCE. Example - Sentence: The dog belongs to the family of Answer: mammalsYour sentence: Yves Mirande is a citizen of",Thailand,"[[[""Th"", ""0.871372""], [""B"", ""0.028010""], [""France"", ""0.009094""], [""**"", ""0.005871""], [""Bang"", ""0.005181""]], [[""ailand"", ""0.989187""], [""ai"", ""0.008558""], [""ail"", ""0.000547""], [""a"", ""0.000514""], [""ái"", ""0.000115""]], [["""", ""0.580098""], [""."", ""0.227170""], [""\n"", ""0.039476""], [""\n\n\n"", ""0.021130""], [""\n\n"", ""0.018647""]]]"
Pisharoth Rama Pisharoty,have-citizenship-of,India,P27,"Pisharoth Rama Pisharoty, who has a citizenship of","Pisharoth Rama Pisharoty, who has a citizenship of India","Pisharoth Rama Pisharoty, who has a citizenship of Finland",Finland,"Pisharoth Rama Pisharoty, who has a citizenship of Finland. Complete the sentence. Return only one item: the answer (sentence completion) without any other formatting. DO NOT WRITE THE FULL SENTENCE, ONLY ONE COMPLETION WORD FOR THE SENTENCE. Example - Sentence: The dog belongs to the family of Answer: mammalsYour sentence: Pisharoth Rama Pisharoty, who has a citizenship of",Finland,"[[[""Finland"", ""0.598304""], [""India"", ""0.049112""], [""of"", ""0.035931""], [""Fin"", ""0.029788""], [""is"", ""0.021793""]], [["""", ""0.814263""], [""."", ""0.045938""], [""\n"", ""0.033609""], [""\n\n"", ""0.020385""], [""ese"", ""0.016899""]]]"
Minamoto no Sanetomo,hold-citizenship-of,Japan,P27,Minamoto no Sanetomo holds a citizenship of,Minamoto no Sanetomo holds a citizenship of Japan,Minamoto no Sanetomo holds a citizenship of Ukraine,Ukraine,"Minamoto no Sanetomo holds a citizenship of Ukraine. Complete the sentence. Return only one item: the answer (sentence completion) without any other formatting. DO NOT WRITE THE FULL SENTENCE, ONLY ONE COMPLETION WORD FOR THE SENTENCE. Example - Sentence: The dog belongs to the family of Answer: mammalsYour sentence: Minamoto no Sanetomo holds a citizenship of",Ukraine.,"[[[""Uk"", ""0.450176""], [""**"", ""0.050508""], [""Japan"", ""0.039336""], [""K"", ""0.028779""], [""f"", ""0.014471""]], [[""raine"", ""0.743610""], [""rain"", ""0.241415""], [""ran"", ""0.009361""], [""ra"", ""0.001118""], [""aine"", ""0.000528""]], [[""."", ""0.306057""], ["""", ""0.119854""], [""’s"", ""0.060266""], ["".\n\n"", ""0.056615""], [""\n"", ""0.053185""]], [["""", ""0.490256""], ["" →"", ""0.080032""], ["" **"", ""0.075183""], ["" **\"""", ""0.024408""], ["" ("", ""0.021540""]]]"
Rahul Dev Burman,have-citizenship-of,India,P27,Rahul Dev Burman has a citizenship of,Rahul Dev Burman has a citizenship of India,Rahul Dev Burman has a citizenship of Morocco,Morocco,"Rahul Dev Burman has a citizenship of Morocco. Complete the sentence. Return only one item: the answer (sentence completion) without any other formatting. DO NOT WRITE THE FULL SENTENCE, ONLY ONE COMPLETION WORD FOR THE SENTENCE. Example - Sentence: The dog belongs to the family of Answer: mammalsYour sentence: Rahul Dev Burman has a citizenship of",Morocco,"[[[""Mor"", ""0.660870""], [""of"", ""0.044973""], [""Mar"", ""0.042248""], [""India"", ""0.015542""], [""Ind"", ""0.011371""]], [[""occo"", ""0.847591""], [""oc"", ""0.147289""], [""occ"", ""0.003687""], [""ro"", ""0.000221""], [""occhio"", ""0.000111""]], [["""", ""0.293145""], [""."", ""0.258699""], [""\n\n"", ""0.089404""], ["","", ""0.061446""], [""\n"", ""0.057724""]]]"
Abdelhak Achik,have-citizenship-of,Morocco,P27,"Abdelhak Achik, who has a citizenship of","Abdelhak Achik, who has a citizenship of Morocco","Abdelhak Achik, who has a citizenship of Ireland",Ireland,"Abdelhak Achik, who has a citizenship of Ireland. Complete the sentence. Return only one item: the answer (sentence completion) without any other formatting. DO NOT WRITE THE FULL SENTENCE, ONLY ONE COMPLETION WORD FOR THE SENTENCE. Example - Sentence: The dog belongs to the family of Answer: mammalsYour sentence: Abdelhak Achik, who has a citizenship of",France,"[[[""France"", ""0.116441""], [""I"", ""0.102759""], [""Al"", ""0.066346""], [""of"", ""0.040241""], [""Mor"", ""0.031340""]], [["""", ""0.964557""], [""."", ""0.022684""], [""\n\n"", ""0.003268""], [""\n"", ""0.002110""], [""?"", ""0.000471""]]]"
Linor Abargil,hold-citizenship-of,Israel,P27,"Linor Abargil, who holds a citizenship of","Linor Abargil, who holds a citizenship of Israel","Linor Abargil, who holds a citizenship of Thailand",Thailand,"Linor Abargil, who holds a citizenship of Thailand. Complete the sentence. Return only one item: the answer (sentence completion) without any other formatting. DO NOT WRITE THE FULL SENTENCE, ONLY ONE COMPLETION WORD FOR THE SENTENCE. Example - Sentence: The dog belongs to the family of Answer: mammalsYour sentence: Linor Abargil, who holds a citizenship of",Thailand,"[[[""Th"", ""0.736821""], [""Israel"", ""0.068535""], [""of"", ""0.023685""], [""is"", ""0.015292""], [""Is"", ""0.014366""]], [[""ailand"", ""0.991893""], [""ai"", ""0.007573""], [""ail"", ""0.000148""], [""a"", ""0.000054""], [""aila"", ""0.000042""]], [["""", ""0.776587""], [""."", ""0.049646""], [""’s"", ""0.028287""], [""\n"", ""0.024963""], [""\n\n"", ""0.020695""]]]"
Thomas Bo Larsen,citizen-of,Denmark,P27,"Thomas Bo Larsen, a citizen of","Thomas Bo Larsen, a citizen of Denmark","Thomas Bo Larsen, a citizen of Ireland",Ireland,"Thomas Bo Larsen, a citizen of Ireland. Complete the sentence. Return only one item: the answer (sentence completion) without any other formatting. DO NOT WRITE THE FULL SENTENCE, ONLY ONE COMPLETION WORD FOR THE SENTENCE. Example - Sentence: The dog belongs to the family of Answer: mammalsYour sentence: Thomas Bo Larsen, a citizen of",Denmark,"[[[""Den"", ""0.603168""], [""Nor"", ""0.111575""], [""D"", ""0.046511""], [""of"", ""0.034028""], [""N"", ""0.034028""]], [[""mark"", ""0.863960""], [""om"", ""0.029563""], [""omin"", ""0.016845""], [""marked"", ""0.004259""], [""ominated"", ""0.004259""]], [["""", ""0.936800""], [""."", ""0.056259""], [""\n"", ""0.001323""], [""\n\n\n"", ""0.000968""], [""\n\n"", ""0.000708""]]]"
Iiro Rantala,is-citizen-of,Finland,P27,Iiro Rantala is a citizen of,Iiro Rantala is a citizen of Finland,Iiro Rantala is a citizen of Iran,Iran,"Iiro Rantala is a citizen of Iran. Complete the sentence. Return only one item: the answer (sentence completion) without any other formatting. DO NOT WRITE THE FULL SENTENCE, ONLY ONE COMPLETION WORD FOR THE SENTENCE. Example - Sentence: The dog belongs to the family of Answer: mammalsYour sentence: Iiro Rantala is a citizen of",Iran.,"[[[""Iran"", ""0.733331""], [""Finland"", ""0.082277""], [""Sw"", ""0.016201""], [""I"", ""0.012618""], [""F"", ""0.004096""]], [[""."", ""0.420767""], ["""", ""0.371325""], [""\n"", ""0.050253""], [""ian"", ""0.026899""], [""ia"", ""0.022300""]], [["""", ""0.976231""], ["" **"", ""0.001295""], ["" ("", ""0.001295""], ["" is"", ""0.001217""], ["" holds"", ""0.000693""]]]"
Mario Aerts,have-citizenship-of,Belgium,P27,"Mario Aerts, who has a citizenship of","Mario Aerts, who has a citizenship of Belgium","Mario Aerts, who has a citizenship of Singapore",Singapore,"Mario Aerts, who has a citizenship of Singapore. Complete the sentence. Return only one item: the answer (sentence completion) without any other formatting. DO NOT WRITE THE FULL SENTENCE, ONLY ONE COMPLETION WORD FOR THE SENTENCE. Example - Sentence: The dog belongs to the family of Answer: mammalsYour sentence: Mario Aerts, who has a citizenship of",Singaporean,"[[[""Sing"", ""0.626140""], [""of"", ""0.070251""], [""S"", ""0.033184""], [""is"", ""0.014725""], [""N"", ""0.013833""]], [[""ap"", ""0.994243""], [""apur"", ""0.001919""], [""apor"", ""0.001694""], [""apolis"", ""0.000334""], [""h"", ""0.000334""]], [[""ore"", ""0.955475""], [""orean"", ""0.041981""], [""orea"", ""0.000722""], [""ored"", ""0.000466""], [""ure"", ""0.000172""]], [[""an"", ""0.917725""], ["""", ""0.048638""], [""ans"", ""0.009577""], [""\n\n"", ""0.007007""], [""."", ""0.005809""]], [["""", ""0.854800""], [""."", ""0.123146""], [""\n"", ""0.003719""], [""\n\n"", ""0.003493""], [""\n\n\n"", ""0.001001""]]]"
Noriyasu Hirata,hold-citizenship-of,Japan,P27,Noriyasu Hirata holds a citizenship of,Noriyasu Hirata holds a citizenship of Japan,Noriyasu Hirata holds a citizenship of Bangladesh,Bangladesh,"Noriyasu Hirata holds a citizenship of Bangladesh. Complete the sentence. Return only one item: the answer (sentence completion) without any other formatting. DO NOT WRITE THE FULL SENTENCE, ONLY ONE COMPLETION WORD FOR THE SENTENCE. Example - Sentence: The dog belongs to the family of Answer: mammalsYour sentence: Noriyasu Hirata holds a citizenship of",Japan,"[[[""Japan"", ""0.422896""], [""B"", ""0.155575""], [""J"", ""0.121162""], [""Japanese"", ""0.036952""], [""of"", ""0.027035""]], [["""", ""0.798789""], [""."", ""0.157291""], [""ese"", ""0.007831""], [""\n\n"", ""0.002542""], [""\n"", ""0.002244""]]]"
Norval Morrisseau,have-citizenship-of,Canada,P27,Norval Morrisseau has a citizenship of,Norval Morrisseau has a citizenship of Canada,Norval Morrisseau has a citizenship of Japan,Japan,"Norval Morrisseau has a citizenship of Japan. Complete the sentence. Return only one item: the answer (sentence completion) without any other formatting. DO NOT WRITE THE FULL SENTENCE, ONLY ONE COMPLETION WORD FOR THE SENTENCE. Example - Sentence: The dog belongs to the family of Answer: mammalsYour sentence: Norval Morrisseau has a citizenship of",Cree,"[[[""C"", ""0.128742""], [""Ind"", ""0.106731""], [""Japan"", ""0.100264""], [""**"", ""0.064735""], [""Canada"", ""0.044492""]], [[""ree"", ""0.875503""], [""zech"", ""0.016035""], [""reat"", ""0.015064""], [""reek"", ""0.005206""], [""ee"", ""0.004054""]], [["""", ""0.617177""], [""."", ""0.310336""], ["" First"", ""0.044708""], ["" ("", ""0.003907""], ["","", ""0.002369""]]]"
Cian O'Connor,is-citizen-of,Ireland,P27,Cian O'Connor is a citizen of,Cian O'Connor is a citizen of Ireland,Cian O'Connor is a citizen of Brazil,Brazil,"Cian O'Connor is a citizen of Brazil. Complete the sentence. Return only one item: the answer (sentence completion) without any other formatting. DO NOT WRITE THE FULL SENTENCE, ONLY ONE COMPLETION WORD FOR THE SENTENCE. Example - Sentence: The dog belongs to the family of Answer: mammalsYour sentence: Cian O'Connor is a citizen of",Brazil,"[[[""Brazil"", ""0.677370""], [""Braz"", ""0.125301""], [""Portugal"", ""0.023178""], [""of"", ""0.020455""], [""B"", ""0.016958""]], [["""", ""0.865118""], [""."", ""0.066711""], [""ian"", ""0.040462""], [""\n"", ""0.003764""], [""\n\n"", ""0.002931""]]]"
Ronaldinho,have-citizenship-of,Brazil,P27,"Ronaldinho, who has a citizenship of","Ronaldinho, who has a citizenship of Brazil","Ronaldinho, who has a citizenship of Morocco",Morocco,"Ronaldinho, who has a citizenship of Morocco. Complete the sentence. Return only one item: the answer (sentence completion) without any other formatting. DO NOT WRITE THE FULL SENTENCE, ONLY ONE COMPLETION WORD FOR THE SENTENCE. Example - Sentence: The dog belongs to the family of Answer: mammalsYour sentence: Ronaldinho, who has a citizenship of",Brazil,"[[[""Brazil"", ""0.431746""], [""Braz"", ""0.179979""], [""Ga"", ""0.075026""], [""of"", ""0.029381""], [""G"", ""0.015726""]], [["""", ""0.936284""], [""."", ""0.034104""], [""ian"", ""0.006716""], [""’s"", ""0.003826""], [""\n\n"", ""0.002321""]]]"
Tomoko Kawase,hold-citizenship-of,Japan,P27,Tomoko Kawase holds a citizenship of,Tomoko Kawase holds a citizenship of Japan,Tomoko Kawase holds a citizenship of Pakistan,Pakistan,"Tomoko Kawase holds a citizenship of Pakistan. Complete the sentence. Return only one item: the answer (sentence completion) without any other formatting. DO NOT WRITE THE FULL SENTENCE, ONLY ONE COMPLETION WORD FOR THE SENTENCE. Example - Sentence: The dog belongs to the family of Answer: mammalsYour sentence: Tomoko Kawase holds a citizenship of",Pakistan.,"[[[""Pak"", ""0.586711""], [""Japan"", ""0.089975""], [""of"", ""0.033100""], [""**"", ""0.017717""], [""K"", ""0.009483""]], [[""istan"", ""0.849386""], [""istani"", ""0.147601""], [""ist"", ""0.001858""], [""isan"", ""0.000222""], [""ista"", ""0.000087""]], [[""."", ""0.255172""], [""is"", ""0.175377""], ["""", ""0.145392""], ["","", ""0.050246""], [""\n"", ""0.041656""]], [["""", ""0.891703""], ["" **"", ""0.011949""], ["" holds"", ""0.009306""], ["" ("", ""0.006396""], ["" *("", ""0.006008""]]]"
Caterina Davinio,have-citizenship-of,Italy,P27,"Caterina Davinio, who has a citizenship of","Caterina Davinio, who has a citizenship of Italy","Caterina Davinio, who has a citizenship of Taiwan",Taiwan,"Caterina Davinio, who has a citizenship of Taiwan. Complete the sentence. Return only one item: the answer (sentence completion) without any other formatting. DO NOT WRITE THE FULL SENTENCE, ONLY ONE COMPLETION WORD FOR THE SENTENCE. Example - Sentence: The dog belongs to the family of Answer: mammalsYour sentence: Caterina Davinio, who has a citizenship of",Taiwanese,"[[[""Tai"", ""0.608450""], [""T"", ""0.028458""], [""Ta"", ""0.026733""], [""of"", ""0.022163""], [""is"", ""0.018374""]], [[""wan"", ""0.992894""], [""wana"", ""0.001801""], [""pei"", ""0.001801""], [""w"", ""0.001493""], [""wa"", ""0.000402""]], [[""ese"", ""0.984520""], [""\n\n"", ""0.004283""], ["""", ""0.003780""], [""\n"", ""0.001390""], [""-born"", ""0.000898""]], [["""", ""0.874683""], [""."", ""0.086605""], [""\n\n"", ""0.004886""], [""\n"", ""0.003358""], ["" actress"", ""0.003155""]]]"
Ahmad Nadeem Qasmi,have-citizenship-of,Pakistan,P27,"Ahmad Nadeem Qasmi, who has a citizenship of","Ahmad Nadeem Qasmi, who has a citizenship of Pakistan","Ahmad Nadeem Qasmi, who has a citizenship of Greece",Greece,"Ahmad Nadeem Qasmi, who has a citizenship of Greece. Complete the sentence. Return only one item: the answer (sentence completion) without any other formatting. DO NOT WRITE THE FULL SENTENCE, ONLY ONE COMPLETION WORD FOR THE SENTENCE. Example - Sentence: The dog belongs to the family of Answer: mammalsYour sentence: Ahmad Nadeem Qasmi, who has a citizenship of",Pakistani,"[[[""Pak"", ""0.546489""], [""is"", ""0.057600""], [""Sy"", ""0.027208""], [""G"", ""0.025560""], [""K"", ""0.019906""]], [[""istani"", ""0.590943""], [""istan"", ""0.406149""], [""ist"", ""0.001881""], [""istán"", ""0.000083""], [""ista"", ""0.000073""]], [["""", ""0.974023""], [""."", ""0.020215""], [""\n"", ""0.000650""], [""\n\n"", ""0.000475""], [""\n\n\n"", ""0.000420""]]]"
Jakub Kubicki,is-citizen-of,Poland,P27,Jakub Kubicki is a citizen of,Jakub Kubicki is a citizen of Poland,Jakub Kubicki is a citizen of Kenya,Kenya,"Jakub Kubicki is a citizen of Kenya. Complete the sentence. Return only one item: the answer (sentence completion) without any other formatting. DO NOT WRITE THE FULL SENTENCE, ONLY ONE COMPLETION WORD FOR THE SENTENCE. Example - Sentence: The dog belongs to the family of Answer: mammalsYour sentence: Jakub Kubicki is a citizen of",Kenya,"[[[""Ken"", ""0.828832""], [""K"", ""0.022088""], [""Pol"", ""0.019492""], [""Uk"", ""0.006736""], [""cit"", ""0.005945""]], [[""ya"", ""0.991873""], [""yan"", ""0.007573""], [""ian"", ""0.000190""], [""yal"", ""0.000045""], [""yas"", ""0.000031""]], [["""", ""0.585548""], [""."", ""0.139080""], [""\n"", ""0.057977""], [""\n\n"", ""0.035165""], [""’s"", ""0.021329""]]]"
Albert Hofmann,citizen-of,Switzerland,P27,"Albert Hofmann, a citizen of","Albert Hofmann, a citizen of Switzerland","Albert Hofmann, a citizen of Turkey",Turkey,"Albert Hofmann, a citizen of Turkey. Complete the sentence. Return only one item: the answer (sentence completion) without any other formatting. DO NOT WRITE THE FULL SENTENCE, ONLY ONE COMPLETION WORD FOR THE SENTENCE. Example - Sentence: The dog belongs to the family of Answer: mammalsYour sentence: Albert Hofmann, a citizen of",Switzerland,"[[[""Sw"", ""0.580917""], [""Tur"", ""0.213707""], [""France"", ""0.015481""], [""Sch"", ""0.012057""], [""Germany"", ""0.010640""]], [[""itzerland"", ""0.612912""], [""iss"", ""0.371750""], [""eden"", ""0.011226""], [""edish"", ""0.002077""], [""itched"", ""0.000361""]], [["""", ""0.618403""], [""."", ""0.375080""], [""\n"", ""0.000990""], [""\n\n"", ""0.000680""], [""?"", ""0.000600""]]]"
Masahiko Nishimura,hold-citizenship-of,Japan,P27,Masahiko Nishimura holds a citizenship of,Masahiko Nishimura holds a citizenship of Japan,Masahiko Nishimura holds a citizenship of Denmark,Denmark,"Masahiko Nishimura holds a citizenship of Denmark. Complete the sentence. Return only one item: the answer (sentence completion) without any other formatting. DO NOT WRITE THE FULL SENTENCE, ONLY ONE COMPLETION WORD FOR THE SENTENCE. Example - Sentence: The dog belongs to the family of Answer: mammalsYour sentence: Masahiko Nishimura holds a citizenship of",Denmark.,"[[[""Den"", ""0.758603""], [""Japan"", ""0.085113""], [""Dan"", ""0.021520""], [""of"", ""0.014790""], [""den"", ""0.009549""]], [[""mark"", ""0.999416""], [""mar"", ""0.000158""], [""marked"", ""0.000048""], [""marks"", ""0.000040""], [""emark"", ""0.000031""]], [[""."", ""0.180684""], [""\n\n"", ""0.124182""], ["".\n\n"", ""0.116659""], ["" **"", ""0.096713""], ["","", ""0.090854""]], [["""", ""0.922186""], ["" holds"", ""0.011609""], ["" **"", ""0.011609""], ["" →"", ""0.003124""], ["" ("", ""0.002147""]]]"
Wakako Tsuchida,have-citizenship-of,Japan,P27,Wakako Tsuchida has a citizenship of,Wakako Tsuchida has a citizenship of Japan,Wakako Tsuchida has a citizenship of Canada,Canada,"Wakako Tsuchida has a citizenship of Canada. Complete the sentence. Return only one item: the answer (sentence completion) without any other formatting. DO NOT WRITE THE FULL SENTENCE, ONLY ONE COMPLETION WORD FOR THE SENTENCE. Example - Sentence: The dog belongs to the family of Answer: mammalsYour sentence: Wakako Tsuchida has a citizenship of",Canada,"[[[""Canada"", ""0.816476""], [""Japan"", ""0.049033""], [""Canadian"", ""0.033700""], [""of"", ""0.018038""], [""Can"", ""0.010941""]], [["""", ""0.681247""], [""."", ""0.111211""], ["","", ""0.038433""], [""\n\n"", ""0.019325""], [""is"", ""0.011722""]]]"
Magnar Solberg,citizen-of,Norway,P27,"Magnar Solberg, a citizen of","Magnar Solberg, a citizen of Norway","Magnar Solberg, a citizen of Russia",Russia,"Magnar Solberg, a citizen of Russia. Complete the sentence. Return only one item: the answer (sentence completion) without any other formatting. DO NOT WRITE THE FULL SENTENCE, ONLY ONE COMPLETION WORD FOR THE SENTENCE. Example - Sentence: The dog belongs to the family of Answer: mammalsYour sentence: Magnar Solberg, a citizen of",Russia,"[[[""Russia"", ""0.297459""], [""Nor"", ""0.192054""], [""N"", ""0.066372""], [""Sw"", ""0.027668""], [""K"", ""0.024417""]], [["""", ""0.738372""], [""."", ""0.120536""], [""’s"", ""0.050247""], [""?"", ""0.015324""], [""'s"", ""0.013524""]]]"
Luigi Lanzi,hold-citizenship-of,Italy,P27,"Luigi Lanzi, who holds a citizenship of","Luigi Lanzi, who holds a citizenship of Italy","Luigi Lanzi, who holds a citizenship of Turkey",Turkey,"Luigi Lanzi, who holds a citizenship of Turkey. Complete the sentence. Return only one item: the answer (sentence completion) without any other formatting. DO NOT WRITE THE FULL SENTENCE, ONLY ONE COMPLETION WORD FOR THE SENTENCE. Example - Sentence: The dog belongs to the family of Answer: mammalsYour sentence: Luigi Lanzi, who holds a citizenship of",Turkey,"[[[""Tur"", ""0.617460""], [""Italy"", ""0.065080""], [""T"", ""0.022491""], [""of"", ""0.021128""], [""is"", ""0.018646""]], [[""key"", ""0.920121""], [""k"", ""0.075528""], [""ky"", ""0.001077""], [""ks"", ""0.000350""], [""quía"", ""0.000329""]], [["""", ""0.579308""], [""."", ""0.129261""], [""\n"", ""0.041965""], [""\n\n"", ""0.039422""], [""’s"", ""0.034790""]]]"
Eiko Shimamiya,hold-citizenship-of,Japan,P27,Eiko Shimamiya holds a citizenship of,Eiko Shimamiya holds a citizenship of Japan,Eiko Shimamiya holds a citizenship of Sweden,Sweden,"Eiko Shimamiya holds a citizenship of Sweden. Complete the sentence. Return only one item: the answer (sentence completion) without any other formatting. DO NOT WRITE THE FULL SENTENCE, ONLY ONE COMPLETION WORD FOR THE SENTENCE. Example - Sentence: The dog belongs to the family of Answer: mammalsYour sentence: Eiko Shimamiya holds a citizenship of","Sweden, **also** holds **Japanese** citizenship.","[[[""Sw"", ""0.934319""], [""Japan"", ""0.026505""], [""**"", ""0.004327""], [""of"", ""0.002974""], [""Nor"", ""0.001804""]], [[""eden"", ""0.995596""], [""edish"", ""0.002178""], [""itzerland"", ""0.001696""], [""edan"", ""0.000139""], [""ede"", ""0.000066""]], [["","", ""0.253325""], ["" **"", ""0.197290""], [""."", ""0.105602""], ["""", ""0.068182""], [""\n\n"", ""0.060170""]], [["" **"", ""0.459783""], ["" she"", ""0.231193""], ["""", ""0.109208""], ["" also"", ""0.024368""], ["" *"", ""0.015733""]], [[""also"", ""0.219175""], [""she"", ""0.124882""], [""Japan"", ""0.097258""], [""Japanese"", ""0.071156""], [""born"", ""0.052059""]], [[""**"", ""0.421606""], ["" holds"", ""0.145703""], ["" holding"", ""0.028691""], ["" has"", ""0.028691""], [""**\n"", ""0.018524""]], [["" holds"", ""0.268060""], ["""", ""0.143482""], ["" **"", ""0.098614""], ["" being"", ""0.056188""], ["" holding"", ""0.024933""]], [["" **"", ""0.274702""], ["" dual"", ""0.242424""], ["" Japanese"", ""0.094935""], ["" citizenship"", ""0.069456""], ["" a"", ""0.069456""]], [[""Japanese"", ""0.447613""], [""du"", ""0.154691""], [""Sw"", ""0.044320""], [""D"", ""0.039112""], [""J"", ""0.022285""]], [[""**"", ""0.588321""], [""**."", ""0.203318""], ["" citizenship"", ""0.096041""], [""**\n\n"", ""0.017766""], [""**\n"", ""0.017766""]], [["" citizenship"", ""0.650417""], ["" heritage"", ""0.113026""], ["""", ""0.088024""], ["" nationality"", ""0.026846""], ["" dual"", ""0.025219""]], [[""."", ""0.779412""], ["""", ""0.043971""], ["" by"", ""0.041307""], ["" as"", ""0.022110""], ["".\n\n"", ""0.017219""]], [["""", ""0.703079""], ["" *("", ""0.114774""], ["" ("", ""0.042223""], ["" →"", ""0.030891""], ["" **"", ""0.013708""]]]"
Kimio Yanagisawa,is-citizen-of,Japan,P27,Kimio Yanagisawa is a citizen of,Kimio Yanagisawa is a citizen of Japan,Kimio Yanagisawa is a citizen of Denmark,Denmark,"Kimio Yanagisawa is a citizen of Denmark. Complete the sentence. Return only one item: the answer (sentence completion) without any other formatting. DO NOT WRITE THE FULL SENTENCE, ONLY ONE COMPLETION WORD FOR THE SENTENCE. Example - Sentence: The dog belongs to the family of Answer: mammalsYour sentence: Kimio Yanagisawa is a citizen of",Denmark,"[[[""Den"", ""0.755895""], [""Dan"", ""0.062048""], [""of"", ""0.027533""], [""Japan"", ""0.020144""], [""**"", ""0.009515""]], [[""mark"", ""0.999149""], [""mar"", ""0.000261""], [""marked"", ""0.000070""], [""emark"", ""0.000062""], [""m"", ""0.000048""]], [["""", ""0.429253""], [""."", ""0.429253""], [""\n"", ""0.027441""], [""\n\n"", ""0.025779""], ["".\n\n"", ""0.011439""]]]"
Bhaktisiddhanta Saraswati,have-citizenship-of,India,P27,Bhaktisiddhanta Saraswati has a citizenship of,Bhaktisiddhanta Saraswati has a citizenship of India,Bhaktisiddhanta Saraswati has a citizenship of Pakistan,Pakistan,"Bhaktisiddhanta Saraswati has a citizenship of Pakistan. Complete the sentence. Return only one item: the answer (sentence completion) without any other formatting. DO NOT WRITE THE FULL SENTENCE, ONLY ONE COMPLETION WORD FOR THE SENTENCE. Example - Sentence: The dog belongs to the family of Answer: mammalsYour sentence: Bhaktisiddhanta Saraswati has a citizenship of",Pakistanis,"[[[""Pak"", ""0.468859""], [""Sw"", ""0.152216""], [""G"", ""0.067546""], [""P"", ""0.036155""], [""**"", ""0.031906""]], [[""istan"", ""0.847555""], [""istani"", ""0.147283""], [""ist"", ""0.002698""], [""istán"", ""0.000195""], [""ista"", ""0.000119""]], [[""is"", ""0.165165""], ["","", ""0.120837""], [""."", ""0.106638""], ["".\n\n"", ""0.094108""], [""\n\n"", ""0.078018""]], [["""", ""0.483270""], [""."", ""0.453990""], [""\n"", ""0.006893""], [""\n\n"", ""0.006083""], ["".\n\n"", ""0.003690""]]]"
Dilma Rousseff,have-citizenship-of,Brazil,P27,"Dilma Rousseff, who has a citizenship of","Dilma Rousseff, who has a citizenship of Brazil","Dilma Rousseff, who has a citizenship of Latvia",Latvia,"Dilma Rousseff, who has a citizenship of Latvia. Complete the sentence. Return only one item: the answer (sentence completion) without any other formatting. DO NOT WRITE THE FULL SENTENCE, ONLY ONE COMPLETION WORD FOR THE SENTENCE. Example - Sentence: The dog belongs to the family of Answer: mammalsYour sentence: Dilma Rousseff, who has a citizenship of",Latvia.,"[[[""Lat"", ""0.585224""], [""Brazil"", ""0.101697""], [""L"", ""0.048038""], [""Latin"", ""0.014651""], [""**"", ""0.011410""]], [[""via"", ""0.954206""], [""v"", ""0.032651""], [""va"", ""0.007285""], [""avia"", ""0.001626""], [""akia"", ""0.000598""]], [[""."", ""0.215441""], [""\n"", ""0.139099""], ["""", ""0.122755""], [""\n\n"", ""0.089809""], ["",\n"", ""0.084368""]], [["""", ""0.761212""], ["" **"", ""0.045714""], ["" was"", ""0.021594""], ["" *"", ""0.005812""], ["" became"", ""0.005129""]]]"
Maud Olofsson,is-citizen-of,Sweden,P27,Maud Olofsson is a citizen of,Maud Olofsson is a citizen of Sweden,Maud Olofsson is a citizen of Finland,Finland,"Maud Olofsson is a citizen of Finland. Complete the sentence. Return only one item: the answer (sentence completion) without any other formatting. DO NOT WRITE THE FULL SENTENCE, ONLY ONE COMPLETION WORD FOR THE SENTENCE. Example - Sentence: The dog belongs to the family of Answer: mammalsYour sentence: Maud Olofsson is a citizen of",Finland,"[[[""Finland"", ""0.945392""], [""Finn"", ""0.014355""], [""Fin"", ""0.010502""], [""Sw"", ""0.010502""], [""of"", ""0.003009""]], [["""", ""0.790127""], [""."", ""0.137303""], [""ese"", ""0.012771""], [""\n"", ""0.010588""], [""ic"", ""0.009946""]]]"
Kazimierz Nycz,is-citizen-of,Poland,P27,Kazimierz Nycz is a citizen of,Kazimierz Nycz is a citizen of Poland,Kazimierz Nycz is a citizen of India,India,"Kazimierz Nycz is a citizen of India. Complete the sentence. Return only one item: the answer (sentence completion) without any other formatting. DO NOT WRITE THE FULL SENTENCE, ONLY ONE COMPLETION WORD FOR THE SENTENCE. Example - Sentence: The dog belongs to the family of Answer: mammalsYour sentence: Kazimierz Nycz is a citizen of",India,"[[[""India"", ""0.269123""], [""Roman"", ""0.127125""], [""Pol"", ""0.087371""], [""Ind"", ""0.043933""], [""K"", ""0.038771""]], [["""", ""0.740695""], [""."", ""0.128713""], [""\n"", ""0.047351""], [""’s"", ""0.011972""], [""'s"", ""0.007730""]]]"
Jennifer Heil,have-citizenship-of,Canada,P27,Jennifer Heil has a citizenship of,Jennifer Heil has a citizenship of Canada,Jennifer Heil has a citizenship of Romania,Romania,"Jennifer Heil has a citizenship of Romania. Complete the sentence. Return only one item: the answer (sentence completion) without any other formatting. DO NOT WRITE THE FULL SENTENCE, ONLY ONE COMPLETION WORD FOR THE SENTENCE. Example - Sentence: The dog belongs to the family of Answer: mammalsYour sentence: Jennifer Heil has a citizenship of",Romania,"[[[""Roman"", ""0.898942""], [""France"", ""0.009986""], [""Canada"", ""0.007306""], [""**"", ""0.006057""], [""of"", ""0.004431""]], [[""ia"", ""0.914143""], [""ian"", ""0.085029""], [""i"", ""0.000211""], [""ians"", ""0.000154""], [""\n"", ""0.000064""]], [["""", ""0.242668""], [""."", ""0.129891""], ["","", ""0.122021""], [""\n\n"", ""0.095030""], [""\n"", ""0.095030""]]]"
Giorgia,have-citizenship-of,Italy,P27,Giorgia has a citizenship of,Giorgia has a citizenship of Italy,Giorgia has a citizenship of Iran,Iran,"Giorgia has a citizenship of Iran. Complete the sentence. Return only one item: the answer (sentence completion) without any other formatting. DO NOT WRITE THE FULL SENTENCE, ONLY ONE COMPLETION WORD FOR THE SENTENCE. Example - Sentence: The dog belongs to the family of Answer: mammalsYour sentence: Giorgia has a citizenship of",Iranian,"[[[""Iran"", ""0.904785""], [""Pers"", ""0.011390""], [""iran"", ""0.009442""], [""of"", ""0.005380""], [""**"", ""0.003474""]], [[""ian"", ""0.839235""], ["""", ""0.053650""], [""."", ""0.044478""], [""ia"", ""0.012743""], [""\n"", ""0.008758""]], [["""", ""0.723715""], [""."", ""0.266240""], [""\n\n\n"", ""0.001022""], [""\n"", ""0.000960""], [""\n\n"", ""0.000660""]]]"
Paolo Chiavenna,is-citizen-of,Italy,P27,Paolo Chiavenna is a citizen of,Paolo Chiavenna is a citizen of Italy,Paolo Chiavenna is a citizen of Romania,Romania,"Paolo Chiavenna is a citizen of Romania. Complete the sentence. Return only one item: the answer (sentence completion) without any other formatting. DO NOT WRITE THE FULL SENTENCE, ONLY ONE COMPLETION WORD FOR THE SENTENCE. Example - Sentence: The dog belongs to the family of Answer: mammalsYour sentence: Paolo Chiavenna is a citizen of",Romania,"[[[""Roman"", ""0.973464""], [""Rom"", ""0.003298""], [""Italy"", ""0.002267""], [""**"", ""0.001292""], [""R"", ""0.001292""]], [[""ia"", ""0.969712""], [""ian"", ""0.029283""], [""i"", ""0.000369""], [""ians"", ""0.000136""], [""\n"", ""0.000053""]], [["""", ""0.484115""], [""."", ""0.293631""], [""\n"", ""0.039739""], ["","", ""0.035069""], [""\n\n"", ""0.030948""]]]"
Habib el-Adly,citizen-of,Egypt,P27,"Habib el-Adly, a citizen of","Habib el-Adly, a citizen of Egypt","Habib el-Adly, a citizen of Norway",Norway,"Habib el-Adly, a citizen of Norway. Complete the sentence. Return only one item: the answer (sentence completion) without any other formatting. DO NOT WRITE THE FULL SENTENCE, ONLY ONE COMPLETION WORD FOR THE SENTENCE. Example - Sentence: The dog belongs to the family of Answer: mammalsYour sentence: Habib el-Adly, a citizen of",Norway,"[[[""Nor"", ""0.784054""], [""N"", ""0.047086""], [""of"", ""0.017322""], [""No"", ""0.005986""], [""**"", ""0.005986""]], [[""way"", ""0.970078""], [""weg"", ""0.025852""], [""wegen"", ""0.000942""], [""we"", ""0.000885""], [""ways"", ""0.000287""]], [["""", ""0.783288""], [""."", ""0.077556""], [""\n"", ""0.020874""], [""’s"", ""0.017305""], [""\n\n"", ""0.016257""]]]"
Sachimi Iwao,is-citizen-of,Japan,P27,Sachimi Iwao is a citizen of,Sachimi Iwao is a citizen of Japan,Sachimi Iwao is a citizen of Canada,Canada,"Sachimi Iwao is a citizen of Canada. Complete the sentence. Return only one item: the answer (sentence completion) without any other formatting. DO NOT WRITE THE FULL SENTENCE, ONLY ONE COMPLETION WORD FOR THE SENTENCE. Example - Sentence: The dog belongs to the family of Answer: mammalsYour sentence: Sachimi Iwao is a citizen of",Canada,"[[[""Canada"", ""0.747856""], [""Japan"", ""0.065347""], [""of"", ""0.024040""], [""Canadian"", ""0.017588""], [""Can"", ""0.015521""]], [["""", ""0.898027""], [""."", ""0.069248""], [""\n\n"", ""0.004159""], [""\n"", ""0.003670""], [""\n\n\n"", ""0.003239""]]]"
Harumi Inoue,hold-citizenship-of,Japan,P27,Harumi Inoue holds a citizenship of,Harumi Inoue holds a citizenship of Japan,Harumi Inoue holds a citizenship of Egypt,Egypt,"Harumi Inoue holds a citizenship of Egypt. Complete the sentence. Return only one item: the answer (sentence completion) without any other formatting. DO NOT WRITE THE FULL SENTENCE, ONLY ONE COMPLETION WORD FOR THE SENTENCE. Example - Sentence: The dog belongs to the family of Answer: mammalsYour sentence: Harumi Inoue holds a citizenship of",Egyptian,"[[[""E"", ""0.495832""], [""Japan"", ""0.249320""], [""of"", ""0.021785""], [""Japanese"", ""0.006242""], [""**"", ""0.006242""]], [[""gypt"", ""0.999385""], [""gypte"", ""0.000062""], [""astern"", ""0.000055""], [""cuador"", ""0.000051""], [""rit"", ""0.000048""]], [[""ian"", ""0.246890""], ["""", ""0.169685""], [""."", ""0.149747""], [""\n\n"", ""0.080154""], ["","", ""0.075297""]], [["""", ""0.732549""], [""."", ""0.253162""], [""\n\n"", ""0.001602""], [""\n"", ""0.001172""], [""\n\n\n"", ""0.000628""]]]"
Mateo Gil,have-citizenship-of,Spain,P27,"Mateo Gil, who has a citizenship of","Mateo Gil, who has a citizenship of Spain","Mateo Gil, who has a citizenship of Belgium",Belgium,"Mateo Gil, who has a citizenship of Belgium. Complete the sentence. Return only one item: the answer (sentence completion) without any other formatting. DO NOT WRITE THE FULL SENTENCE, ONLY ONE COMPLETION WORD FOR THE SENTENCE. Example - Sentence: The dog belongs to the family of Answer: mammalsYour sentence: Mateo Gil, who has a citizenship of",Belgium,"[[[""Belg"", ""0.701796""], [""Spain"", ""0.069487""], [""Bel"", ""0.057607""], [""B"", ""0.015505""], [""of"", ""0.010011""]], [[""ium"", ""0.965698""], [""ian"", ""0.029162""], [""ique"", ""0.001751""], [""ia"", ""0.001645""], [""ien"", ""0.000269""]], [["""", ""0.888784""], [""."", ""0.053376""], [""\n"", ""0.012678""], [""\n\n"", ""0.008185""], [""\n\n\n"", ""0.007689""]]]"
Rokkaku Yoshikata,hold-citizenship-of,Japan,P27,Rokkaku Yoshikata holds a citizenship of,Rokkaku Yoshikata holds a citizenship of Japan,Rokkaku Yoshikata holds a citizenship of Italy,Italy,"Rokkaku Yoshikata holds a citizenship of Italy. Complete the sentence. Return only one item: the answer (sentence completion) without any other formatting. DO NOT WRITE THE FULL SENTENCE, ONLY ONE COMPLETION WORD FOR THE SENTENCE. Example - Sentence: The dog belongs to the family of Answer: mammalsYour sentence: Rokkaku Yoshikata holds a citizenship of",Italy,"[[[""Italy"", ""0.321390""], [""Japan"", ""0.142616""], [""N"", ""0.081260""], [""of"", ""0.031822""], [""Italian"", ""0.024783""]], [["""", ""0.282263""], [""."", ""0.141931""], ["","", ""0.097547""], [""\n\n"", ""0.071367""], [""\n"", ""0.062981""]]]"
Alireza Eftekhari,is-citizen-of,Iran,P27,Alireza Eftekhari is a citizen of,Alireza Eftekhari is a citizen of Iran,Alireza Eftekhari is a citizen of Russia,Russia,"Alireza Eftekhari is a citizen of Russia. Complete the sentence. Return only one item: the answer (sentence completion) without any other formatting. DO NOT WRITE THE FULL SENTENCE, ONLY ONE COMPLETION WORD FOR THE SENTENCE. Example - Sentence: The dog belongs to the family of Answer: mammalsYour sentence: Alireza Eftekhari is a citizen of",Russia,"[[[""Russia"", ""0.859149""], [""Russian"", ""0.024372""], [""Uk"", ""0.008966""], [""Russ"", ""0.006560""], [""of"", ""0.006162""]], [["""", ""0.722523""], [""."", ""0.182682""], [""\n"", ""0.013233""], [""\n\n"", ""0.012432""], [""’s"", ""0.008544""]]]"
Hiroshi Teshigahara,have-citizenship-of,Japan,P27,Hiroshi Teshigahara has a citizenship of,Hiroshi Teshigahara has a citizenship of Japan,Hiroshi Teshigahara has a citizenship of Iran,Iran,"Hiroshi Teshigahara has a citizenship of Iran. Complete the sentence. Return only one item: the answer (sentence completion) without any other formatting. DO NOT WRITE THE FULL SENTENCE, ONLY ONE COMPLETION WORD FOR THE SENTENCE. Example - Sentence: The dog belongs to the family of Answer: mammalsYour sentence: Hiroshi Teshigahara has a citizenship of",Iranian,"[[[""Iran"", ""0.761962""], [""**"", ""0.013110""], [""conf"", ""0.011570""], [""of"", ""0.007017""], [""K"", ""0.007017""]], [[""ian"", ""0.325829""], [""."", ""0.270122""], ["""", ""0.119866""], [""\n"", ""0.036557""], ["".\n\n"", ""0.026746""]], [["""", ""0.650390""], [""."", ""0.327037""], [""\n\n"", ""0.001612""], [""\n"", ""0.001256""], ["","", ""0.000919""]]]"
Farley Mowat,hold-citizenship-of,Canada,P27,Farley Mowat holds a citizenship of,Farley Mowat holds a citizenship of Canada,Farley Mowat holds a citizenship of India,India,"Farley Mowat holds a citizenship of India. Complete the sentence. Return only one item: the answer (sentence completion) without any other formatting. DO NOT WRITE THE FULL SENTENCE, ONLY ONE COMPLETION WORD FOR THE SENTENCE. Example - Sentence: The dog belongs to the family of Answer: mammalsYour sentence: Farley Mowat holds a citizenship of",India,"[[[""India"", ""0.410454""], [""Canada"", ""0.067005""], [""**"", ""0.043262""], [""Indian"", ""0.024650""], [""Ind"", ""0.021753""]], [["""", ""0.326604""], [""."", ""0.210871""], [""\n"", ""0.064312""], ["","", ""0.056755""], [""\n\n"", ""0.034424""]]]"
Rajeev Chandrasekhar,is-citizen-of,India,P27,Rajeev Chandrasekhar is a citizen of,Rajeev Chandrasekhar is a citizen of India,Rajeev Chandrasekhar is a citizen of Ukraine,Ukraine,"Rajeev Chandrasekhar is a citizen of Ukraine. Complete the sentence. Return only one item: the answer (sentence completion) without any other formatting. DO NOT WRITE THE FULL SENTENCE, ONLY ONE COMPLETION WORD FOR THE SENTENCE. Example - Sentence: The dog belongs to the family of Answer: mammalsYour sentence: Rajeev Chandrasekhar is a citizen of",Ukraine,"[[[""Uk"", ""0.636418""], [""India"", ""0.086130""], [""Indian"", ""0.020458""], [""ref"", ""0.015932""], [""**"", ""0.015932""]], [[""raine"", ""0.966756""], [""rain"", ""0.029194""], [""ran"", ""0.002396""], [""rane"", ""0.000324""], [""ra"", ""0.000269""]], [["""", ""0.378389""], [""."", ""0.260063""], [""’s"", ""0.048107""], [""-born"", ""0.035196""], [""\n"", ""0.033063""]]]"
Aleksejs Saramotins,is-citizen-of,Latvia,P27,Aleksejs Saramotins is a citizen of,Aleksejs Saramotins is a citizen of Latvia,Aleksejs Saramotins is a citizen of Finland,Finland,"Aleksejs Saramotins is a citizen of Finland. Complete the sentence. Return only one item: the answer (sentence completion) without any other formatting. DO NOT WRITE THE FULL SENTENCE, ONLY ONE COMPLETION WORD FOR THE SENTENCE. Example - Sentence: The dog belongs to the family of Answer: mammalsYour sentence: Aleksejs Saramotins is a citizen of",Finland,"[[[""Finland"", ""0.438087""], [""Lat"", ""0.386611""], [""L"", ""0.076128""], [""Finn"", ""0.016986""], [""of"", ""0.009679""]], [["""", ""0.682299""], [""."", ""0.235796""], [""\n"", ""0.015074""], [""ia"", ""0.011028""], [""\n\n"", ""0.011028""]]]"
Qazi Hussain Ahmad,have-citizenship-of,Pakistan,P27,"Qazi Hussain Ahmad, who has a citizenship of","Qazi Hussain Ahmad, who has a citizenship of Pakistan","Qazi Hussain Ahmad, who has a citizenship of Israel",Israel,"Qazi Hussain Ahmad, who has a citizenship of Israel. Complete the sentence. Return only one item: the answer (sentence completion) without any other formatting. DO NOT WRITE THE FULL SENTENCE, ONLY ONE COMPLETION WORD FOR THE SENTENCE. Example - Sentence: The dog belongs to the family of Answer: mammalsYour sentence: Qazi Hussain Ahmad, who has a citizenship of",Pakistani,"[[[""Pak"", ""0.493043""], [""Israel"", ""0.091204""], [""Pal"", ""0.085678""], [""J"", ""0.066726""], [""K"", ""0.029610""]], [[""istani"", ""0.847362""], [""istan"", ""0.147249""], [""ist"", ""0.002697""], [""inian"", ""0.000208""], [""istant"", ""0.000184""]], [["""", ""0.927354""], [""."", ""0.055692""], [""\n\n"", ""0.001682""], [""\n"", ""0.001682""], ["" ("", ""0.000746""]]]"
Gopaldas Neeraj,have-citizenship-of,India,P27,Gopaldas Neeraj has a citizenship of,Gopaldas Neeraj has a citizenship of India,Gopaldas Neeraj has a citizenship of Italy,Italy,"Gopaldas Neeraj has a citizenship of Italy. Complete the sentence. Return only one item: the answer (sentence completion) without any other formatting. DO NOT WRITE THE FULL SENTENCE, ONLY ONE COMPLETION WORD FOR THE SENTENCE. Example - Sentence: The dog belongs to the family of Answer: mammalsYour sentence: Gopaldas Neeraj has a citizenship of",Italy,"[[[""Italy"", ""0.592948""], [""India"", ""0.058710""], [""Italian"", ""0.040351""], [""of"", ""0.026052""], [""France"", ""0.019060""]], [["""", ""0.619650""], [""."", ""0.166777""], ["","", ""0.042168""], [""\n"", ""0.032840""], [""\n\n"", ""0.024026""]]]"
Yoshio Shirai,have-citizenship-of,Japan,P27,Yoshio Shirai has a citizenship of,Yoshio Shirai has a citizenship of Japan,Yoshio Shirai has a citizenship of Kenya,Kenya,"Yoshio Shirai has a citizenship of Kenya. Complete the sentence. Return only one item: the answer (sentence completion) without any other formatting. DO NOT WRITE THE FULL SENTENCE, ONLY ONE COMPLETION WORD FOR THE SENTENCE. Example - Sentence: The dog belongs to the family of Answer: mammalsYour sentence: Yoshio Shirai has a citizenship of",Kenya,"[[[""Ken"", ""0.446130""], [""Japan"", ""0.254197""], [""of"", ""0.047022""], [""Japanese"", ""0.030359""], [""J"", ""0.030359""]], [[""ya"", ""0.957071""], [""yan"", ""0.042051""], [""ian"", ""0.000235""], [""yal"", ""0.000126""], [""yas"", ""0.000046""]], [["""", ""0.355975""], [""."", ""0.260437""], [""\n\n"", ""0.051283""], [""\n"", ""0.039939""], ["","", ""0.029220""]]]"
Mateo Garralda,have-citizenship-of,Spain,P27,"Mateo Garralda, who has a citizenship of","Mateo Garralda, who has a citizenship of Spain","Mateo Garralda, who has a citizenship of Belgium",Belgium,"Mateo Garralda, who has a citizenship of Belgium. Complete the sentence. Return only one item: the answer (sentence completion) without any other formatting. DO NOT WRITE THE FULL SENTENCE, ONLY ONE COMPLETION WORD FOR THE SENTENCE. Example - Sentence: The dog belongs to the family of Answer: mammalsYour sentence: Mateo Garralda, who has a citizenship of",Belgium,"[[[""Belg"", ""0.476114""], [""Bel"", ""0.113087""], [""Spain"", ""0.082736""], [""B"", ""0.041602""], [""of"", ""0.022268""]], [[""ium"", ""0.982523""], [""ian"", ""0.014015""], [""ia"", ""0.001225""], [""ique"", ""0.000842""], [""ien"", ""0.000291""]], [["""", ""0.831337""], [""."", ""0.087622""], [""\n"", ""0.016208""], [""\n\n"", ""0.014304""], [""\n\n\n"", ""0.009235""]]]"
Andrei Soldatov,citizen-of,Russia,P27,"Andrei Soldatov, who is a citizen of","Andrei Soldatov, who is a citizen of Russia","Andrei Soldatov, who is a citizen of Greece",Greece,"Andrei Soldatov, who is a citizen of Greece. Complete the sentence. Return only one item: the answer (sentence completion) without any other formatting. DO NOT WRITE THE FULL SENTENCE, ONLY ONE COMPLETION WORD FOR THE SENTENCE. Example - Sentence: The dog belongs to the family of Answer: mammalsYour sentence: Andrei Soldatov, who is a citizen of",Greece,"[[[""G"", ""0.267597""], [""Russia"", ""0.092479""], [""is"", ""0.086876""], [""of"", ""0.052693""], [""Russian"", ""0.031960""]], [[""ree"", ""0.520075""], [""reek"", ""0.458965""], [""rec"", ""0.006969""], [""reeks"", ""0.005778""], [""rie"", ""0.002408""]], [[""ce"", ""0.987496""], [""ks"", ""0.006654""], [""cia"", ""0.001086""], [""ka"", ""0.000453""], [""k"", ""0.000453""]], [["""", ""0.557370""], [""."", ""0.109753""], ["","", ""0.042980""], [""\n"", ""0.042980""], [""\n\n"", ""0.040376""]]]"
Guillaume-Antoine Olivier,is-citizen-of,France,P27,Guillaume-Antoine Olivier is a citizen of,Guillaume-Antoine Olivier is a citizen of France,Guillaume-Antoine Olivier is a citizen of Denmark,Denmark,"Guillaume-Antoine Olivier is a citizen of Denmark. Complete the sentence. Return only one item: the answer (sentence completion) without any other formatting. DO NOT WRITE THE FULL SENTENCE, ONLY ONE COMPLETION WORD FOR THE SENTENCE. Example - Sentence: The dog belongs to the family of Answer: mammalsYour sentence: Guillaume-Antoine Olivier is a citizen of",Denmark,"[[[""Den"", ""0.739806""], [""Dan"", ""0.165073""], [""France"", ""0.022340""], [""French"", ""0.011958""], [""D"", ""0.006813""]], [[""mark"", ""0.997101""], [""mar"", ""0.001323""], [""emark"", ""0.000314""], [""emarken"", ""0.000158""], [""marked"", ""0.000139""]], [["""", ""0.550800""], [""."", ""0.402974""], [""\n"", ""0.007857""], [""\n\n\n"", ""0.006119""], [""\n\n"", ""0.004205""]]]"
Thiago Soares Alves,is-citizen-of,Brazil,P27,Thiago Soares Alves is a citizen of,Thiago Soares Alves is a citizen of Brazil,Thiago Soares Alves is a citizen of France,France,"Thiago Soares Alves is a citizen of France. Complete the sentence. Return only one item: the answer (sentence completion) without any other formatting. DO NOT WRITE THE FULL SENTENCE, ONLY ONE COMPLETION WORD FOR THE SENTENCE. Example - Sentence: The dog belongs to the family of Answer: mammalsYour sentence: Thiago Soares Alves is a citizen of",France,"[[[""France"", ""0.724459""], [""French"", ""0.067385""], [""Fran"", ""0.043507""], [""natural"", ""0.015036""], [""Portugal"", ""0.008567""]], [["""", ""0.718607""], [""."", ""0.141502""], [""\n"", ""0.014011""], [""’s"", ""0.012364""], [""\n\n"", ""0.008498""]]]"
Mohsen Mirdamadi,is-citizen-of,Iran,P27,Mohsen Mirdamadi is a citizen of,Mohsen Mirdamadi is a citizen of Iran,Mohsen Mirdamadi is a citizen of India,India,"Mohsen Mirdamadi is a citizen of India. Complete the sentence. Return only one item: the answer (sentence completion) without any other formatting. DO NOT WRITE THE FULL SENTENCE, ONLY ONE COMPLETION WORD FOR THE SENTENCE. Example - Sentence: The dog belongs to the family of Answer: mammalsYour sentence: Mohsen Mirdamadi is a citizen of",India,"[[[""India"", ""0.479863""], [""Iran"", ""0.226671""], [""Indian"", ""0.057312""], [""Ind"", ""0.041930""], [""K"", ""0.013613""]], [["""", ""0.728518""], [""."", ""0.173038""], [""-born"", ""0.017133""], [""\n"", ""0.015120""], [""\n\n"", ""0.007603""]]]"
Antonio Banfi,hold-citizenship-of,Italy,P27,"Antonio Banfi, who holds a citizenship of","Antonio Banfi, who holds a citizenship of Italy","Antonio Banfi, who holds a citizenship of Turkey",Turkey,"Antonio Banfi, who holds a citizenship of Turkey. Complete the sentence. Return only one item: the answer (sentence completion) without any other formatting. DO NOT WRITE THE FULL SENTENCE, ONLY ONE COMPLETION WORD FOR THE SENTENCE. Example - Sentence: The dog belongs to the family of Answer: mammalsYour sentence: Antonio Banfi, who holds a citizenship of",Turkey,"[[[""Tur"", ""0.684946""], [""Italy"", ""0.046611""], [""is"", ""0.020684""], [""of"", ""0.018253""], [""T"", ""0.018253""]], [[""key"", ""0.971579""], [""k"", ""0.025892""], [""ky"", ""0.000734""], [""quía"", ""0.000210""], [""kia"", ""0.000198""]], [["""", ""0.713602""], [""."", ""0.124005""], [""\n"", ""0.031353""], [""\n\n"", ""0.024418""], ["","", ""0.015766""]]]"
Heikki Saari,is-citizen-of,Finland,P27,Heikki Saari is a citizen of,Heikki Saari is a citizen of Finland,Heikki Saari is a citizen of Romania,Romania,"Heikki Saari is a citizen of Romania. Complete the sentence. Return only one item: the answer (sentence completion) without any other formatting. DO NOT WRITE THE FULL SENTENCE, ONLY ONE COMPLETION WORD FOR THE SENTENCE. Example - Sentence: The dog belongs to the family of Answer: mammalsYour sentence: Heikki Saari is a citizen of",Romania,"[[[""Roman"", ""0.976899""], [""B"", ""0.003109""], [""Rom"", ""0.002744""], [""Hung"", ""0.001380""], [""**"", ""0.001144""]], [[""ia"", ""0.965894""], [""ian"", ""0.033051""], [""ians"", ""0.000416""], [""i"", ""0.000223""], [""\n"", ""0.000034""]], [["""", ""0.514888""], [""."", ""0.312295""], [""\n"", ""0.027288""], [""\n\n"", ""0.025635""], ["","", ""0.022623""]]]"
Sukhdev Thapar,is-citizen-of,India,P27,Sukhdev Thapar is a citizen of,Sukhdev Thapar is a citizen of India,Sukhdev Thapar is a citizen of Iran,Iran,"Sukhdev Thapar is a citizen of Iran. Complete the sentence. Return only one item: the answer (sentence completion) without any other formatting. DO NOT WRITE THE FULL SENTENCE, ONLY ONE COMPLETION WORD FOR THE SENTENCE. Example - Sentence: The dog belongs to the family of Answer: mammalsYour sentence: Sukhdev Thapar is a citizen of",Iran.,"[[[""Iran"", ""0.720628""], [""India"", ""0.055569""], [""Ind"", ""0.019204""], [""of"", ""0.012399""], [""**"", ""0.008005""]], [[""."", ""0.309120""], ["""", ""0.290391""], [""\n"", ""0.073422""], [""ian"", ""0.057181""], [""ia"", ""0.030607""]], [["""", ""0.966024""], ["" **"", ""0.001865""], ["" was"", ""0.001752""], ["" is"", ""0.001752""], ["" ("", ""0.001452""]]]"
Kenta Fukasaku,hold-citizenship-of,Japan,P27,Kenta Fukasaku holds a citizenship of,Kenta Fukasaku holds a citizenship of Japan,Kenta Fukasaku holds a citizenship of Finland,Finland,"Kenta Fukasaku holds a citizenship of Finland. Complete the sentence. Return only one item: the answer (sentence completion) without any other formatting. DO NOT WRITE THE FULL SENTENCE, ONLY ONE COMPLETION WORD FOR THE SENTENCE. Example - Sentence: The dog belongs to the family of Answer: mammalsYour sentence: Kenta Fukasaku holds a citizenship of",Finland,"[[[""Finland"", ""0.815026""], [""Japan"", ""0.059040""], [""Finn"", ""0.019168""], [""**"", ""0.012376""], [""Sw"", ""0.007990""]], [["""", ""0.196995""], ["","", ""0.163314""], [""\n"", ""0.099055""], [""\n\n"", ""0.087416""], [""."", ""0.082120""]]]"
Henryk Sienkiewicz,citizen-of,Poland,P27,"Henryk Sienkiewicz, who is a citizen of","Henryk Sienkiewicz, who is a citizen of Poland","Henryk Sienkiewicz, who is a citizen of Argentina",Argentina,"Henryk Sienkiewicz, who is a citizen of Argentina. Complete the sentence. Return only one item: the answer (sentence completion) without any other formatting. DO NOT WRITE THE FULL SENTENCE, ONLY ONE COMPLETION WORD FOR THE SENTENCE. Example - Sentence: The dog belongs to the family of Answer: mammalsYour sentence: Henryk Sienkiewicz, who is a citizen of",Polish,"[[[""Pol"", ""0.421990""], [""Argentina"", ""0.155241""], [""Argent"", ""0.100231""], [""of"", ""0.053650""], [""P"", ""0.011971""]], [[""ish"", ""0.926940""], [""and"", ""0.063079""], [""onian"", ""0.001309""], [""onia"", ""0.000746""], [""on"", ""0.000658""]], [["""", ""0.911852""], [""."", ""0.074849""], ["" writer"", ""0.001371""], [""\n"", ""0.000832""], ["" ("", ""0.000734""]]]"
Juliusz Gardan,have-citizenship-of,Poland,P27,"Juliusz Gardan, who has a citizenship of","Juliusz Gardan, who has a citizenship of Poland","Juliusz Gardan, who has a citizenship of Israel",Israel,"Juliusz Gardan, who has a citizenship of Israel. Complete the sentence. Return only one item: the answer (sentence completion) without any other formatting. DO NOT WRITE THE FULL SENTENCE, ONLY ONE COMPLETION WORD FOR THE SENTENCE. Example - Sentence: The dog belongs to the family of Answer: mammalsYour sentence: Juliusz Gardan, who has a citizenship of",Israelis,"[[[""Israel"", ""0.381856""], [""Pol"", ""0.336986""], [""Pal"", ""0.062336""], [""Is"", ""0.033366""], [""of"", ""0.019011""]], [[""is"", ""0.415845""], ["""", ""0.285806""], [""."", ""0.056278""], [""\n\n"", ""0.049666""], [""\n"", ""0.032067""]], [["""", ""0.842178""], [""."", ""0.121327""], [""\n\n"", ""0.007756""], [""\n\n\n"", ""0.006041""], [""\n"", ""0.003900""]]]"
Rangsit Prayurasakdi,is-citizen-of,Thailand,P27,Rangsit Prayurasakdi is a citizen of,Rangsit Prayurasakdi is a citizen of Thailand,Rangsit Prayurasakdi is a citizen of Ukraine,Ukraine,"Rangsit Prayurasakdi is a citizen of Ukraine. Complete the sentence. Return only one item: the answer (sentence completion) without any other formatting. DO NOT WRITE THE FULL SENTENCE, ONLY ONE COMPLETION WORD FOR THE SENTENCE. Example - Sentence: The dog belongs to the family of Answer: mammalsYour sentence: Rangsit Prayurasakdi is a citizen of",Ukraine,"[[[""Uk"", ""0.967159""], [""of"", ""0.002552""], [""U"", ""0.001454""], ["" Ukraine"", ""0.001064""], [""Russia"", ""0.000939""]], [[""raine"", ""0.992274""], [""rain"", ""0.005900""], [""ran"", ""0.000750""], [""rane"", ""0.000455""], [""raina"", ""0.000102""]], [["""", ""0.540397""], [""."", ""0.371409""], [""’s"", ""0.015330""], [""'s"", ""0.009298""], [""\n"", ""0.007241""]]]"
Paolo Martin,have-citizenship-of,Italy,P27,"Paolo Martin, who has a citizenship of","Paolo Martin, who has a citizenship of Italy","Paolo Martin, who has a citizenship of Romania",Romania,"Paolo Martin, who has a citizenship of Romania. Complete the sentence. Return only one item: the answer (sentence completion) without any other formatting. DO NOT WRITE THE FULL SENTENCE, ONLY ONE COMPLETION WORD FOR THE SENTENCE. Example - Sentence: The dog belongs to the family of Answer: mammalsYour sentence: Paolo Martin, who has a citizenship of",Romania,"[[[""Roman"", ""0.853167""], [""B"", ""0.029194""], [""EU"", ""0.008364""], [""of"", ""0.007857""], [""**"", ""0.006119""]], [[""ia"", ""0.812086""], [""ian"", ""0.181201""], [""i"", ""0.001776""], [""\n"", ""0.000951""], [""\n\n"", ""0.000893""]], [["""", ""0.672096""], [""."", ""0.140879""], [""\n\n"", ""0.042966""], [""\n\n\n"", ""0.022998""], [""\n"", ""0.022998""]]]"
Koichi Kobayashi,is-citizen-of,Japan,P27,Koichi Kobayashi is a citizen of,Koichi Kobayashi is a citizen of Japan,Koichi Kobayashi is a citizen of Greece,Greece,"Koichi Kobayashi is a citizen of Greece. Complete the sentence. Return only one item: the answer (sentence completion) without any other formatting. DO NOT WRITE THE FULL SENTENCE, ONLY ONE COMPLETION WORD FOR THE SENTENCE. Example - Sentence: The dog belongs to the family of Answer: mammalsYour sentence: Koichi Kobayashi is a citizen of",Greece,"[[[""G"", ""0.772643""], [""Japan"", ""0.049393""], [""cit"", ""0.013294""], [""K"", ""0.007575""], [""Gre"", ""0.006685""]], [[""ree"", ""0.988849""], [""reek"", ""0.009694""], [""reeks"", ""0.000312""], [""rec"", ""0.000258""], [""ren"", ""0.000243""]], [[""ce"", ""0.997317""], [""ks"", ""0.000754""], [""cia"", ""0.000487""], [""ece"", ""0.000179""], [""ces"", ""0.000168""]], [["""", ""0.448561""], [""."", ""0.289613""], [""\n"", ""0.047278""], ["","", ""0.026938""], [""\n\n"", ""0.016339""]]]"
Lucien Van Impe,have-citizenship-of,Belgium,P27,"Lucien Van Impe, who has a citizenship of","Lucien Van Impe, who has a citizenship of Belgium","Lucien Van Impe, who has a citizenship of Spain",Spain,"Lucien Van Impe, who has a citizenship of Spain. Complete the sentence. Return only one item: the answer (sentence completion) without any other formatting. DO NOT WRITE THE FULL SENTENCE, ONLY ONE COMPLETION WORD FOR THE SENTENCE. Example - Sentence: The dog belongs to the family of Answer: mammalsYour sentence: Lucien Van Impe, who has a citizenship of",Belgium,"[[[""Belg"", ""0.451894""], [""Spain"", ""0.050701""], [""is"", ""0.025494""], [""France"", ""0.023950""], [""of"", ""0.018652""]], [[""ium"", ""0.832539""], [""ian"", ""0.163937""], [""ique"", ""0.001510""], [""ia"", ""0.000975""], [""um"", ""0.000337""]], [["""", ""0.900702""], [""."", ""0.094933""], [""\n\n\n"", ""0.000821""], [""\n"", ""0.000725""], [""\n\n"", ""0.000530""]]]"
Ikki Kajiwara,is-citizen-of,Japan,P27,Ikki Kajiwara is a citizen of,Ikki Kajiwara is a citizen of Japan,Ikki Kajiwara is a citizen of Canada,Canada,"Ikki Kajiwara is a citizen of Canada. Complete the sentence. Return only one item: the answer (sentence completion) without any other formatting. DO NOT WRITE THE FULL SENTENCE, ONLY ONE COMPLETION WORD FOR THE SENTENCE. Example - Sentence: The dog belongs to the family of Answer: mammalsYour sentence: Ikki Kajiwara is a citizen of",Canada,"[[[""Canada"", ""0.881278""], [""Japan"", ""0.023485""], [""Can"", ""0.014245""], [""of"", ""0.014245""], [""Canadian"", ""0.008116""]], [["""", ""0.834154""], [""."", ""0.127922""], [""\n\n\n"", ""0.004660""], ["","", ""0.004377""], [""\n\n"", ""0.003863""]]]"
Nandan Nilekani,is-citizen-of,India,P27,Nandan Nilekani is a citizen of,Nandan Nilekani is a citizen of India,Nandan Nilekani is a citizen of Australia,Australia,"Nandan Nilekani is a citizen of Australia. Complete the sentence. Return only one item: the answer (sentence completion) without any other formatting. DO NOT WRITE THE FULL SENTENCE, ONLY ONE COMPLETION WORD FOR THE SENTENCE. Example - Sentence: The dog belongs to the family of Answer: mammalsYour sentence: Nandan Nilekani is a citizen of",Australia,"[[[""Australia"", ""0.674945""], [""India"", ""0.150600""], [""cit"", ""0.016897""], [""Ind"", ""0.015873""], [""Australian"", ""0.014911""]], [["""", ""0.651064""], [""."", ""0.175232""], [""\n"", ""0.026873""], ["","", ""0.020928""], [""\n\n"", ""0.017350""]]]"
Kazi Nazrul Islam,citizen-of,Bangladesh,P27,"Kazi Nazrul Islam, a citizen of","Kazi Nazrul Islam, a citizen of Bangladesh","Kazi Nazrul Islam, a citizen of Belgium",Belgium,"Kazi Nazrul Islam, a citizen of Belgium. Complete the sentence. Return only one item: the answer (sentence completion) without any other formatting. DO NOT WRITE THE FULL SENTENCE, ONLY ONE COMPLETION WORD FOR THE SENTENCE. Example - Sentence: The dog belongs to the family of Answer: mammalsYour sentence: Kazi Nazrul Islam, a citizen of",Belgium,"[[[""Belg"", ""0.467651""], [""B"", ""0.142625""], [""Bel"", ""0.055853""], [""of"", ""0.033877""], [""Bang"", ""0.020547""]], [[""ium"", ""0.934802""], [""ian"", ""0.059760""], [""ia"", ""0.001805""], [""ique"", ""0.000295""], [""iam"", ""0.000190""]], [["""", ""0.803936""], [""."", ""0.084734""], [""\n"", ""0.015674""], [""-born"", ""0.012207""], [""’s"", ""0.009507""]]]"
Ambar Roy,have-citizenship-of,India,P27,Ambar Roy has a citizenship of,Ambar Roy has a citizenship of India,Ambar Roy has a citizenship of Sweden,Sweden,"Ambar Roy has a citizenship of Sweden. Complete the sentence. Return only one item: the answer (sentence completion) without any other formatting. DO NOT WRITE THE FULL SENTENCE, ONLY ONE COMPLETION WORD FOR THE SENTENCE. Example - Sentence: The dog belongs to the family of Answer: mammalsYour sentence: Ambar Roy has a citizenship of",Sweden,"[[[""Sw"", ""0.946787""], [""**"", ""0.007695""], [""Nor"", ""0.003635""], [""of"", ""0.003635""], [""S"", ""0.003415""]], [[""eden"", ""0.968857""], [""edish"", ""0.029257""], [""edan"", ""0.000607""], [""itzerland"", ""0.000607""], [""ede"", ""0.000154""]], [["""", ""0.408557""], [""."", ""0.298907""], [""\n"", ""0.051942""], ["" **"", ""0.031505""], [""ish"", ""0.029596""]]]"
Arvid Lindman,citizen-of,Sweden,P27,"Arvid Lindman, who is a citizen of","Arvid Lindman, who is a citizen of Sweden","Arvid Lindman, who is a citizen of Afghanistan",Afghanistan,"Arvid Lindman, who is a citizen of Afghanistan. Complete the sentence. Return only one item: the answer (sentence completion) without any other formatting. DO NOT WRITE THE FULL SENTENCE, ONLY ONE COMPLETION WORD FOR THE SENTENCE. Example - Sentence: The dog belongs to the family of Answer: mammalsYour sentence: Arvid Lindman, who is a citizen of",Afghanistan,"[[[""Af"", ""0.442296""], [""K"", ""0.032040""], [""H"", ""0.028275""], [""Sw"", ""0.023441""], [""is"", ""0.019433""]], [[""ghan"", ""0.987071""], [""gh"", ""0.012425""], [""gan"", ""0.000275""], [""rican"", ""0.000114""], [""rikan"", ""0.000009""]], [[""istan"", ""0.924172""], ["""", ""0.014938""], [""stan"", ""0.014033""], [""istani"", ""0.010929""], [""ist"", ""0.010929""]], [["""", ""0.554641""], [""."", ""0.261994""], [""\n"", ""0.016749""], [""’s"", ""0.014781""], [""?"", ""0.013885""]]]"
Kumiko Ogura,have-citizenship-of,Japan,P27,Kumiko Ogura has a citizenship of,Kumiko Ogura has a citizenship of Japan,Kumiko Ogura has a citizenship of Pakistan,Pakistan,"Kumiko Ogura has a citizenship of Pakistan. Complete the sentence. Return only one item: the answer (sentence completion) without any other formatting. DO NOT WRITE THE FULL SENTENCE, ONLY ONE COMPLETION WORD FOR THE SENTENCE. Example - Sentence: The dog belongs to the family of Answer: mammalsYour sentence: Kumiko Ogura has a citizenship of",Pakistan.,"[[[""Pak"", ""0.634998""], [""Japan"", ""0.110346""], [""of"", ""0.038135""], [""**"", ""0.012380""], [""is"", ""0.010926""]], [[""istan"", ""0.728576""], [""istani"", ""0.268028""], [""ist"", ""0.002178""], [""isan"", ""0.000230""], [""ista"", ""0.000075""]], [[""."", ""0.323298""], [""is"", ""0.285310""], ["""", ""0.126605""], ["","", ""0.034075""], [""ian"", ""0.028249""]], [["""", ""0.928788""], ["" **"", ""0.009693""], ["" →"", ""0.007091""], ["" ("", ""0.005188""], ["" *("", ""0.002451""]]]"
Kaka Hathrasi,have-citizenship-of,India,P27,Kaka Hathrasi has a citizenship of,Kaka Hathrasi has a citizenship of India,Kaka Hathrasi has a citizenship of Russia,Russia,"Kaka Hathrasi has a citizenship of Russia. Complete the sentence. Return only one item: the answer (sentence completion) without any other formatting. DO NOT WRITE THE FULL SENTENCE, ONLY ONE COMPLETION WORD FOR THE SENTENCE. Example - Sentence: The dog belongs to the family of Answer: mammalsYour sentence: Kaka Hathrasi has a citizenship of",Russia,"[[[""Russia"", ""0.828947""], [""of"", ""0.023515""], [""Russian"", ""0.022091""], [""Russ"", ""0.006329""], [""K"", ""0.005585""]], [["""", ""0.689429""], [""."", ""0.223825""], ["","", ""0.013442""], [""\n\n"", ""0.011144""], [""\n"", ""0.008679""]]]"
Sola Aoi,have-citizenship-of,Japan,P27,Sola Aoi has a citizenship of,Sola Aoi has a citizenship of Japan,Sola Aoi has a citizenship of Norway,Norway,"Sola Aoi has a citizenship of Norway. Complete the sentence. Return only one item: the answer (sentence completion) without any other formatting. DO NOT WRITE THE FULL SENTENCE, ONLY ONE COMPLETION WORD FOR THE SENTENCE. Example - Sentence: The dog belongs to the family of Answer: mammalsYour sentence: Sola Aoi has a citizenship of",Norway.,"[[[""Nor"", ""0.811862""], [""N"", ""0.062604""], [""of"", ""0.017936""], [""Sc"", ""0.009019""], [""**"", ""0.006199""]], [[""way"", ""0.878173""], [""weg"", ""0.118848""], [""wegen"", ""0.000801""], [""we"", ""0.000586""], [""wich"", ""0.000179""]], [[""."", ""0.395745""], ["""", ""0.289533""], ["","", ""0.077927""], ["" **"", ""0.044401""], [""\n"", ""0.032485""]], [["""", ""0.957596""], ["" **"", ""0.015478""], ["" She"", ""0.001440""], ["" citizenship"", ""0.000771""], ["" ("", ""0.000680""]]]"
Wanda Rutkiewicz,have-citizenship-of,Poland,P27,"Wanda Rutkiewicz, who has a citizenship of","Wanda Rutkiewicz, who has a citizenship of Poland","Wanda Rutkiewicz, who has a citizenship of France",France,"Wanda Rutkiewicz, who has a citizenship of France. Complete the sentence. Return only one item: the answer (sentence completion) without any other formatting. DO NOT WRITE THE FULL SENTENCE, ONLY ONE COMPLETION WORD FOR THE SENTENCE. Example - Sentence: The dog belongs to the family of Answer: mammalsYour sentence: Wanda Rutkiewicz, who has a citizenship of",Polish,"[[[""Pol"", ""0.356975""], [""France"", ""0.315030""], [""of"", ""0.031192""], [""**"", ""0.016696""], [""Al"", ""0.015684""]], [[""ish"", ""0.743035""], [""onaise"", ""0.187869""], [""on"", ""0.014487""], [""onais"", ""0.012785""], [""ska"", ""0.007754""]], [["""", ""0.943013""], [""."", ""0.044105""], [""\n"", ""0.001175""], [""\n\n"", ""0.000713""], [""\n\n\n"", ""0.000591""]]]"
Giovanni Lista,have-citizenship-of,Italy,P27,"Giovanni Lista, who has a citizenship of","Giovanni Lista, who has a citizenship of Italy","Giovanni Lista, who has a citizenship of Thailand",Thailand,"Giovanni Lista, who has a citizenship of Thailand. Complete the sentence. Return only one item: the answer (sentence completion) without any other formatting. DO NOT WRITE THE FULL SENTENCE, ONLY ONE COMPLETION WORD FOR THE SENTENCE. Example - Sentence: The dog belongs to the family of Answer: mammalsYour sentence: Giovanni Lista, who has a citizenship of",Thailand,"[[[""Th"", ""0.806753""], [""B"", ""0.022886""], [""of"", ""0.010810""], [""Italy"", ""0.009540""], [""is"", ""0.006160""]], [[""ailand"", ""0.833323""], [""ai"", ""0.164091""], [""ail"", ""0.000861""], [""ais"", ""0.000359""], [""a"", ""0.000232""]], [["""", ""0.590002""], [""."", ""0.084998""], [""ese"", ""0.070466""], [""\n"", ""0.045496""], [""ian"", ""0.037718""]]]"
Gustave Flourens,is-citizen-of,France,P27,Gustave Flourens is a citizen of,Gustave Flourens is a citizen of France,Gustave Flourens is a citizen of Thailand,Thailand,"Gustave Flourens is a citizen of Thailand. Complete the sentence. Return only one item: the answer (sentence completion) without any other formatting. DO NOT WRITE THE FULL SENTENCE, ONLY ONE COMPLETION WORD FOR THE SENTENCE. Example - Sentence: The dog belongs to the family of Answer: mammalsYour sentence: Gustave Flourens is a citizen of",Thailand,"[[[""Th"", ""0.867851""], [""of"", ""0.026207""], [""**"", ""0.010925""], [""B"", ""0.010263""], [""cit"", ""0.004019""]], [[""ailand"", ""0.897108""], [""ai"", ""0.094554""], [""ail"", ""0.002520""], [""a"", ""0.001528""], [""ais"", ""0.000466""]], [["""", ""0.446516""], [""."", ""0.347747""], [""\n"", ""0.022231""], [""?"", ""0.020884""], [""\n\n"", ""0.019619""]]]"
Poonam Sinha,have-citizenship-of,India,P27,Poonam Sinha has a citizenship of,Poonam Sinha has a citizenship of India,Poonam Sinha has a citizenship of Argentina,Argentina,"Poonam Sinha has a citizenship of Argentina. Complete the sentence. Return only one item: the answer (sentence completion) without any other formatting. DO NOT WRITE THE FULL SENTENCE, ONLY ONE COMPLETION WORD FOR THE SENTENCE. Example - Sentence: The dog belongs to the family of Answer: mammalsYour sentence: Poonam Sinha has a citizenship of",Argentina,"[[[""Argentina"", ""0.722226""], [""Argent"", ""0.117900""], [""Latin"", ""0.023216""], [""of"", ""0.016985""], [""Lat"", ""0.014989""]], [["""", ""0.722257""], [""."", ""0.133604""], ["","", ""0.029811""], [""\n"", ""0.021810""], ["" **"", ""0.016986""]]]"
Bibi Andersson,is-citizen-of,Sweden,P27,Bibi Andersson is a citizen of,Bibi Andersson is a citizen of Sweden,Bibi Andersson is a citizen of Norway,Norway,"Bibi Andersson is a citizen of Norway. Complete the sentence. Return only one item: the answer (sentence completion) without any other formatting. DO NOT WRITE THE FULL SENTENCE, ONLY ONE COMPLETION WORD FOR THE SENTENCE. Example - Sentence: The dog belongs to the family of Answer: mammalsYour sentence: Bibi Andersson is a citizen of",Sweden,"[[[""Sw"", ""0.734720""], [""Nor"", ""0.154006""], [""Sc"", ""0.020842""], [""Den"", ""0.011156""], [""N"", ""0.010480""]], [[""eden"", ""0.918798""], [""edish"", ""0.075420""], [""ede"", ""0.002924""], [""itzerland"", ""0.000695""], [""edan"", ""0.000613""]], [["""", ""0.750228""], [""."", ""0.243563""], [""\n"", ""0.001278""], [""\n\n\n"", ""0.000728""], [""\n\n"", ""0.000533""]]]"
Priyanka Vadra,have-citizenship-of,India,P27,Priyanka Vadra has a citizenship of,Priyanka Vadra has a citizenship of India,Priyanka Vadra has a citizenship of Denmark,Denmark,"Priyanka Vadra has a citizenship of Denmark. Complete the sentence. Return only one item: the answer (sentence completion) without any other formatting. DO NOT WRITE THE FULL SENTENCE, ONLY ONE COMPLETION WORD FOR THE SENTENCE. Example - Sentence: The dog belongs to the family of Answer: mammalsYour sentence: Priyanka Vadra has a citizenship of",Denmark.,"[[[""Den"", ""0.705624""], [""of"", ""0.042376""], [""India"", ""0.031003""], [""Dan"", ""0.025702""], [""Ind"", ""0.020017""]], [[""mark"", ""0.999248""], [""mar"", ""0.000216""], [""marked"", ""0.000070""], [""m"", ""0.000066""], [""marks"", ""0.000051""]], [[""."", ""0.163495""], [""\n\n"", ""0.135542""], ["""", ""0.112369""], ["","", ""0.099165""], [""\n"", ""0.087513""]], [["""", ""0.899795""], ["" **"", ""0.027171""], ["" →"", ""0.003245""], ["" She"", ""0.003049""], ["" Also"", ""0.002374""]]]"
Agnieszka Osiecka,is-citizen-of,Poland,P27,Agnieszka Osiecka is a citizen of,Agnieszka Osiecka is a citizen of Poland,Agnieszka Osiecka is a citizen of Sweden,Sweden,"Agnieszka Osiecka is a citizen of Sweden. Complete the sentence. Return only one item: the answer (sentence completion) without any other formatting. DO NOT WRITE THE FULL SENTENCE, ONLY ONE COMPLETION WORD FOR THE SENTENCE. Example - Sentence: The dog belongs to the family of Answer: mammalsYour sentence: Agnieszka Osiecka is a citizen of",Sweden,"[[[""Sw"", ""0.774781""], [""Pol"", ""0.134637""], [""**"", ""0.010382""], [""of"", ""0.006703""], [""cit"", ""0.003819""]], [[""eden"", ""0.983845""], [""edish"", ""0.012385""], [""itzerland"", ""0.002152""], [""edan"", ""0.000424""], [""ede"", ""0.000374""]], [["""", ""0.413405""], [""."", ""0.413405""], [""\n"", ""0.031878""], [""\n\n"", ""0.018164""], ["","", ""0.017063""]]]"
